window,base,rule,template,side,regime,hold_5m,leverage,trades,profit_ratio_sum,profit_pct_sum,avg_trade_pct,wins,losses,winrate_pct,profit_factor
2023H2,ADA,ADA:panic_snapback:long:market_contra:h12:l4,panic_snapback,long,market_contra,12,4.0,34,0.5332523656205663,53.32523656205663,1.5683893106487243,20,14,58.82352941176471,2.6908796438918703
2024,ADA,ADA:panic_snapback:long:market_contra:h12:l4,panic_snapback,long,market_contra,12,4.0,107,-0.24148145537701193,-24.148145537701193,-0.22568360315608593,57,50,53.271028037383175,0.9105166098548181
2025,ADA,ADA:panic_snapback:long:market_contra:h12:l4,panic_snapback,long,market_contra,12,4.0,104,0.13111728648314713,13.111728648314713,0.12607431392610302,58,46,55.769230769230774,1.0686643549526247
2026_01_05,ADA,ADA:panic_snapback:long:market_contra:h12:l4,panic_snapback,long,market_contra,12,4.0,27,-0.04156168642289071,-4.156168642289071,-0.15393217193663225,11,16,40.74074074074074,0.9075478272631647
2023H2,ADA,ADA:panic_snapback:short:market_contra:h12:l4,panic_snapback,short,market_contra,12,4.0,35,-0.26601401967333915,-26.601401967333913,-0.7600400562095404,16,19,45.714285714285715,0.5110221576288678
2024,ADA,ADA:panic_snapback:short:market_contra:h12:l4,panic_snapback,short,market_contra,12,4.0,74,-0.4624705187917941,-46.24705187917941,-0.6249601605294516,42,32,56.75675675675676,0.7375630809577111
2025,ADA,ADA:panic_snapback:short:market_contra:h12:l4,panic_snapback,short,market_contra,12,4.0,86,-0.03529362876128728,-3.5293628761287277,-0.041039103210799156,39,47,45.348837209302324,0.9782398029729278
2026_01_05,ADA,ADA:panic_snapback:short:market_contra:h12:l4,panic_snapback,short,market_contra,12,4.0,24,-0.14760138752477792,-14.760138752477792,-0.6150057813532412,13,11,54.166666666666664,0.7042453462398075
2023H2,ADA,ADA:rsi_reversion:long:local_chop:h24:l4,rsi_reversion,long,local_chop,24,4.0,44,-0.29740147971933206,-29.740147971933204,-0.6759124539075728,24,20,54.54545454545454,0.7117291759011204
2024,ADA,ADA:rsi_reversion:long:local_chop:h24:l4,rsi_reversion,long,local_chop,24,4.0,101,-0.39042637167057626,-39.04263716705763,-0.38656076403027356,47,54,46.53465346534654,0.8057511773159387
2025,ADA,ADA:rsi_reversion:long:local_chop:h24:l4,rsi_reversion,long,local_chop,24,4.0,100,0.6272848426505631,62.72848426505631,0.6272848426505631,61,39,61.0,1.2687599668465184
2026_01_05,ADA,ADA:rsi_reversion:long:local_chop:h24:l4,rsi_reversion,long,local_chop,24,4.0,25,-0.2057765170575907,-20.57765170575907,-0.8231060682303628,12,13,48.0,0.48760956462076177
2023H2,ADA,ADA:rsi_reversion:short:local_chop:h24:l4,rsi_reversion,short,local_chop,24,4.0,27,0.12860366054086336,12.860366054086336,0.47630985385504954,16,11,59.25925925925925,1.3445000714622966
2024,ADA,ADA:rsi_reversion:short:local_chop:h24:l4,rsi_reversion,short,local_chop,24,4.0,49,-0.08142935922613415,-8.142935922613415,-0.16618236576762072,25,24,51.02040816326531,0.925118850002847
2025,ADA,ADA:rsi_reversion:short:local_chop:h24:l4,rsi_reversion,short,local_chop,24,4.0,86,0.03914736627009763,3.9147366270097628,0.04552019333732282,39,47,45.348837209302324,1.0268278311537067
2026_01_05,ADA,ADA:rsi_reversion:short:local_chop:h24:l4,rsi_reversion,short,local_chop,24,4.0,32,0.44832345853603384,44.832345853603385,1.4010108079251058,21,11,65.625,2.5078110821256105
2023H2,ADA,ADA:micro_momentum:long:market_chop:h18:l5,micro_momentum,long,market_chop,18,5.0,62,-0.32272242433328713,-32.272242433328714,-0.5205200392472373,27,35,43.54838709677419,0.7962179705477072
2024,ADA,ADA:micro_momentum:long:market_chop:h18:l5,micro_momentum,long,market_chop,18,5.0,109,0.22416406542340117,22.416406542340116,0.20565510589302857,53,56,48.62385321100918,1.090666062611227
2025,ADA,ADA:micro_momentum:long:market_chop:h18:l5,micro_momentum,long,market_chop,18,5.0,137,-0.4396266685700889,-43.96266685700889,-0.32089537851831307,58,79,42.33576642335766,0.8700114769682314
2026_01_05,ADA,ADA:micro_momentum:long:market_chop:h18:l5,micro_momentum,long,market_chop,18,5.0,34,0.22294755283379264,22.294755283379263,0.6557280965699783,20,14,58.82352941176471,1.476844715391129
2023H2,ADA,ADA:micro_momentum:short:market_chop:h18:l5,micro_momentum,short,market_chop,18,5.0,51,0.5558467425550939,55.58467425550939,1.089895573637439,31,20,60.78431372549019,1.9515067981811163
2024,ADA,ADA:micro_momentum:short:market_chop:h18:l5,micro_momentum,short,market_chop,18,5.0,180,1.2537791687927595,125.37791687927596,0.6965439826626442,85,95,47.22222222222222,1.4461344447916666
2025,ADA,ADA:micro_momentum:short:market_chop:h18:l5,micro_momentum,short,market_chop,18,5.0,171,0.7746974618294383,77.46974618294384,0.45303945136224466,80,91,46.783625730994146,1.2310911290982116
2026_01_05,ADA,ADA:micro_momentum:short:market_chop:h18:l5,micro_momentum,short,market_chop,18,5.0,51,0.01770383026667599,1.770383026667599,0.034713392679756844,25,26,49.01960784313725,1.0296076180652594
2023H2,ADA,ADA:vwap_reclaim:long:market_contra:h18:l5,vwap_reclaim,long,market_contra,18,5.0,35,-0.3421813112760791,-34.21813112760791,-0.9776608893602259,16,19,45.714285714285715,0.5555299376893352
2024,ADA,ADA:vwap_reclaim:long:market_contra:h18:l5,vwap_reclaim,long,market_contra,18,5.0,55,-0.31733562134140914,-31.733562134140914,-0.5769738569843802,24,31,43.63636363636363,0.7945964756361611
2025,ADA,ADA:vwap_reclaim:long:market_contra:h18:l5,vwap_reclaim,long,market_contra,18,5.0,32,0.04875736182830215,4.875736182830215,0.1523667557134442,18,14,56.25,1.0651777638797237
2026_01_05,ADA,ADA:vwap_reclaim:long:market_contra:h18:l5,vwap_reclaim,long,market_contra,18,5.0,15,0.08629526724573122,8.629526724573122,0.5753017816382082,9,6,60.0,1.2740427657983282
2023H2,ADA,ADA:vwap_reclaim:short:market_contra:h18:l5,vwap_reclaim,short,market_contra,18,5.0,20,-0.0683146017343661,-6.83146017343661,-0.3415730086718305,9,11,45.0,0.7865023931019193
2024,ADA,ADA:vwap_reclaim:short:market_contra:h18:l5,vwap_reclaim,short,market_contra,18,5.0,62,-0.06042738196714581,-6.042738196714581,-0.09746351930184809,29,33,46.774193548387096,0.9621419470184427
2025,ADA,ADA:vwap_reclaim:short:market_contra:h18:l5,vwap_reclaim,short,market_contra,18,5.0,45,0.09583607429001939,9.583607429001939,0.21296905397782087,23,22,51.11111111111111,1.100176699120635
2026_01_05,ADA,ADA:vwap_reclaim:short:market_contra:h18:l5,vwap_reclaim,short,market_contra,18,5.0,26,-0.1914742331189978,-19.14742331189978,-0.7364393581499915,15,11,57.692307692307686,0.6095673311003528
2023H2,ADA,ADA:range_breakout:long:market_aligned:h24:l4,range_breakout,long,market_aligned,24,4.0,147,1.0721255234444271,107.21255234444271,0.7293370907785219,66,81,44.89795918367347,1.5899588015315964
2024,ADA,ADA:range_breakout:long:market_aligned:h24:l4,range_breakout,long,market_aligned,24,4.0,299,0.18548183276349617,18.54818327634962,0.0620340577804335,125,174,41.80602006688963,1.0294254653319876
2025,ADA,ADA:range_breakout:long:market_aligned:h24:l4,range_breakout,long,market_aligned,24,4.0,269,0.9792391569903596,97.92391569903596,0.36402942639046826,131,138,48.698884758364315,1.2271881845847274
2026_01_05,ADA,ADA:range_breakout:long:market_aligned:h24:l4,range_breakout,long,market_aligned,24,4.0,106,-0.5408584582575786,-54.08584582575786,-0.5102438285448855,48,58,45.28301886792453,0.7328795334511122
2023H2,ADA,ADA:range_breakout:short:market_aligned:h24:l4,range_breakout,short,market_aligned,24,4.0,137,-1.2384761714020045,-123.84761714020046,-0.9039972054029229,53,84,38.68613138686132,0.5737021176935759
2024,ADA,ADA:range_breakout:short:market_aligned:h24:l4,range_breakout,short,market_aligned,24,4.0,277,-0.3646793440822709,-36.46793440822709,-0.13165319280948407,117,160,42.238267148014444,0.9378867286529382
2025,ADA,ADA:range_breakout:short:market_aligned:h24:l4,range_breakout,short,market_aligned,24,4.0,296,1.614285344175344,161.4285344175344,0.5453666703295081,146,150,49.32432432432432,1.2469384210538654
2026_01_05,ADA,ADA:range_breakout:short:market_aligned:h24:l4,range_breakout,short,market_aligned,24,4.0,113,-0.7616967513685937,-76.16967513685937,-0.6740679215651272,47,66,41.5929203539823,0.6765810109682739
2023H2,ADA,ADA:stoch_turn:long:local_trend:h24:l4,stoch_turn,long,local_trend,24,4.0,44,0.1300446758859075,13.004467588590751,0.29555608155888075,22,22,50.0,1.2439918392428677
2024,ADA,ADA:stoch_turn:long:local_trend:h24:l4,stoch_turn,long,local_trend,24,4.0,55,-0.3901896933403224,-39.018969334032235,-0.7094358060733134,23,32,41.81818181818181,0.6410717458130847
2025,ADA,ADA:stoch_turn:long:local_trend:h24:l4,stoch_turn,long,local_trend,24,4.0,51,0.23710533615683893,23.710533615683893,0.4649124238369391,28,23,54.90196078431373,1.3676905308507556
2026_01_05,ADA,ADA:stoch_turn:long:local_trend:h24:l4,stoch_turn,long,local_trend,24,4.0,19,0.15861913575393372,15.861913575393372,0.8348375565996512,9,10,47.368421052631575,2.0059163899001766
2023H2,ADA,ADA:stoch_turn:short:local_trend:h24:l4,stoch_turn,short,local_trend,24,4.0,20,0.3533128148473921,35.33128148473921,1.7665640742369604,14,6,70.0,3.3994150543942228
2024,ADA,ADA:stoch_turn:short:local_trend:h24:l4,stoch_turn,short,local_trend,24,4.0,32,0.2424242274231121,24.24242274231121,0.7575757106972253,17,15,53.125,1.4374116827295889
2025,ADA,ADA:stoch_turn:short:local_trend:h24:l4,stoch_turn,short,local_trend,24,4.0,63,0.21773840839628944,21.773840839628946,0.34561652126395154,28,35,44.44444444444444,1.193522824955106
2026_01_05,ADA,ADA:stoch_turn:short:local_trend:h24:l4,stoch_turn,short,local_trend,24,4.0,16,0.04856516597870986,4.856516597870986,0.3035322873669366,9,7,56.25,1.2017729569264333
2023H2,DOT,DOT:panic_snapback:long:market_contra:h12:l4,panic_snapback,long,market_contra,12,4.0,25,0.22851098280135984,22.851098280135986,0.9140439312054393,15,10,60.0,1.6978084550693484
2024,DOT,DOT:panic_snapback:long:market_contra:h12:l4,panic_snapback,long,market_contra,12,4.0,99,-1.0428344136026215,-104.28344136026215,-1.0533680945481025,52,47,52.52525252525253,0.6285395250614079
2025,DOT,DOT:panic_snapback:long:market_contra:h12:l4,panic_snapback,long,market_contra,12,4.0,91,1.4929013753431448,149.29013753431448,1.6405509619155438,49,42,53.84615384615385,2.348975612750143
2026_01_05,DOT,DOT:panic_snapback:long:market_contra:h12:l4,panic_snapback,long,market_contra,12,4.0,32,0.30648317638306066,30.648317638306068,0.9577599261970646,16,16,50.0,1.7086776471020133
2023H2,DOT,DOT:panic_snapback:short:market_contra:h12:l4,panic_snapback,short,market_contra,12,4.0,33,-0.04839685510978242,-4.839685510978242,-0.14665713669631036,16,17,48.484848484848484,0.9075965144041825
2024,DOT,DOT:panic_snapback:short:market_contra:h12:l4,panic_snapback,short,market_contra,12,4.0,67,0.42382384339913415,42.382384339913415,0.6325729005957227,35,32,52.23880597014925,1.5173835971030358
2025,DOT,DOT:panic_snapback:short:market_contra:h12:l4,panic_snapback,short,market_contra,12,4.0,52,-0.48561583925011886,-48.56158392501189,-0.9338766139425362,23,29,44.230769230769226,0.6137521122358705
2026_01_05,DOT,DOT:panic_snapback:short:market_contra:h12:l4,panic_snapback,short,market_contra,12,4.0,25,0.19531169767103052,19.53116976710305,0.7812467906841221,14,11,56.00000000000001,1.4752205947271697
2023H2,DOT,DOT:rsi_reversion:long:local_chop:h24:l4,rsi_reversion,long,local_chop,24,4.0,46,0.0052905874544944,0.52905874544944,0.011501277074987826,27,19,58.69565217391305,1.006760808434817
2024,DOT,DOT:rsi_reversion:long:local_chop:h24:l4,rsi_reversion,long,local_chop,24,4.0,95,0.7663525340615989,76.63525340615989,0.8066868779595778,48,47,50.526315789473685,1.3954532596544869
2025,DOT,DOT:rsi_reversion:long:local_chop:h24:l4,rsi_reversion,long,local_chop,24,4.0,89,-0.454418359291092,-45.441835929109196,-0.5105824261697662,40,49,44.9438202247191,0.7791150149396633
2026_01_05,DOT,DOT:rsi_reversion:long:local_chop:h24:l4,rsi_reversion,long,local_chop,24,4.0,35,-0.04356625228037059,-4.356625228037059,-0.12447500651534453,18,17,51.42857142857142,0.9297529396956478
2023H2,DOT,DOT:rsi_reversion:short:local_chop:h24:l4,rsi_reversion,short,local_chop,24,4.0,19,-0.16160747912333528,-16.160747912333527,-0.8505656795965014,7,12,36.84210526315789,0.512903694426913
2024,DOT,DOT:rsi_reversion:short:local_chop:h24:l4,rsi_reversion,short,local_chop,24,4.0,59,0.6310565109450943,63.105651094509426,1.0695873066866006,32,27,54.23728813559322,1.8283803345049863
2025,DOT,DOT:rsi_reversion:short:local_chop:h24:l4,rsi_reversion,short,local_chop,24,4.0,51,0.5484924388738639,54.84924388738639,1.0754753703409095,31,20,60.78431372549019,1.8655762065240762
2026_01_05,DOT,DOT:rsi_reversion:short:local_chop:h24:l4,rsi_reversion,short,local_chop,24,4.0,30,1.0035379894031005,100.35379894031004,3.345126631343668,19,11,63.33333333333333,4.921768489076354
2023H2,DOT,DOT:micro_momentum:long:market_chop:h18:l5,micro_momentum,long,market_chop,18,5.0,52,0.04469083994940837,4.469083994940837,0.08594392297963147,22,30,42.30769230769231,1.0407353939108681
2024,DOT,DOT:micro_momentum:long:market_chop:h18:l5,micro_momentum,long,market_chop,18,5.0,105,0.13183967468087088,13.183967468087088,0.12556159493416272,51,54,48.57142857142857,1.0515003346900669
2025,DOT,DOT:micro_momentum:long:market_chop:h18:l5,micro_momentum,long,market_chop,18,5.0,148,-0.3831469420937028,-38.31469420937028,-0.2588830689822316,63,85,42.567567567567565,0.8886207913059565
2026_01_05,DOT,DOT:micro_momentum:long:market_chop:h18:l5,micro_momentum,long,market_chop,18,5.0,54,-0.6561357126915734,-65.61357126915735,-1.2150661346140248,22,32,40.74074074074074,0.49135813384735466
2023H2,DOT,DOT:micro_momentum:short:market_chop:h18:l5,micro_momentum,short,market_chop,18,5.0,60,0.1439490580869296,14.39490580869296,0.23991509681154932,33,27,55.00000000000001,1.1615391075606283
2024,DOT,DOT:micro_momentum:short:market_chop:h18:l5,micro_momentum,short,market_chop,18,5.0,165,1.4660351943084478,146.60351943084478,0.8885061783687562,85,80,51.515151515151516,1.574156431469483
2025,DOT,DOT:micro_momentum:short:market_chop:h18:l5,micro_momentum,short,market_chop,18,5.0,164,0.5088289985301282,50.882899853012816,0.31026158446959035,80,84,48.78048780487805,1.1591908816896168
2026_01_05,DOT,DOT:micro_momentum:short:market_chop:h18:l5,micro_momentum,short,market_chop,18,5.0,56,-0.2964389803186368,-29.64389803186368,-0.5293553219975657,24,32,42.857142857142854,0.7229819252495215
2023H2,DOT,DOT:vwap_reclaim:long:market_contra:h18:l5,vwap_reclaim,long,market_contra,18,5.0,22,-0.25744735781563943,-25.744735781563943,-1.170215262798361,12,10,54.54545454545454,0.38890523357046874
2024,DOT,DOT:vwap_reclaim:long:market_contra:h18:l5,vwap_reclaim,long,market_contra,18,5.0,40,-0.04174657918233571,-4.174657918233571,-0.10436644795583927,22,18,55.00000000000001,0.9523891887472123
2025,DOT,DOT:vwap_reclaim:long:market_contra:h18:l5,vwap_reclaim,long,market_contra,18,5.0,37,0.6635521038046965,66.35521038046966,1.7933840643370176,23,14,62.16216216216216,1.9007620375678185
2026_01_05,DOT,DOT:vwap_reclaim:long:market_contra:h18:l5,vwap_reclaim,long,market_contra,18,5.0,25,0.33393857230353097,33.3938572303531,1.3357542892141239,15,10,60.0,2.0068305913237006
2023H2,DOT,DOT:vwap_reclaim:short:market_contra:h18:l5,vwap_reclaim,short,market_contra,18,5.0,20,-0.08380755904345893,-8.380755904345893,-0.4190377952172947,8,12,40.0,0.7818934698680402
2024,DOT,DOT:vwap_reclaim:short:market_contra:h18:l5,vwap_reclaim,short,market_contra,18,5.0,66,0.3549489113528237,35.49489113528237,0.5378013808376116,34,32,51.515151515151516,1.2156370685010875
2025,DOT,DOT:vwap_reclaim:short:market_contra:h18:l5,vwap_reclaim,short,market_contra,18,5.0,57,0.6079551146558121,60.79551146558121,1.0665879204487931,29,28,50.877192982456144,1.7231363482919881
2026_01_05,DOT,DOT:vwap_reclaim:short:market_contra:h18:l5,vwap_reclaim,short,market_contra,18,5.0,28,0.04140948852186632,4.140948852186632,0.14789103043523685,14,14,50.0,1.123687147305095
2023H2,DOT,DOT:range_breakout:long:market_aligned:h24:l4,range_breakout,long,market_aligned,24,4.0,145,0.7802110361081036,78.02110361081036,0.5380765766262783,65,80,44.827586206896555,1.4140887076492619
2024,DOT,DOT:range_breakout:long:market_aligned:h24:l4,range_breakout,long,market_aligned,24,4.0,308,0.052905652712255336,5.2905652712255336,0.017177159971511473,145,163,47.07792207792208,1.0095823471470724
2025,DOT,DOT:range_breakout:long:market_aligned:h24:l4,range_breakout,long,market_aligned,24,4.0,251,-0.8825492493656597,-88.25492493656597,-0.35161324675922695,113,138,45.0199203187251,0.8134903790752572
2026_01_05,DOT,DOT:range_breakout:long:market_aligned:h24:l4,range_breakout,long,market_aligned,24,4.0,83,-0.35653743619168443,-35.653743619168445,-0.4295631761345595,36,47,43.373493975903614,0.8163774464704536
2023H2,DOT,DOT:range_breakout:short:market_aligned:h24:l4,range_breakout,short,market_aligned,24,4.0,132,-0.8995332513730636,-89.95332513730636,-0.681464584373533,48,84,36.36363636363637,0.6503376286350173
2024,DOT,DOT:range_breakout:short:market_aligned:h24:l4,range_breakout,short,market_aligned,24,4.0,228,-0.4091844916325815,-40.91844916325815,-0.17946688229499191,98,130,42.98245614035088,0.9158431488516913
2025,DOT,DOT:range_breakout:short:market_aligned:h24:l4,range_breakout,short,market_aligned,24,4.0,259,0.2306953315345508,23.06953315345508,0.08907155657704664,113,146,43.62934362934363,1.0438744898025927
2026_01_05,DOT,DOT:range_breakout:short:market_aligned:h24:l4,range_breakout,short,market_aligned,24,4.0,105,0.8636205653927829,86.36205653927829,0.8224957765645552,56,49,53.333333333333336,1.6484722555677278
2023H2,DOT,DOT:stoch_turn:long:local_trend:h24:l4,stoch_turn,long,local_trend,24,4.0,38,0.33244912069583954,33.244912069583954,0.8748661070943144,28,10,73.68421052631578,2.8058717407037204
2024,DOT,DOT:stoch_turn:long:local_trend:h24:l4,stoch_turn,long,local_trend,24,4.0,68,0.09782844465490514,9.782844465490514,0.1438653597866252,33,35,48.529411764705884,1.076464795102066
2025,DOT,DOT:stoch_turn:long:local_trend:h24:l4,stoch_turn,long,local_trend,24,4.0,46,-0.19672771467084882,-19.672771467084882,-0.4276689449366279,20,26,43.47826086956522,0.7999921149541358
2026_01_05,DOT,DOT:stoch_turn:long:local_trend:h24:l4,stoch_turn,long,local_trend,24,4.0,17,-0.030165730157796666,-3.0165730157796666,-0.177445471516451,10,7,58.82352941176471,0.85344987178913
2023H2,DOT,DOT:stoch_turn:short:local_trend:h24:l4,stoch_turn,short,local_trend,24,4.0,19,0.007263096621562326,0.7263096621562326,0.03822682432401225,8,11,42.10526315789473,1.0325631723437676
2024,DOT,DOT:stoch_turn:short:local_trend:h24:l4,stoch_turn,short,local_trend,24,4.0,40,0.12882315684637158,12.882315684637158,0.32205789211592895,20,20,50.0,1.1815744407112565
2025,DOT,DOT:stoch_turn:short:local_trend:h24:l4,stoch_turn,short,local_trend,24,4.0,43,0.08575529865005693,8.575529865005693,0.19943092709315563,22,21,51.162790697674424,1.151101809230608
2026_01_05,DOT,DOT:stoch_turn:short:local_trend:h24:l4,stoch_turn,short,local_trend,24,4.0,15,-0.01183803713575049,-1.183803713575049,-0.07892024757166993,7,8,46.666666666666664,0.9508140137564605
2023H2,ATOM,ATOM:panic_snapback:long:market_contra:h12:l4,panic_snapback,long,market_contra,12,4.0,34,0.16692249806059012,16.69224980605901,0.490948523707618,18,16,52.94117647058824,1.3623938723558988
2024,ATOM,ATOM:panic_snapback:long:market_contra:h12:l4,panic_snapback,long,market_contra,12,4.0,115,-0.2946483846239474,-29.464838462394738,-0.25621598662951944,63,52,54.78260869565217,0.892767473536134
2025,ATOM,ATOM:panic_snapback:long:market_contra:h12:l4,panic_snapback,long,market_contra,12,4.0,87,0.7015886230298052,70.15886230298052,0.8064237046319599,55,32,63.2183908045977,1.546096681185842
2026_01_05,ATOM,ATOM:panic_snapback:long:market_contra:h12:l4,panic_snapback,long,market_contra,12,4.0,17,0.11344183990278456,11.344183990278456,0.667304940604615,8,9,47.05882352941176,1.840101311767082
2023H2,ATOM,ATOM:panic_snapback:short:market_contra:h12:l4,panic_snapback,short,market_contra,12,4.0,22,-0.06875693469027588,-6.875693469027588,-0.31253152131943585,7,15,31.818181818181817,0.8103056610368621
2024,ATOM,ATOM:panic_snapback:short:market_contra:h12:l4,panic_snapback,short,market_contra,12,4.0,46,-0.22726728143079944,-22.726728143079946,-0.4940593074582596,24,22,52.17391304347826,0.7458055825097332
2025,ATOM,ATOM:panic_snapback:short:market_contra:h12:l4,panic_snapback,short,market_contra,12,4.0,53,-0.5581730909661644,-55.81730909661644,-1.0531567754078575,22,31,41.509433962264154,0.5765358149625583
2026_01_05,ATOM,ATOM:panic_snapback:short:market_contra:h12:l4,panic_snapback,short,market_contra,12,4.0,14,0.25865740051773,25.865740051773003,1.8475528608409286,10,4,71.42857142857143,5.7972846775122
2023H2,ATOM,ATOM:rsi_reversion:long:local_chop:h24:l4,rsi_reversion,long,local_chop,24,4.0,46,0.22757530352243194,22.757530352243194,0.49472892070093905,25,21,54.347826086956516,1.33499072131701
2024,ATOM,ATOM:rsi_reversion:long:local_chop:h24:l4,rsi_reversion,long,local_chop,24,4.0,103,0.7451245579087988,74.51245579087988,0.7234219008823289,62,41,60.19417475728155,1.3958079268931982
2025,ATOM,ATOM:rsi_reversion:long:local_chop:h24:l4,rsi_reversion,long,local_chop,24,4.0,71,-0.209401192618361,-20.9401192618361,-0.29493125720895913,38,33,53.52112676056338,0.8621561005936463
2026_01_05,ATOM,ATOM:rsi_reversion:long:local_chop:h24:l4,rsi_reversion,long,local_chop,24,4.0,19,0.31791964820652385,31.791964820652385,1.6732613063501256,12,7,63.1578947368421,2.7791176660707473
2023H2,ATOM,ATOM:rsi_reversion:short:local_chop:h24:l4,rsi_reversion,short,local_chop,24,4.0,26,0.116875480769429,11.6875480769429,0.4495210798824192,16,10,61.53846153846154,1.3391285911541262
2024,ATOM,ATOM:rsi_reversion:short:local_chop:h24:l4,rsi_reversion,short,local_chop,24,4.0,43,-0.7424708004786864,-74.24708004786864,-1.7266762801829916,17,26,39.53488372093023,0.45366371007493134
2025,ATOM,ATOM:rsi_reversion:short:local_chop:h24:l4,rsi_reversion,short,local_chop,24,4.0,56,0.8369212986423498,83.69212986423497,1.494502319004196,34,22,60.71428571428571,2.2399460990043085
2026_01_05,ATOM,ATOM:rsi_reversion:short:local_chop:h24:l4,rsi_reversion,short,local_chop,24,4.0,30,-0.35975289810916067,-35.97528981091607,-1.1991763270305356,14,16,46.666666666666664,0.452165495837851
2023H2,ATOM,ATOM:micro_momentum:long:market_chop:h18:l5,micro_momentum,long,market_chop,18,5.0,56,0.7069614176678019,70.69614176678019,1.2624311029782176,26,30,46.42857142857143,1.6877827427167966
2024,ATOM,ATOM:micro_momentum:long:market_chop:h18:l5,micro_momentum,long,market_chop,18,5.0,131,-0.10910157485260696,-10.910157485260697,-0.08328364492565417,58,73,44.274809160305345,0.9635807721341961
2025,ATOM,ATOM:micro_momentum:long:market_chop:h18:l5,micro_momentum,long,market_chop,18,5.0,114,0.29601873977729065,29.601873977729063,0.2596655612081497,55,59,48.24561403508772,1.1243482857610416
2026_01_05,ATOM,ATOM:micro_momentum:long:market_chop:h18:l5,micro_momentum,long,market_chop,18,5.0,61,-0.9067112381405229,-90.6711238140523,-1.4864118658041359,24,37,39.34426229508197,0.45519796448167066
2023H2,ATOM,ATOM:micro_momentum:short:market_chop:h18:l5,micro_momentum,short,market_chop,18,5.0,72,0.43796536582163703,43.796536582163704,0.6082852303078292,38,34,52.77777777777778,1.4189571370838623
2024,ATOM,ATOM:micro_momentum:short:market_chop:h18:l5,micro_momentum,short,market_chop,18,5.0,176,-0.05366862680055873,-5.366862680055872,-0.030493537954862912,82,94,46.590909090909086,0.9849147933688877
2025,ATOM,ATOM:micro_momentum:short:market_chop:h18:l5,micro_momentum,short,market_chop,18,5.0,164,-1.0482262394577262,-104.82262394577262,-0.6391623411327598,74,90,45.1219512195122,0.7254797463340571
2026_01_05,ATOM,ATOM:micro_momentum:short:market_chop:h18:l5,micro_momentum,short,market_chop,18,5.0,39,-0.5380331817117523,-53.80331817117523,-1.3795722607993648,15,24,38.46153846153847,0.3550890595320739
2023H2,ATOM,ATOM:vwap_reclaim:long:market_contra:h18:l5,vwap_reclaim,long,market_contra,18,5.0,29,-0.04645116560868523,-4.645116560868523,-0.16017643313339733,13,16,44.827586206896555,0.9276825506998159
2024,ATOM,ATOM:vwap_reclaim:long:market_contra:h18:l5,vwap_reclaim,long,market_contra,18,5.0,48,-0.2094884752288756,-20.948847522887558,-0.43643432339349086,24,24,50.0,0.8228102130857996
2025,ATOM,ATOM:vwap_reclaim:long:market_contra:h18:l5,vwap_reclaim,long,market_contra,18,5.0,57,-0.601114357077327,-60.111435707732696,-1.0545865913637316,20,37,35.08771929824561,0.6001105950467454
2026_01_05,ATOM,ATOM:vwap_reclaim:long:market_contra:h18:l5,vwap_reclaim,long,market_contra,18,5.0,36,-0.09630899284093886,-9.630899284093886,-0.26752498011371906,15,21,41.66666666666667,0.8599816657860445
2023H2,ATOM,ATOM:vwap_reclaim:short:market_contra:h18:l5,vwap_reclaim,short,market_contra,18,5.0,22,-0.08261965776756253,-8.261965776756252,-0.375543898943466,10,12,45.45454545454545,0.7859514875969502
2024,ATOM,ATOM:vwap_reclaim:short:market_contra:h18:l5,vwap_reclaim,short,market_contra,18,5.0,52,1.0136192685867773,101.36192685867773,1.9492678242053412,30,22,57.692307692307686,2.2273491611444327
2025,ATOM,ATOM:vwap_reclaim:short:market_contra:h18:l5,vwap_reclaim,short,market_contra,18,5.0,57,-0.1858432898028739,-18.58432898028739,-0.3260408593032876,26,31,45.614035087719294,0.7905146404161014
2026_01_05,ATOM,ATOM:vwap_reclaim:short:market_contra:h18:l5,vwap_reclaim,short,market_contra,18,5.0,27,0.30329043441217285,30.329043441217284,1.1232979052302698,16,11,59.25925925925925,2.1552830145114985
2023H2,ATOM,ATOM:range_breakout:long:market_aligned:h24:l4,range_breakout,long,market_aligned,24,4.0,144,-0.6537582114041558,-65.37582114041558,-0.45399875791955263,61,83,42.36111111111111,0.7273284690046131
2024,ATOM,ATOM:range_breakout:long:market_aligned:h24:l4,range_breakout,long,market_aligned,24,4.0,278,0.02069783838936301,2.069783838936301,0.007445265607684536,125,153,44.96402877697842,1.0042921731747756
2025,ATOM,ATOM:range_breakout:long:market_aligned:h24:l4,range_breakout,long,market_aligned,24,4.0,227,-0.7656796872389386,-76.56796872389387,-0.337303826977506,101,126,44.49339207048458,0.8252896598942749
2026_01_05,ATOM,ATOM:range_breakout:long:market_aligned:h24:l4,range_breakout,long,market_aligned,24,4.0,78,-0.341765029079498,-34.1765029079498,-0.43816029369166415,33,45,42.30769230769231,0.7472229460310265
2023H2,ATOM,ATOM:range_breakout:short:market_aligned:h24:l4,range_breakout,short,market_aligned,24,4.0,145,-1.3198814795167717,-131.98814795167718,-0.9102630893219116,54,91,37.24137931034483,0.5528622893742641
2024,ATOM,ATOM:range_breakout:short:market_aligned:h24:l4,range_breakout,short,market_aligned,24,4.0,238,0.9965643265489796,99.65643265489797,0.41872450695335284,111,127,46.63865546218487,1.238717038921272
2025,ATOM,ATOM:range_breakout:short:market_aligned:h24:l4,range_breakout,short,market_aligned,24,4.0,254,2.044637828433531,204.4637828433531,0.8049755230053272,127,127,50.0,1.481167644221181
2026_01_05,ATOM,ATOM:range_breakout:short:market_aligned:h24:l4,range_breakout,short,market_aligned,24,4.0,88,0.003144499191276129,0.3144499191276129,0.0035732945355410554,45,43,51.13636363636363,1.0022567933808137
2023H2,ATOM,ATOM:stoch_turn:long:local_trend:h24:l4,stoch_turn,long,local_trend,24,4.0,37,0.034024913400178214,3.4024913400178214,0.09195922540588707,16,21,43.24324324324324,1.0563871202203272
2024,ATOM,ATOM:stoch_turn:long:local_trend:h24:l4,stoch_turn,long,local_trend,24,4.0,65,-0.250759304125618,-25.075930412561796,-0.385783544808643,25,40,38.46153846153847,0.777994933689289
2025,ATOM,ATOM:stoch_turn:long:local_trend:h24:l4,stoch_turn,long,local_trend,24,4.0,52,0.3467212628885519,34.67212628885519,0.6667716594010613,25,27,48.07692307692308,1.6520610566681284
2026_01_05,ATOM,ATOM:stoch_turn:long:local_trend:h24:l4,stoch_turn,long,local_trend,24,4.0,14,-0.233846063916336,-23.3846063916336,-1.6703290279738288,3,11,21.428571428571427,0.15354492743697076
2023H2,ATOM,ATOM:stoch_turn:short:local_trend:h24:l4,stoch_turn,short,local_trend,24,4.0,21,0.20281539552171246,20.281539552171246,0.9657875977224404,11,10,52.38095238095239,2.7726091358753266
2024,ATOM,ATOM:stoch_turn:short:local_trend:h24:l4,stoch_turn,short,local_trend,24,4.0,41,0.11846778057085139,11.846778057085139,0.2889458062703692,20,21,48.78048780487805,1.1943212612103997
2025,ATOM,ATOM:stoch_turn:short:local_trend:h24:l4,stoch_turn,short,local_trend,24,4.0,43,0.27356580526140517,27.35658052614052,0.636199547119547,25,18,58.139534883720934,1.453764316185807
2026_01_05,ATOM,ATOM:stoch_turn:short:local_trend:h24:l4,stoch_turn,short,local_trend,24,4.0,18,-0.0721782235683488,-7.21782235683488,-0.4009901309352711,8,10,44.44444444444444,0.5700264595502069
2023H2,ARB,ARB:panic_snapback:long:market_contra:h12:l4,panic_snapback,long,market_contra,12,4.0,46,0.33227780053905054,33.22778005390505,0.7223430446501099,29,17,63.04347826086957,2.1378579362052696
2024,ARB,ARB:panic_snapback:long:market_contra:h12:l4,panic_snapback,long,market_contra,12,4.0,125,0.45591264179071267,45.59126417907127,0.36473011343257017,80,45,64.0,1.1424683913978688
2025,ARB,ARB:panic_snapback:long:market_contra:h12:l4,panic_snapback,long,market_contra,12,4.0,107,-0.19028949958069497,-19.028949958069497,-0.1778406538137336,55,52,51.4018691588785,0.9229039944864572
2026_01_05,ARB,ARB:panic_snapback:long:market_contra:h12:l4,panic_snapback,long,market_contra,12,4.0,32,0.3166201889515312,31.66201889515312,0.989438090473535,17,15,53.125,1.8506677267279132
2023H2,ARB,ARB:panic_snapback:short:market_contra:h12:l4,panic_snapback,short,market_contra,12,4.0,32,0.3469916479204276,34.69916479204276,1.0843488997513362,22,10,68.75,1.699213364621138
2024,ARB,ARB:panic_snapback:short:market_contra:h12:l4,panic_snapback,short,market_contra,12,4.0,107,-0.7618672802056823,-76.18672802056822,-0.7120254955193293,55,52,51.4018691588785,0.6796167332764061
2025,ARB,ARB:panic_snapback:short:market_contra:h12:l4,panic_snapback,short,market_contra,12,4.0,72,0.6179681602259408,61.79681602259408,0.8582891114249178,40,32,55.55555555555556,1.4563255565497788
2026_01_05,ARB,ARB:panic_snapback:short:market_contra:h12:l4,panic_snapback,short,market_contra,12,4.0,27,0.073360615159352,7.336061515935199,0.27170598207167407,13,14,48.148148148148145,1.1633937612343674
2023H2,ARB,ARB:rsi_reversion:long:local_chop:h24:l4,rsi_reversion,long,local_chop,24,4.0,60,-0.2194612864546488,-21.94612864546488,-0.365768810757748,30,30,50.0,0.837344012535114
2024,ARB,ARB:rsi_reversion:long:local_chop:h24:l4,rsi_reversion,long,local_chop,24,4.0,121,0.6427286356361219,64.27286356361219,0.5311806906083653,59,62,48.760330578512395,1.2856568476243477
2025,ARB,ARB:rsi_reversion:long:local_chop:h24:l4,rsi_reversion,long,local_chop,24,4.0,99,0.4961558241916779,49.615582419167794,0.501167499183513,54,45,54.54545454545454,1.2633896711564392
2026_01_05,ARB,ARB:rsi_reversion:long:local_chop:h24:l4,rsi_reversion,long,local_chop,24,4.0,36,0.043351121873501874,4.335112187350187,0.12041978298194965,17,19,47.22222222222222,1.0611674106495879
2023H2,ARB,ARB:rsi_reversion:short:local_chop:h24:l4,rsi_reversion,short,local_chop,24,4.0,40,0.08081105477851258,8.081105477851258,0.20202763694628145,21,19,52.5,1.1679208644422014
2024,ARB,ARB:rsi_reversion:short:local_chop:h24:l4,rsi_reversion,short,local_chop,24,4.0,83,0.35256433788904085,35.25643378890408,0.42477631070968774,45,38,54.21686746987952,1.1643719041419824
2025,ARB,ARB:rsi_reversion:short:local_chop:h24:l4,rsi_reversion,short,local_chop,24,4.0,85,0.23323383468050407,23.32338346805041,0.274392746682946,44,41,51.76470588235295,1.134991784642941
2026_01_05,ARB,ARB:rsi_reversion:short:local_chop:h24:l4,rsi_reversion,short,local_chop,24,4.0,38,0.4909768827143397,49.09768827143397,1.292044428195631,23,15,60.526315789473685,2.176215192544702
2023H2,ARB,ARB:micro_momentum:long:market_chop:h18:l5,micro_momentum,long,market_chop,18,5.0,74,0.0044968554481578105,0.44968554481578105,0.006076831686699744,35,39,47.2972972972973,1.0029534441403654
2024,ARB,ARB:micro_momentum:long:market_chop:h18:l5,micro_momentum,long,market_chop,18,5.0,124,-0.4418114827518599,-44.18114827518599,-0.3562995828644031,51,73,41.12903225806452,0.8591543858728251
2025,ARB,ARB:micro_momentum:long:market_chop:h18:l5,micro_momentum,long,market_chop,18,5.0,147,-0.49066756467587513,-49.06675646758751,-0.33378745896318035,66,81,44.89795918367347,0.8592330358841668
2026_01_05,ARB,ARB:micro_momentum:long:market_chop:h18:l5,micro_momentum,long,market_chop,18,5.0,61,-0.35166985225225433,-35.16698522522543,-0.5765079545118923,28,33,45.90163934426229,0.7914376684083334
2023H2,ARB,ARB:micro_momentum:short:market_chop:h18:l5,micro_momentum,short,market_chop,18,5.0,62,0.4398946310664298,43.98946310664298,0.7095074694619835,34,28,54.83870967741935,1.5764583461487287
2024,ARB,ARB:micro_momentum:short:market_chop:h18:l5,micro_momentum,short,market_chop,18,5.0,157,0.15750624683494807,15.750624683494808,0.10032245021334271,79,78,50.318471337579616,1.0469358619274742
2025,ARB,ARB:micro_momentum:short:market_chop:h18:l5,micro_momentum,short,market_chop,18,5.0,160,-0.44681075565620454,-44.68107556562045,-0.2792567222851278,75,85,46.875,0.9021169013929695
2026_01_05,ARB,ARB:micro_momentum:short:market_chop:h18:l5,micro_momentum,short,market_chop,18,5.0,55,-0.33321753814554933,-33.32175381455493,-0.6058500693555443,20,35,36.36363636363637,0.7076367146296827
2023H2,ARB,ARB:vwap_reclaim:long:market_contra:h18:l5,vwap_reclaim,long,market_contra,18,5.0,28,-0.18619258563071783,-18.61925856307178,-0.6649735201097066,11,17,39.285714285714285,0.6222221927441227
2024,ARB,ARB:vwap_reclaim:long:market_contra:h18:l5,vwap_reclaim,long,market_contra,18,5.0,38,0.40425674739832496,40.425674739832495,1.0638335457850656,22,16,57.89473684210527,1.5508108977325903
2025,ARB,ARB:vwap_reclaim:long:market_contra:h18:l5,vwap_reclaim,long,market_contra,18,5.0,41,0.7667047722558268,76.67047722558267,1.8700116396483581,24,17,58.536585365853654,1.9601237806189784
2026_01_05,ARB,ARB:vwap_reclaim:long:market_contra:h18:l5,vwap_reclaim,long,market_contra,18,5.0,12,-0.16840510787695828,-16.840510787695827,-1.4033758989746523,5,7,41.66666666666667,0.5257359715908897
2023H2,ARB,ARB:vwap_reclaim:short:market_contra:h18:l5,vwap_reclaim,short,market_contra,18,5.0,21,0.15208096845620078,15.208096845620078,0.7241950878866704,15,6,71.42857142857143,1.6721828208506553
2024,ARB,ARB:vwap_reclaim:short:market_contra:h18:l5,vwap_reclaim,short,market_contra,18,5.0,51,0.044099237188960916,4.409923718896092,0.08646909252737435,23,28,45.09803921568628,1.027604972996166
2025,ARB,ARB:vwap_reclaim:short:market_contra:h18:l5,vwap_reclaim,short,market_contra,18,5.0,57,-0.4172490885492508,-41.72490885492508,-0.732015944823247,22,35,38.59649122807017,0.7383402227683323
2026_01_05,ARB,ARB:vwap_reclaim:short:market_contra:h18:l5,vwap_reclaim,short,market_contra,18,5.0,28,-0.18323219692743642,-18.323219692743642,-0.654400703312273,14,14,50.0,0.5480256368028545
2023H2,ARB,ARB:range_breakout:long:market_aligned:h24:l4,range_breakout,long,market_aligned,24,4.0,179,1.505969332696973,150.5969332696973,0.8413236495513815,89,90,49.72067039106145,1.5605839150934773
2024,ARB,ARB:range_breakout:long:market_aligned:h24:l4,range_breakout,long,market_aligned,24,4.0,305,0.46738622182507283,46.738622182507285,0.1532413842049419,137,168,44.91803278688525,1.0696255370265046
2025,ARB,ARB:range_breakout:long:market_aligned:h24:l4,range_breakout,long,market_aligned,24,4.0,245,-0.8098972381036078,-80.98972381036079,-0.3305703012667787,111,134,45.30612244897959,0.8628056648208261
2026_01_05,ARB,ARB:range_breakout:long:market_aligned:h24:l4,range_breakout,long,market_aligned,24,4.0,79,0.28755915968967516,28.755915968967514,0.3639989363160445,39,40,49.36708860759494,1.216478684872346
2023H2,ARB,ARB:range_breakout:short:market_aligned:h24:l4,range_breakout,short,market_aligned,24,4.0,160,-0.2945635478095143,-29.456354780951433,-0.18410221738094645,72,88,45.0,0.8995938215599689
2024,ARB,ARB:range_breakout:short:market_aligned:h24:l4,range_breakout,short,market_aligned,24,4.0,265,-0.7276067913324531,-72.7606791332453,-0.2745686005028125,129,136,48.679245283018865,0.868747599149829
2025,ARB,ARB:range_breakout:short:market_aligned:h24:l4,range_breakout,short,market_aligned,24,4.0,269,-0.23826288377051963,-23.826288377051963,-0.08857356273997012,122,147,45.353159851301115,0.9605711840034286
2026_01_05,ARB,ARB:range_breakout:short:market_aligned:h24:l4,range_breakout,short,market_aligned,24,4.0,96,0.3141812913939388,31.41812913939388,0.32727217853535295,48,48,50.0,1.1859996554070842
2023H2,ARB,ARB:stoch_turn:long:local_trend:h24:l4,stoch_turn,long,local_trend,24,4.0,35,-0.2582807953774302,-25.828079537743022,-0.7379451296498006,15,20,42.857142857142854,0.6303420965784896
2024,ARB,ARB:stoch_turn:long:local_trend:h24:l4,stoch_turn,long,local_trend,24,4.0,47,-0.02306345825635603,-2.306345825635603,-0.049071187779480906,23,24,48.93617021276596,0.9726333210337024
2025,ARB,ARB:stoch_turn:long:local_trend:h24:l4,stoch_turn,long,local_trend,24,4.0,52,0.6292209674664053,62.922096746640534,1.2100403220507796,33,19,63.46153846153846,1.9343932129330084
2026_01_05,ARB,ARB:stoch_turn:long:local_trend:h24:l4,stoch_turn,long,local_trend,24,4.0,20,0.019088223998960707,1.9088223998960707,0.09544111999480354,10,10,50.0,1.0479061542746684
2023H2,ARB,ARB:stoch_turn:short:local_trend:h24:l4,stoch_turn,short,local_trend,24,4.0,18,-0.23170942194236144,-23.170942194236144,-1.2872745663464524,6,12,33.33333333333333,0.5135970259952229
2024,ARB,ARB:stoch_turn:short:local_trend:h24:l4,stoch_turn,short,local_trend,24,4.0,43,-0.2090546406870084,-20.90546406870084,-0.4861735829930428,18,25,41.86046511627907,0.7258165473038103
2025,ARB,ARB:stoch_turn:short:local_trend:h24:l4,stoch_turn,short,local_trend,24,4.0,51,-0.18639781372533148,-18.63978137253315,-0.36548590926535585,25,26,49.01960784313725,0.8221465571652539
2026_01_05,ARB,ARB:stoch_turn:short:local_trend:h24:l4,stoch_turn,short,local_trend,24,4.0,24,-0.19573587581347995,-19.573587581347994,-0.8155661492228331,12,12,50.0,0.5188141234636269
2023H2,NEAR,NEAR:panic_snapback:long:market_contra:h12:l4,panic_snapback,long,market_contra,12,4.0,30,0.34713600357956587,34.71360035795659,1.1571200119318863,17,13,56.666666666666664,1.5067105797563338
2024,NEAR,NEAR:panic_snapback:long:market_contra:h12:l4,panic_snapback,long,market_contra,12,4.0,106,-0.1765976702827161,-17.65976702827161,-0.16660157573841142,60,46,56.60377358490566,0.9487499092052717
2025,NEAR,NEAR:panic_snapback:long:market_contra:h12:l4,panic_snapback,long,market_contra,12,4.0,78,0.4314426024226945,43.14426024226945,0.5531315415675571,38,40,48.717948717948715,1.3199895528600174
2026_01_05,NEAR,NEAR:panic_snapback:long:market_contra:h12:l4,panic_snapback,long,market_contra,12,4.0,30,0.15219089459715107,15.219089459715107,0.5073029819905036,15,15,50.0,1.3296952842308445
2023H2,NEAR,NEAR:panic_snapback:short:market_contra:h12:l4,panic_snapback,short,market_contra,12,4.0,36,0.7866424825812599,78.664248258126,2.1851180071701664,24,12,66.66666666666666,2.134890655888801
2024,NEAR,NEAR:panic_snapback:short:market_contra:h12:l4,panic_snapback,short,market_contra,12,4.0,104,-0.39196774003334145,-39.19677400333414,-0.37689205772436674,59,45,56.730769230769226,0.839632649467805
2025,NEAR,NEAR:panic_snapback:short:market_contra:h12:l4,panic_snapback,short,market_contra,12,4.0,76,-0.30293728039791956,-30.293728039791958,-0.3986016847341046,31,45,40.78947368421053,0.8487554267342102
2026_01_05,NEAR,NEAR:panic_snapback:short:market_contra:h12:l4,panic_snapback,short,market_contra,12,4.0,16,-0.024626757465407767,-2.4626757465407767,-0.15391723415879854,7,9,43.75,0.9323216910155657
2023H2,NEAR,NEAR:rsi_reversion:long:local_chop:h24:l4,rsi_reversion,long,local_chop,24,4.0,60,-0.21086130045758278,-21.086130045758278,-0.35143550076263796,32,28,53.333333333333336,0.8609767694674998
2024,NEAR,NEAR:rsi_reversion:long:local_chop:h24:l4,rsi_reversion,long,local_chop,24,4.0,121,0.41936566135724807,41.9365661357248,0.3465831912043373,63,58,52.066115702479344,1.1429234089452176
2025,NEAR,NEAR:rsi_reversion:long:local_chop:h24:l4,rsi_reversion,long,local_chop,24,4.0,95,0.01007758631207567,1.007758631207567,0.010607985591658601,50,45,52.63157894736842,1.0050115431808238
2026_01_05,NEAR,NEAR:rsi_reversion:long:local_chop:h24:l4,rsi_reversion,long,local_chop,24,4.0,23,-0.09449168812495357,-9.449168812495357,-0.4108334266302329,9,14,39.130434782608695,0.7611341015676069
2023H2,NEAR,NEAR:rsi_reversion:short:local_chop:h24:l4,rsi_reversion,short,local_chop,24,4.0,41,0.1429554187123543,14.295541871235429,0.3486717529569617,20,21,48.78048780487805,1.2257317910284597
2024,NEAR,NEAR:rsi_reversion:short:local_chop:h24:l4,rsi_reversion,short,local_chop,24,4.0,101,0.7117514361563728,71.17514361563728,0.7047043922340325,61,40,60.396039603960396,1.3239153610148369
2025,NEAR,NEAR:rsi_reversion:short:local_chop:h24:l4,rsi_reversion,short,local_chop,24,4.0,85,1.1520544434160551,115.20544434160551,1.3553581687247707,54,31,63.52941176470588,1.944215287145937
2026_01_05,NEAR,NEAR:rsi_reversion:short:local_chop:h24:l4,rsi_reversion,short,local_chop,24,4.0,39,0.32039065461846716,32.03906546184672,0.8215144990217107,21,18,53.84615384615385,1.5863636594636767
2023H2,NEAR,NEAR:micro_momentum:long:market_chop:h18:l5,micro_momentum,long,market_chop,18,5.0,85,0.8318157961237636,83.18157961237635,0.9786068189691336,41,44,48.23529411764706,1.4692596675962963
2024,NEAR,NEAR:micro_momentum:long:market_chop:h18:l5,micro_momentum,long,market_chop,18,5.0,151,-1.6745215025339217,-167.45215025339218,-1.1089546374396833,63,88,41.72185430463576,0.6840470314820069
2025,NEAR,NEAR:micro_momentum:long:market_chop:h18:l5,micro_momentum,long,market_chop,18,5.0,129,-0.940305049829666,-94.0305049829666,-0.7289186432788108,54,75,41.86046511627907,0.7221623152787902
2026_01_05,NEAR,NEAR:micro_momentum:long:market_chop:h18:l5,micro_momentum,long,market_chop,18,5.0,61,-0.850690098643348,-85.0690098643348,-1.39457393220221,27,34,44.26229508196721,0.6403145821131777
2023H2,NEAR,NEAR:micro_momentum:short:market_chop:h18:l5,micro_momentum,short,market_chop,18,5.0,62,0.31045098251585523,31.04509825158552,0.5007273911546052,31,31,50.0,1.405432354813198
2024,NEAR,NEAR:micro_momentum:short:market_chop:h18:l5,micro_momentum,short,market_chop,18,5.0,200,-0.47737864844083044,-47.73786484408304,-0.23868932422041522,89,111,44.5,0.9053337614274469
2025,NEAR,NEAR:micro_momentum:short:market_chop:h18:l5,micro_momentum,short,market_chop,18,5.0,161,-1.07201377586443,-107.20137758644299,-0.6658470657543043,70,91,43.47826086956522,0.7648848550344058
2026_01_05,NEAR,NEAR:micro_momentum:short:market_chop:h18:l5,micro_momentum,short,market_chop,18,5.0,40,-0.759870352001733,-75.98703520017331,-1.8996758800043325,13,27,32.5,0.2895797393139732
2023H2,NEAR,NEAR:vwap_reclaim:long:market_contra:h18:l5,vwap_reclaim,long,market_contra,18,5.0,38,-0.2128898513618538,-21.288985136185378,-0.5602364509522468,17,21,44.73684210526316,0.7779792756189594
2024,NEAR,NEAR:vwap_reclaim:long:market_contra:h18:l5,vwap_reclaim,long,market_contra,18,5.0,51,0.09459585742893017,9.459585742893017,0.18548207339005918,26,25,50.98039215686274,1.055955777989854
2025,NEAR,NEAR:vwap_reclaim:long:market_contra:h18:l5,vwap_reclaim,long,market_contra,18,5.0,50,-0.20205319096622043,-20.20531909662204,-0.40410638193244086,20,30,40.0,0.860486697201049
2026_01_05,NEAR,NEAR:vwap_reclaim:long:market_contra:h18:l5,vwap_reclaim,long,market_contra,18,5.0,26,-0.36238058813551133,-36.238058813551135,-1.3937714928288898,9,17,34.61538461538461,0.5038673341293939
2023H2,NEAR,NEAR:vwap_reclaim:short:market_contra:h18:l5,vwap_reclaim,short,market_contra,18,5.0,32,0.4520346608739151,45.20346608739151,1.4126083152309847,19,13,59.375,2.011196846268203
2024,NEAR,NEAR:vwap_reclaim:short:market_contra:h18:l5,vwap_reclaim,short,market_contra,18,5.0,83,1.2015853598547048,120.15853598547048,1.4476932046442226,43,40,51.80722891566265,1.6881856658947125
2025,NEAR,NEAR:vwap_reclaim:short:market_contra:h18:l5,vwap_reclaim,short,market_contra,18,5.0,44,0.17604508583682899,17.6045085836829,0.40010246781097497,21,23,47.72727272727273,1.234592145395733
2026_01_05,NEAR,NEAR:vwap_reclaim:short:market_contra:h18:l5,vwap_reclaim,short,market_contra,18,5.0,23,0.1537191742146915,15.37191742146915,0.6683442357160501,11,12,47.82608695652174,1.4583095934994525
2023H2,NEAR,NEAR:range_breakout:long:market_aligned:h24:l4,range_breakout,long,market_aligned,24,4.0,120,0.11264325440908607,11.264325440908607,0.09386937867423839,53,67,44.166666666666664,1.0384180101200802
2024,NEAR,NEAR:range_breakout:long:market_aligned:h24:l4,range_breakout,long,market_aligned,24,4.0,297,-0.841397876881957,-84.1397876881957,-0.2832989484451034,130,167,43.77104377104377,0.9021802593167052
2025,NEAR,NEAR:range_breakout:long:market_aligned:h24:l4,range_breakout,long,market_aligned,24,4.0,251,-0.07370584101441269,-7.370584101441269,-0.02936487689817239,97,154,38.645418326693225,0.9871522143991193
2026_01_05,NEAR,NEAR:range_breakout:long:market_aligned:h24:l4,range_breakout,long,market_aligned,24,4.0,85,0.38507131531198935,38.50713153119894,0.45302507683763454,37,48,43.529411764705884,1.2580669617710107
2023H2,NEAR,NEAR:range_breakout:short:market_aligned:h24:l4,range_breakout,short,market_aligned,24,4.0,111,-1.158021380761598,-115.80213807615979,-1.0432625051906288,44,67,39.63963963963964,0.5907874551680157
2024,NEAR,NEAR:range_breakout:short:market_aligned:h24:l4,range_breakout,short,market_aligned,24,4.0,268,-0.2666019767122334,-26.66019767122334,-0.09947834951949007,126,142,47.01492537313433,0.9652715408997499
2025,NEAR,NEAR:range_breakout:short:market_aligned:h24:l4,range_breakout,short,market_aligned,24,4.0,276,0.8618481324624034,86.18481324624034,0.31226381610956644,132,144,47.82608695652174,1.141990043096886
2026_01_05,NEAR,NEAR:range_breakout:short:market_aligned:h24:l4,range_breakout,short,market_aligned,24,4.0,107,-1.140617913616805,-114.0617913616805,-1.0659980501091637,39,68,36.44859813084112,0.5132058152324307
2023H2,NEAR,NEAR:stoch_turn:long:local_trend:h24:l4,stoch_turn,long,local_trend,24,4.0,26,-0.15600108361716059,-15.600108361716059,-0.6000041677583099,10,16,38.46153846153847,0.7196271904226899
2024,NEAR,NEAR:stoch_turn:long:local_trend:h24:l4,stoch_turn,long,local_trend,24,4.0,55,0.1317170808372583,13.17170808372583,0.23948560152228784,28,27,50.90909090909091,1.1065143280404368
2025,NEAR,NEAR:stoch_turn:long:local_trend:h24:l4,stoch_turn,long,local_trend,24,4.0,55,0.5462286521497193,54.622865214971924,0.9931430039085806,24,31,43.63636363636363,1.6296306033614312
2026_01_05,NEAR,NEAR:stoch_turn:long:local_trend:h24:l4,stoch_turn,long,local_trend,24,4.0,22,-0.011626625748184072,-1.1626625748184072,-0.05284829885538214,9,13,40.909090909090914,0.9639173553101489
2023H2,NEAR,NEAR:stoch_turn:short:local_trend:h24:l4,stoch_turn,short,local_trend,24,4.0,22,0.35616721623070235,35.616721623070234,1.618941891957738,18,4,81.81818181818183,3.0632305378825264
2024,NEAR,NEAR:stoch_turn:short:local_trend:h24:l4,stoch_turn,short,local_trend,24,4.0,52,0.29235596801873864,29.235596801873864,0.5622230154206512,27,25,51.92307692307693,1.3318498587833933
2025,NEAR,NEAR:stoch_turn:short:local_trend:h24:l4,stoch_turn,short,local_trend,24,4.0,36,-0.428129252419688,-42.8129252419688,-1.1892479233880224,20,16,55.55555555555556,0.5783231027308434
2026_01_05,NEAR,NEAR:stoch_turn:short:local_trend:h24:l4,stoch_turn,short,local_trend,24,4.0,23,-0.20699345823098136,-20.699345823098135,-0.8999715575260059,11,12,47.82608695652174,0.5673413853522307
2023H2,UNI,UNI:panic_snapback:long:market_contra:h12:l4,panic_snapback,long,market_contra,12,4.0,35,0.13400969277153107,13.400969277153107,0.3828848364900888,19,16,54.285714285714285,1.304437420590385
2024,UNI,UNI:panic_snapback:long:market_contra:h12:l4,panic_snapback,long,market_contra,12,4.0,97,0.5889198328474063,58.89198328474063,0.6071338482962951,60,37,61.855670103092784,1.317783861454276
2025,UNI,UNI:panic_snapback:long:market_contra:h12:l4,panic_snapback,long,market_contra,12,4.0,81,0.051630814409161285,5.1630814409161285,0.06374174618414974,48,33,59.25925925925925,1.0290547470847047
2026_01_05,UNI,UNI:panic_snapback:long:market_contra:h12:l4,panic_snapback,long,market_contra,12,4.0,37,0.09054126708252319,9.05412670825232,0.24470612725006266,20,17,54.054054054054056,1.1639805890417223
2023H2,UNI,UNI:panic_snapback:short:market_contra:h12:l4,panic_snapback,short,market_contra,12,4.0,31,-0.032756806698447605,-3.2756806698447605,-0.10566711838208905,13,18,41.935483870967744,0.9464330635192337
2024,UNI,UNI:panic_snapback:short:market_contra:h12:l4,panic_snapback,short,market_contra,12,4.0,83,0.6129053294529001,61.29053294529001,0.7384401559673496,45,38,54.21686746987952,1.4817743601242586
2025,UNI,UNI:panic_snapback:short:market_contra:h12:l4,panic_snapback,short,market_contra,12,4.0,82,0.3749069219998029,37.49069219998029,0.45720356341439383,47,35,57.3170731707317,1.2899177001191942
2026_01_05,UNI,UNI:panic_snapback:short:market_contra:h12:l4,panic_snapback,short,market_contra,12,4.0,30,-0.20615219799897133,-20.615219799897133,-0.6871739933299045,12,18,40.0,0.6187118600246195
2023H2,UNI,UNI:rsi_reversion:long:local_chop:h24:l4,rsi_reversion,long,local_chop,24,4.0,59,-0.13073711756572282,-13.073711756572282,-0.22158833485715732,35,24,59.32203389830508,0.8766299056377896
2024,UNI,UNI:rsi_reversion:long:local_chop:h24:l4,rsi_reversion,long,local_chop,24,4.0,101,2.395616007764714,239.5616007764714,2.371897037390806,60,41,59.4059405940594,3.0080511891686768
2025,UNI,UNI:rsi_reversion:long:local_chop:h24:l4,rsi_reversion,long,local_chop,24,4.0,101,-0.29701170757741124,-29.701170757741124,-0.29407099760139727,49,52,48.51485148514851,0.8741959706916858
2026_01_05,UNI,UNI:rsi_reversion:long:local_chop:h24:l4,rsi_reversion,long,local_chop,24,4.0,40,0.06925698303917205,6.925698303917205,0.17314245759793012,22,18,55.00000000000001,1.1386792707698004
2023H2,UNI,UNI:rsi_reversion:short:local_chop:h24:l4,rsi_reversion,short,local_chop,24,4.0,31,0.10804332216561097,10.804332216561097,0.3485268456955193,17,14,54.83870967741935,1.2624937562350647
2024,UNI,UNI:rsi_reversion:short:local_chop:h24:l4,rsi_reversion,short,local_chop,24,4.0,75,0.8857897848143539,88.57897848143539,1.1810530464191384,43,32,57.333333333333336,1.7446399076435313
2025,UNI,UNI:rsi_reversion:short:local_chop:h24:l4,rsi_reversion,short,local_chop,24,4.0,76,0.02881847988432762,2.881847988432762,0.03791905247937844,39,37,51.31578947368421,1.017346103142147
2026_01_05,UNI,UNI:rsi_reversion:short:local_chop:h24:l4,rsi_reversion,short,local_chop,24,4.0,33,0.6033983738390036,60.33983738390036,1.8284799207242532,19,14,57.57575757575758,3.033630177442266
2023H2,UNI,UNI:micro_momentum:long:market_chop:h18:l5,micro_momentum,long,market_chop,18,5.0,83,1.036505487310965,103.65054873109649,1.2488017919409216,50,33,60.24096385542169,1.888613123810764
2024,UNI,UNI:micro_momentum:long:market_chop:h18:l5,micro_momentum,long,market_chop,18,5.0,129,-0.6240857060928878,-62.40857060928878,-0.48378736906425407,58,71,44.96124031007752,0.8501670034412174
2025,UNI,UNI:micro_momentum:long:market_chop:h18:l5,micro_momentum,long,market_chop,18,5.0,135,1.1859825997326081,118.59825997326081,0.8785056294315616,63,72,46.666666666666664,1.405810336932931
2026_01_05,UNI,UNI:micro_momentum:long:market_chop:h18:l5,micro_momentum,long,market_chop,18,5.0,44,-0.18551468831773776,-18.551468831773775,-0.42162429163122217,20,24,45.45454545454545,0.7890936064583753
2023H2,UNI,UNI:micro_momentum:short:market_chop:h18:l5,micro_momentum,short,market_chop,18,5.0,73,0.22709596917018016,22.709596917018015,0.3110903687262742,33,40,45.20547945205479,1.2203741520178664
2024,UNI,UNI:micro_momentum:short:market_chop:h18:l5,micro_momentum,short,market_chop,18,5.0,152,0.332354282248849,33.2354282248849,0.2186541330584533,71,81,46.71052631578947,1.106942797516413
2025,UNI,UNI:micro_momentum:short:market_chop:h18:l5,micro_momentum,short,market_chop,18,5.0,133,1.1822703293054326,118.22703293054326,0.8889250596281449,70,63,52.63157894736842,1.437758927136445
2026_01_05,UNI,UNI:micro_momentum:short:market_chop:h18:l5,micro_momentum,short,market_chop,18,5.0,45,-0.10826399767903061,-10.82639976790306,-0.2405866615089569,19,26,42.22222222222222,0.8673988424078657
2023H2,UNI,UNI:vwap_reclaim:long:market_contra:h18:l5,vwap_reclaim,long,market_contra,18,5.0,33,-0.18353556536578441,-18.35355653657844,-0.5561683798963164,16,17,48.484848484848484,0.710465039949006
2024,UNI,UNI:vwap_reclaim:long:market_contra:h18:l5,vwap_reclaim,long,market_contra,18,5.0,47,0.6675521835578857,66.75521835578857,1.4203237948040122,24,23,51.06382978723404,1.663011205283244
2025,UNI,UNI:vwap_reclaim:long:market_contra:h18:l5,vwap_reclaim,long,market_contra,18,5.0,39,0.042398224260358774,4.239822426035877,0.10871339553938147,15,24,38.46153846153847,1.0428187789415815
2026_01_05,UNI,UNI:vwap_reclaim:long:market_contra:h18:l5,vwap_reclaim,long,market_contra,18,5.0,12,-0.055333749187739256,-5.533374918773926,-0.4611145765644938,5,7,41.66666666666667,0.7087285654343095
2023H2,UNI,UNI:vwap_reclaim:short:market_contra:h18:l5,vwap_reclaim,short,market_contra,18,5.0,22,0.14711041587077311,14.711041587077311,0.6686837085035141,13,9,59.09090909090909,1.4505208407751247
2024,UNI,UNI:vwap_reclaim:short:market_contra:h18:l5,vwap_reclaim,short,market_contra,18,5.0,70,0.15706184366597264,15.706184366597265,0.22437406237996094,39,31,55.714285714285715,1.0920423389569318
2025,UNI,UNI:vwap_reclaim:short:market_contra:h18:l5,vwap_reclaim,short,market_contra,18,5.0,53,-0.9371241943745817,-93.71241943745817,-1.7681588573105316,22,31,41.509433962264154,0.44866507577380055
2026_01_05,UNI,UNI:vwap_reclaim:short:market_contra:h18:l5,vwap_reclaim,short,market_contra,18,5.0,22,-0.30147721681897,-30.147721681897,-1.3703509855407727,9,13,40.909090909090914,0.4172039496095379
2023H2,UNI,UNI:range_breakout:long:market_aligned:h24:l4,range_breakout,long,market_aligned,24,4.0,115,-0.22752847581396685,-22.752847581396686,-0.19785084853388418,45,70,39.130434782608695,0.8929364187609405
2024,UNI,UNI:range_breakout:long:market_aligned:h24:l4,range_breakout,long,market_aligned,24,4.0,240,0.3967375465915177,39.67375465915177,0.16530731107979904,101,139,42.083333333333336,1.0794811276775367
2025,UNI,UNI:range_breakout:long:market_aligned:h24:l4,range_breakout,long,market_aligned,24,4.0,255,0.14220178520716953,14.220178520716953,0.055765405963595895,123,132,48.23529411764706,1.025018227179333
2026_01_05,UNI,UNI:range_breakout:long:market_aligned:h24:l4,range_breakout,long,market_aligned,24,4.0,82,0.4746298106731168,47.46298106731168,0.5788168422842888,35,47,42.68292682926829,1.3260339780088566
2023H2,UNI,UNI:range_breakout:short:market_aligned:h24:l4,range_breakout,short,market_aligned,24,4.0,126,-0.6358935624299091,-63.58935624299092,-0.5046774304999279,52,74,41.269841269841265,0.7433016423722205
2024,UNI,UNI:range_breakout:short:market_aligned:h24:l4,range_breakout,short,market_aligned,24,4.0,209,-0.49520674659879393,-49.52067465987939,-0.23694102708076265,90,119,43.0622009569378,0.8912582590688035
2025,UNI,UNI:range_breakout:short:market_aligned:h24:l4,range_breakout,short,market_aligned,24,4.0,242,1.581504567143595,158.1504567143595,0.6535142839436343,122,120,50.413223140495866,1.3792572957608529
2026_01_05,UNI,UNI:range_breakout:short:market_aligned:h24:l4,range_breakout,short,market_aligned,24,4.0,123,-0.8605791100387732,-86.05791100387732,-0.699657813039653,53,70,43.08943089430895,0.6733185345762448
2023H2,UNI,UNI:stoch_turn:long:local_trend:h24:l4,stoch_turn,long,local_trend,24,4.0,32,0.16616337113552992,16.616337113552994,0.5192605347985311,18,14,56.25,1.344584292619769
2024,UNI,UNI:stoch_turn:long:local_trend:h24:l4,stoch_turn,long,local_trend,24,4.0,54,-0.029400231061877502,-2.94002310618775,-0.05444487233681018,27,27,50.0,0.9679069878295876
2025,UNI,UNI:stoch_turn:long:local_trend:h24:l4,stoch_turn,long,local_trend,24,4.0,40,0.06753439028443431,6.753439028443431,0.16883597571108577,24,16,60.0,1.0881842236240309
2026_01_05,UNI,UNI:stoch_turn:long:local_trend:h24:l4,stoch_turn,long,local_trend,24,4.0,12,0.17084429760567055,17.084429760567055,1.4237024800472544,8,4,66.66666666666666,3.318972015999226
2023H2,UNI,UNI:stoch_turn:short:local_trend:h24:l4,stoch_turn,short,local_trend,24,4.0,20,-0.10070817458428483,-10.070817458428483,-0.5035408729214241,8,12,40.0,0.7586099350163303
2024,UNI,UNI:stoch_turn:short:local_trend:h24:l4,stoch_turn,short,local_trend,24,4.0,49,0.21400210825363475,21.400210825363473,0.43673899643598924,26,23,53.06122448979592,1.3012728870380466
2025,UNI,UNI:stoch_turn:short:local_trend:h24:l4,stoch_turn,short,local_trend,24,4.0,57,0.028484419600049993,2.8484419600049993,0.04997266596499999,37,20,64.91228070175438,1.0240463457208646
2026_01_05,UNI,UNI:stoch_turn:short:local_trend:h24:l4,stoch_turn,short,local_trend,24,4.0,16,0.08726988617125508,8.726988617125508,0.5454367885703443,9,7,56.25,1.2938996239420473
2023H2,FIL,FIL:panic_snapback:long:market_contra:h12:l4,panic_snapback,long,market_contra,12,4.0,33,0.24656088139769716,24.656088139769714,0.7471541860536277,22,11,66.66666666666666,1.3971105786694615
2024,FIL,FIL:panic_snapback:long:market_contra:h12:l4,panic_snapback,long,market_contra,12,4.0,113,0.2677986000545096,26.779860005450963,0.23698991155266338,72,41,63.716814159292035,1.098768372314586
2025,FIL,FIL:panic_snapback:long:market_contra:h12:l4,panic_snapback,long,market_contra,12,4.0,88,0.3350062689505675,33.500626895056755,0.38068894198928127,45,43,51.13636363636363,1.2110594442187987
2026_01_05,FIL,FIL:panic_snapback:long:market_contra:h12:l4,panic_snapback,long,market_contra,12,4.0,20,0.21912030827584772,21.912030827584772,1.0956015413792386,13,7,65.0,1.71182310064106
2023H2,FIL,FIL:panic_snapback:short:market_contra:h12:l4,panic_snapback,short,market_contra,12,4.0,38,-0.013146286226879411,-1.3146286226879411,-0.03459549007073529,21,17,55.26315789473685,0.9704285827564596
2024,FIL,FIL:panic_snapback:short:market_contra:h12:l4,panic_snapback,short,market_contra,12,4.0,88,0.020199205878203674,2.0199205878203674,0.022953643043413265,44,44,50.0,1.0129944411640808
2025,FIL,FIL:panic_snapback:short:market_contra:h12:l4,panic_snapback,short,market_contra,12,4.0,80,-0.8072859577902327,-80.72859577902327,-1.009107447237791,40,40,50.0,0.635379946664751
2026_01_05,FIL,FIL:panic_snapback:short:market_contra:h12:l4,panic_snapback,short,market_contra,12,4.0,24,-0.24755197288163977,-24.755197288163977,-1.031466553673499,12,12,50.0,0.6811504051261565
2023H2,FIL,FIL:rsi_reversion:long:local_chop:h24:l4,rsi_reversion,long,local_chop,24,4.0,70,0.7818279268334765,78.18279268334764,1.1168970383335377,41,29,58.57142857142858,1.8058086026954068
2024,FIL,FIL:rsi_reversion:long:local_chop:h24:l4,rsi_reversion,long,local_chop,24,4.0,128,-0.01853543838905214,-1.853543838905214,-0.014480811241446984,67,61,52.34375,0.9931504993561039
2025,FIL,FIL:rsi_reversion:long:local_chop:h24:l4,rsi_reversion,long,local_chop,24,4.0,105,-0.08016483827896126,-8.016483827896126,-0.07634746502758216,56,49,53.333333333333336,0.9664627054182375
2026_01_05,FIL,FIL:rsi_reversion:long:local_chop:h24:l4,rsi_reversion,long,local_chop,24,4.0,33,0.12681809311819237,12.681809311819237,0.3842972518733102,19,14,57.57575757575758,1.2385864207820863
2023H2,FIL,FIL:rsi_reversion:short:local_chop:h24:l4,rsi_reversion,short,local_chop,24,4.0,25,-0.43415546141728045,-43.41554614172804,-1.7366218456691218,9,16,36.0,0.31986442969668427
2024,FIL,FIL:rsi_reversion:short:local_chop:h24:l4,rsi_reversion,short,local_chop,24,4.0,78,-0.4691174991360483,-46.91174991360483,-0.6014326912000618,41,37,52.56410256410257,0.796967254544204
2025,FIL,FIL:rsi_reversion:short:local_chop:h24:l4,rsi_reversion,short,local_chop,24,4.0,67,0.5660133818644546,56.60133818644546,0.844796092335007,37,30,55.223880597014926,1.5619129478780889
2026_01_05,FIL,FIL:rsi_reversion:short:local_chop:h24:l4,rsi_reversion,short,local_chop,24,4.0,36,0.2723567391745032,27.23567391745032,0.7565464977069534,17,19,47.22222222222222,1.5700636308317908
2023H2,FIL,FIL:micro_momentum:long:market_chop:h18:l5,micro_momentum,long,market_chop,18,5.0,71,-0.769657014457818,-76.9657014457818,-1.0840239640250957,28,43,39.436619718309856,0.557461990974623
2024,FIL,FIL:micro_momentum:long:market_chop:h18:l5,micro_momentum,long,market_chop,18,5.0,122,0.5580513722252263,55.805137222522625,0.4574191575616609,62,60,50.81967213114754,1.1893619250689234
2025,FIL,FIL:micro_momentum:long:market_chop:h18:l5,micro_momentum,long,market_chop,18,5.0,134,0.11101585352626508,11.101585352626508,0.08284765188527246,60,74,44.776119402985074,1.034270904467117
2026_01_05,FIL,FIL:micro_momentum:long:market_chop:h18:l5,micro_momentum,long,market_chop,18,5.0,54,-0.15790843430362855,-15.790843430362855,-0.292423026488201,22,32,40.74074074074074,0.9045973532211284
2023H2,FIL,FIL:micro_momentum:short:market_chop:h18:l5,micro_momentum,short,market_chop,18,5.0,68,-0.4196780963176616,-41.96780963176616,-0.6171736710553847,33,35,48.529411764705884,0.6884219899291389
2024,FIL,FIL:micro_momentum:short:market_chop:h18:l5,micro_momentum,short,market_chop,18,5.0,187,0.5440938663731852,54.409386637318526,0.29095928683058037,85,102,45.45454545454545,1.1538311539866644
2025,FIL,FIL:micro_momentum:short:market_chop:h18:l5,micro_momentum,short,market_chop,18,5.0,185,0.05141501257762804,5.141501257762804,0.027791898690609752,83,102,44.86486486486487,1.0125867002869653
2026_01_05,FIL,FIL:micro_momentum:short:market_chop:h18:l5,micro_momentum,short,market_chop,18,5.0,47,-0.5200141914185269,-52.001419141852686,-1.1064131732309084,14,33,29.78723404255319,0.5386130059134222
2023H2,FIL,FIL:vwap_reclaim:long:market_contra:h18:l5,vwap_reclaim,long,market_contra,18,5.0,35,0.15835230025132707,15.835230025132708,0.4524351435752202,19,16,54.285714285714285,1.3004602222827801
2024,FIL,FIL:vwap_reclaim:long:market_contra:h18:l5,vwap_reclaim,long,market_contra,18,5.0,44,-0.21003753111128676,-21.003753111128674,-0.4773580252529244,20,24,45.45454545454545,0.7986807367402845
2025,FIL,FIL:vwap_reclaim:long:market_contra:h18:l5,vwap_reclaim,long,market_contra,18,5.0,53,-0.21777555887552258,-21.777555887552257,-0.41089728089721245,24,29,45.28301886792453,0.8603060212521331
2026_01_05,FIL,FIL:vwap_reclaim:long:market_contra:h18:l5,vwap_reclaim,long,market_contra,18,5.0,24,-0.149570436442788,-14.9570436442788,-0.62321015184495,11,13,45.83333333333333,0.724005849209434
2023H2,FIL,FIL:vwap_reclaim:short:market_contra:h18:l5,vwap_reclaim,short,market_contra,18,5.0,20,-0.2760996429731727,-27.60996429731727,-1.3804982148658635,9,11,45.0,0.5328740924331838
2024,FIL,FIL:vwap_reclaim:short:market_contra:h18:l5,vwap_reclaim,short,market_contra,18,5.0,60,0.2032251211177727,20.322512111777268,0.33870853519628785,28,32,46.666666666666664,1.1642306870553256
2025,FIL,FIL:vwap_reclaim:short:market_contra:h18:l5,vwap_reclaim,short,market_contra,18,5.0,42,-0.18344437952339754,-18.344437952339753,-0.43677233219856554,22,20,52.38095238095239,0.8338557752702878
2026_01_05,FIL,FIL:vwap_reclaim:short:market_contra:h18:l5,vwap_reclaim,short,market_contra,18,5.0,28,0.08663306321784581,8.663306321784582,0.30940379720659217,14,14,50.0,1.2025009521773948
2023H2,FIL,FIL:range_breakout:long:market_aligned:h24:l4,range_breakout,long,market_aligned,24,4.0,145,-0.056335259487390044,-5.633525948739004,-0.038851903094751755,59,86,40.689655172413794,0.9790064602052355
2024,FIL,FIL:range_breakout:long:market_aligned:h24:l4,range_breakout,long,market_aligned,24,4.0,297,-0.9682177360586319,-96.8217736058632,-0.32599923773017914,132,165,44.44444444444444,0.8553270521170009
2025,FIL,FIL:range_breakout:long:market_aligned:h24:l4,range_breakout,long,market_aligned,24,4.0,247,-0.21244356665310704,-21.244356665310704,-0.08600954115510406,111,136,44.93927125506073,0.9514087038871126
2026_01_05,FIL,FIL:range_breakout:long:market_aligned:h24:l4,range_breakout,long,market_aligned,24,4.0,82,-0.28841400389729754,-28.841400389729756,-0.3517243949967043,29,53,35.36585365853659,0.8300321823852083
2023H2,FIL,FIL:range_breakout:short:market_aligned:h24:l4,range_breakout,short,market_aligned,24,4.0,136,-1.9145609060768747,-191.45609060768746,-1.407765372115349,51,85,37.5,0.4335446373260125
2024,FIL,FIL:range_breakout:short:market_aligned:h24:l4,range_breakout,short,market_aligned,24,4.0,272,-0.8284994675517368,-82.84994675517368,-0.30459539248225614,115,157,42.279411764705884,0.8813718817814604
2025,FIL,FIL:range_breakout:short:market_aligned:h24:l4,range_breakout,short,market_aligned,24,4.0,287,-1.2083909508682171,-120.83909508682171,-0.4210421431596575,122,165,42.508710801393725,0.8226084984911016
2026_01_05,FIL,FIL:range_breakout:short:market_aligned:h24:l4,range_breakout,short,market_aligned,24,4.0,104,0.9214155824986521,92.14155824986521,0.8859765216333193,54,50,51.92307692307693,1.5705024160990844
2023H2,FIL,FIL:stoch_turn:long:local_trend:h24:l4,stoch_turn,long,local_trend,24,4.0,26,-0.04601915788131672,-4.601915788131672,-0.17699676108198736,10,16,38.46153846153847,0.8968347577721327
2024,FIL,FIL:stoch_turn:long:local_trend:h24:l4,stoch_turn,long,local_trend,24,4.0,66,-0.11239916972265718,-11.239916972265718,-0.17030177230705634,29,37,43.93939393939394,0.8878864435568107
2025,FIL,FIL:stoch_turn:long:local_trend:h24:l4,stoch_turn,long,local_trend,24,4.0,57,1.0959216194737391,109.59216194737391,1.9226695078486649,35,22,61.40350877192983,2.881459499935594
2026_01_05,FIL,FIL:stoch_turn:long:local_trend:h24:l4,stoch_turn,long,local_trend,24,4.0,20,-0.14824040515005388,-14.824040515005388,-0.7412020257502694,9,11,45.0,0.7473279500777482
2023H2,FIL,FIL:stoch_turn:short:local_trend:h24:l4,stoch_turn,short,local_trend,24,4.0,16,0.07898847616498239,7.898847616498239,0.49367797603113994,8,8,50.0,1.3951358279450095
2024,FIL,FIL:stoch_turn:short:local_trend:h24:l4,stoch_turn,short,local_trend,24,4.0,43,0.8939984083547818,89.39984083547819,2.079066065941353,27,16,62.7906976744186,4.336026526307181
2025,FIL,FIL:stoch_turn:short:local_trend:h24:l4,stoch_turn,short,local_trend,24,4.0,42,0.05711765126423041,5.711765126423041,0.13599440777197716,20,22,47.61904761904761,1.0881488129010883
2026_01_05,FIL,FIL:stoch_turn:short:local_trend:h24:l4,stoch_turn,short,local_trend,24,4.0,23,-0.21525565451207918,-21.525565451207918,-0.9358941500525181,11,12,47.82608695652174,0.5155134921318645
2023H2,INJ,INJ:panic_snapback:long:market_contra:h12:l4,panic_snapback,long,market_contra,12,4.0,48,0.8970060177154511,89.70060177154511,1.8687625369071896,24,24,50.0,2.6500535318195246
2024,INJ,INJ:panic_snapback:long:market_contra:h12:l4,panic_snapback,long,market_contra,12,4.0,121,-0.6659853966084,-66.59853966083999,-0.5504011542218181,62,59,51.2396694214876,0.8095219918517578
2025,INJ,INJ:panic_snapback:long:market_contra:h12:l4,panic_snapback,long,market_contra,12,4.0,104,-0.2114349257782968,-21.143492577829683,-0.2033028132483623,47,57,45.19230769230769,0.9208963287752704
2026_01_05,INJ,INJ:panic_snapback:long:market_contra:h12:l4,panic_snapback,long,market_contra,12,4.0,30,0.09487547478220248,9.487547478220248,0.3162515826073416,16,14,53.333333333333336,1.1892901102390459
2023H2,INJ,INJ:panic_snapback:short:market_contra:h12:l4,panic_snapback,short,market_contra,12,4.0,47,0.11113480353662686,11.113480353662686,0.23645702880133374,25,22,53.191489361702125,1.0865580367309855
2024,INJ,INJ:panic_snapback:short:market_contra:h12:l4,panic_snapback,short,market_contra,12,4.0,109,0.9580965663045329,95.80965663045329,0.8789876755087458,60,49,55.04587155963303,1.5212148502829312
2025,INJ,INJ:panic_snapback:short:market_contra:h12:l4,panic_snapback,short,market_contra,12,4.0,96,-0.6452253530136662,-64.52253530136662,-0.6721097427225691,44,52,45.83333333333333,0.7329195934029016
2026_01_05,INJ,INJ:panic_snapback:short:market_contra:h12:l4,panic_snapback,short,market_contra,12,4.0,30,-0.13666147141951646,-13.666147141951646,-0.45553823806505483,17,13,56.666666666666664,0.8362502799661254
2023H2,INJ,INJ:rsi_reversion:long:local_chop:h24:l4,rsi_reversion,long,local_chop,24,4.0,70,1.3424350458897534,134.24350458897533,1.9177643512710765,36,34,51.42857142857142,2.432203416961
2024,INJ,INJ:rsi_reversion:long:local_chop:h24:l4,rsi_reversion,long,local_chop,24,4.0,137,-1.0706348824097156,-107.06348824097157,-0.7814853156275297,61,76,44.52554744525548,0.7597326753106752
2025,INJ,INJ:rsi_reversion:long:local_chop:h24:l4,rsi_reversion,long,local_chop,24,4.0,77,0.08779422240326262,8.779422240326262,0.11401847065358782,39,38,50.649350649350644,1.0637431409220517
2026_01_05,INJ,INJ:rsi_reversion:long:local_chop:h24:l4,rsi_reversion,long,local_chop,24,4.0,26,-0.3820861795203552,-38.20861795203552,-1.469562228924443,9,17,34.61538461538461,0.46856976838161285
2023H2,INJ,INJ:rsi_reversion:short:local_chop:h24:l4,rsi_reversion,short,local_chop,24,4.0,64,-1.08919992593274,-108.919992593274,-1.7018748842699063,28,36,43.75,0.47890206790766504
2024,INJ,INJ:rsi_reversion:short:local_chop:h24:l4,rsi_reversion,short,local_chop,24,4.0,95,-0.8730749592972882,-87.30749592972882,-0.9190262729445139,53,42,55.78947368421052,0.6879544461125244
2025,INJ,INJ:rsi_reversion:short:local_chop:h24:l4,rsi_reversion,short,local_chop,24,4.0,97,0.2918847908246196,29.18847908246196,0.30091215548929856,52,45,53.608247422680414,1.1553493833721906
2026_01_05,INJ,INJ:rsi_reversion:short:local_chop:h24:l4,rsi_reversion,short,local_chop,24,4.0,48,0.6998670525912156,69.98670525912156,1.4580563595650324,27,21,56.25,2.278740142846232
2023H2,INJ,INJ:micro_momentum:long:market_chop:h18:l5,micro_momentum,long,market_chop,18,5.0,100,0.4885088148917427,48.85088148917427,0.4885088148917427,44,56,44.0,1.1642453252858935
2024,INJ,INJ:micro_momentum:long:market_chop:h18:l5,micro_momentum,long,market_chop,18,5.0,135,-0.42025405959826734,-42.025405959826735,-0.31129930340612394,66,69,48.888888888888886,0.9038186217915093
2025,INJ,INJ:micro_momentum:long:market_chop:h18:l5,micro_momentum,long,market_chop,18,5.0,143,-1.1262937661851886,-112.62937661851886,-0.7876180183113207,57,86,39.86013986013986,0.7689876232588555
2026_01_05,INJ,INJ:micro_momentum:long:market_chop:h18:l5,micro_momentum,long,market_chop,18,5.0,64,0.3905067905106602,39.05067905106602,0.6101668601729066,32,32,50.0,1.244333586179318
2023H2,INJ,INJ:micro_momentum:short:market_chop:h18:l5,micro_momentum,short,market_chop,18,5.0,84,-0.12819355737455462,-12.819355737455462,-0.15261137782685072,38,46,45.23809523809524,0.9282247631567875
2024,INJ,INJ:micro_momentum:short:market_chop:h18:l5,micro_momentum,short,market_chop,18,5.0,180,-0.21087802546486067,-21.087802546486067,-0.11715445859158927,88,92,48.888888888888886,0.953921878282418
2025,INJ,INJ:micro_momentum:short:market_chop:h18:l5,micro_momentum,short,market_chop,18,5.0,151,0.43982381165441287,43.98238116544129,0.2912740474532536,71,80,47.019867549668874,1.118379571015597
2026_01_05,INJ,INJ:micro_momentum:short:market_chop:h18:l5,micro_momentum,short,market_chop,18,5.0,66,-0.1871264925963323,-18.71264925963323,-0.2835249887823217,28,38,42.42424242424242,0.877299560499881
2023H2,INJ,INJ:vwap_reclaim:long:market_contra:h18:l5,vwap_reclaim,long,market_contra,18,5.0,38,-0.047744321716147176,-4.774432171614718,-0.12564295188459781,14,24,36.84210526315789,0.9537260138861966
2024,INJ,INJ:vwap_reclaim:long:market_contra:h18:l5,vwap_reclaim,long,market_contra,18,5.0,53,0.7314939377838953,73.14939377838952,1.380177241101689,28,25,52.83018867924528,1.4781729196966913
2025,INJ,INJ:vwap_reclaim:long:market_contra:h18:l5,vwap_reclaim,long,market_contra,18,5.0,42,-0.7248687140661658,-72.48687140661659,-1.7258778906337282,11,31,26.190476190476193,0.42918669004662197
2026_01_05,INJ,INJ:vwap_reclaim:long:market_contra:h18:l5,vwap_reclaim,long,market_contra,18,5.0,20,0.01332280494586946,1.332280494586946,0.0666140247293473,8,12,40.0,1.0179279631167135
2023H2,INJ,INJ:vwap_reclaim:short:market_contra:h18:l5,vwap_reclaim,short,market_contra,18,5.0,29,-0.19997107223285904,-19.997107223285905,-0.6895554214926174,15,14,51.724137931034484,0.7541631175828379
2024,INJ,INJ:vwap_reclaim:short:market_contra:h18:l5,vwap_reclaim,short,market_contra,18,5.0,80,0.326665769039976,32.6665769039976,0.40833221129997,38,42,47.5,1.1676881462736075
2025,INJ,INJ:vwap_reclaim:short:market_contra:h18:l5,vwap_reclaim,short,market_contra,18,5.0,41,-0.0219911252537075,-2.19911252537075,-0.05363689086270122,22,19,53.65853658536586,0.9738307188025989
2026_01_05,INJ,INJ:vwap_reclaim:short:market_contra:h18:l5,vwap_reclaim,short,market_contra,18,5.0,17,-0.1769503957032592,-17.69503957032592,-1.0408846806074072,8,9,47.05882352941176,0.5786609341530521
2023H2,INJ,INJ:range_breakout:long:market_aligned:h24:l4,range_breakout,long,market_aligned,24,4.0,171,0.2836865791157801,28.368657911578012,0.16589858427823398,85,86,49.707602339181285,1.0697820903080433
2024,INJ,INJ:range_breakout:long:market_aligned:h24:l4,range_breakout,long,market_aligned,24,4.0,288,-0.447443475660144,-44.7443475660144,-0.15536231793755,135,153,46.875,0.948776375904628
2025,INJ,INJ:range_breakout:long:market_aligned:h24:l4,range_breakout,long,market_aligned,24,4.0,256,0.44046634761350845,44.046634761350845,0.17205716703652674,128,128,50.0,1.0717167131001841
2026_01_05,INJ,INJ:range_breakout:long:market_aligned:h24:l4,range_breakout,long,market_aligned,24,4.0,99,-0.2106445637086014,-21.064456370860142,-0.21277228657434485,48,51,48.484848484848484,0.9019391750513847
2023H2,INJ,INJ:range_breakout:short:market_aligned:h24:l4,range_breakout,short,market_aligned,24,4.0,145,-2.042083664091816,-204.20836640918162,-1.4083335614426318,53,92,36.55172413793103,0.5191959841239321
2024,INJ,INJ:range_breakout:short:market_aligned:h24:l4,range_breakout,short,market_aligned,24,4.0,262,-0.5552410674594097,-55.52410674594097,-0.21192407154939302,122,140,46.56488549618321,0.9296402277356893
2025,INJ,INJ:range_breakout:short:market_aligned:h24:l4,range_breakout,short,market_aligned,24,4.0,268,1.7404860590036004,174.04860590036003,0.6494350966431345,134,134,50.0,1.3056453630324039
2026_01_05,INJ,INJ:range_breakout:short:market_aligned:h24:l4,range_breakout,short,market_aligned,24,4.0,121,-0.48682290766371317,-48.68229076637132,-0.4023329815402588,60,61,49.586776859504134,0.7958250745825031
2023H2,INJ,INJ:stoch_turn:long:local_trend:h24:l4,stoch_turn,long,local_trend,24,4.0,21,0.3061135365318166,30.61135365318166,1.4576835072943648,11,10,52.38095238095239,1.7753778962534252
2024,INJ,INJ:stoch_turn:long:local_trend:h24:l4,stoch_turn,long,local_trend,24,4.0,59,-0.386890242395987,-38.6890242395987,-0.6557461735525204,28,31,47.45762711864407,0.7423618472357282
2025,INJ,INJ:stoch_turn:long:local_trend:h24:l4,stoch_turn,long,local_trend,24,4.0,40,-0.04523338037547697,-4.523338037547697,-0.11308345093869245,20,20,50.0,0.9470030271959816
2026_01_05,INJ,INJ:stoch_turn:long:local_trend:h24:l4,stoch_turn,long,local_trend,24,4.0,12,-0.35569183241056823,-35.56918324105682,-2.9640986034214016,4,8,33.33333333333333,0.15815522865066636
2023H2,INJ,INJ:stoch_turn:short:local_trend:h24:l4,stoch_turn,short,local_trend,24,4.0,35,0.2880521094686217,28.805210946862168,0.8230060270532049,23,12,65.71428571428571,1.4694864732345945
2024,INJ,INJ:stoch_turn:short:local_trend:h24:l4,stoch_turn,short,local_trend,24,4.0,50,-0.3681590350240018,-36.81590350240018,-0.7363180700480036,25,25,50.0,0.7368026467471422
2025,INJ,INJ:stoch_turn:short:local_trend:h24:l4,stoch_turn,short,local_trend,24,4.0,60,-0.25811629206139086,-25.811629206139088,-0.43019382010231805,32,28,53.333333333333336,0.8169139828164721
2026_01_05,INJ,INJ:stoch_turn:short:local_trend:h24:l4,stoch_turn,short,local_trend,24,4.0,19,-0.12060645767231604,-12.060645767231604,-0.634770829854295,9,10,47.368421052631575,0.7252246359165512
2023H2,ALGO,ALGO:panic_snapback:long:market_contra:h12:l4,panic_snapback,long,market_contra,12,4.0,36,-0.43783225213803645,-43.78322521380365,-1.2162007003834345,15,21,41.66666666666667,0.5548709141918898
2024,ALGO,ALGO:panic_snapback:long:market_contra:h12:l4,panic_snapback,long,market_contra,12,4.0,85,-0.19173993244183452,-19.17399324418345,-0.2255763911080406,47,38,55.294117647058826,0.9153045850469186
2025,ALGO,ALGO:panic_snapback:long:market_contra:h12:l4,panic_snapback,long,market_contra,12,4.0,81,0.6609692802275235,66.09692802275235,0.8160114570710167,37,44,45.67901234567901,1.3886958748287823
2026_01_05,ALGO,ALGO:panic_snapback:long:market_contra:h12:l4,panic_snapback,long,market_contra,12,4.0,18,0.216097817345148,21.609781734514797,1.2005434296952666,12,6,66.66666666666666,1.8076173226478955
2023H2,ALGO,ALGO:panic_snapback:short:market_contra:h12:l4,panic_snapback,short,market_contra,12,4.0,22,-0.23568046766266804,-23.568046766266804,-1.0712748530121274,11,11,50.0,0.6103759598250965
2024,ALGO,ALGO:panic_snapback:short:market_contra:h12:l4,panic_snapback,short,market_contra,12,4.0,55,-0.8623075263705471,-86.2307526370547,-1.5678318661282675,22,33,40.0,0.5649159996832309
2025,ALGO,ALGO:panic_snapback:short:market_contra:h12:l4,panic_snapback,short,market_contra,12,4.0,73,-0.21534222493803146,-21.534222493803146,-0.29498934923018005,37,36,50.68493150684932,0.8718626288656816
2026_01_05,ALGO,ALGO:panic_snapback:short:market_contra:h12:l4,panic_snapback,short,market_contra,12,4.0,23,0.07983361191611316,7.983361191611316,0.3471026605048398,11,12,47.82608695652174,1.2602047113385229
2023H2,ALGO,ALGO:rsi_reversion:long:local_chop:h24:l4,rsi_reversion,long,local_chop,24,4.0,56,-0.0028735606869974006,-0.28735606869974006,-0.005131358369638216,27,29,48.214285714285715,0.9974040490153788
2024,ALGO,ALGO:rsi_reversion:long:local_chop:h24:l4,rsi_reversion,long,local_chop,24,4.0,95,-0.1588574207473954,-15.88574207473954,-0.16721833762883725,46,49,48.421052631578945,0.9173657548020507
2025,ALGO,ALGO:rsi_reversion:long:local_chop:h24:l4,rsi_reversion,long,local_chop,24,4.0,69,-0.11834211566669861,-11.834211566669861,-0.17151031256043275,36,33,52.17391304347826,0.9134172207887258
2026_01_05,ALGO,ALGO:rsi_reversion:long:local_chop:h24:l4,rsi_reversion,long,local_chop,24,4.0,32,-0.08645464837625383,-8.645464837625383,-0.2701707761757932,16,16,50.0,0.8508061778276723
2023H2,ALGO,ALGO:rsi_reversion:short:local_chop:h24:l4,rsi_reversion,short,local_chop,24,4.0,26,-0.23986911095673857,-23.986911095673857,-0.9225735036797637,10,16,38.46153846153847,0.6533550805252492
2024,ALGO,ALGO:rsi_reversion:short:local_chop:h24:l4,rsi_reversion,short,local_chop,24,4.0,58,-0.6780812278970059,-67.80812278970059,-1.1691055653396654,27,31,46.55172413793103,0.6098625351986017
2025,ALGO,ALGO:rsi_reversion:short:local_chop:h24:l4,rsi_reversion,short,local_chop,24,4.0,73,-0.845381675834056,-84.5381675834056,-1.1580570901836384,33,40,45.20547945205479,0.5686219518123745
2026_01_05,ALGO,ALGO:rsi_reversion:short:local_chop:h24:l4,rsi_reversion,short,local_chop,24,4.0,32,0.46653195263969627,46.65319526396963,1.457912351999051,22,10,68.75,2.294402657654545
2023H2,ALGO,ALGO:micro_momentum:long:market_chop:h18:l5,micro_momentum,long,market_chop,18,5.0,69,0.10153785659015147,10.153785659015146,0.14715631389877024,30,39,43.47826086956522,1.069671091105233
2024,ALGO,ALGO:micro_momentum:long:market_chop:h18:l5,micro_momentum,long,market_chop,18,5.0,112,0.18272401841707142,18.272401841707143,0.16314644501524234,54,58,48.214285714285715,1.0539833417446982
2025,ALGO,ALGO:micro_momentum:long:market_chop:h18:l5,micro_momentum,long,market_chop,18,5.0,129,-0.8041067165022908,-80.41067165022908,-0.6233385399242565,54,75,41.86046511627907,0.7768723393123824
2026_01_05,ALGO,ALGO:micro_momentum:long:market_chop:h18:l5,micro_momentum,long,market_chop,18,5.0,43,0.12842706688119765,12.842706688119765,0.2986675973981341,22,21,51.162790697674424,1.1157230506917846
2023H2,ALGO,ALGO:micro_momentum:short:market_chop:h18:l5,micro_momentum,short,market_chop,18,5.0,61,0.7023831981051332,70.23831981051332,1.15144786574612,29,32,47.540983606557376,1.850426467053604
2024,ALGO,ALGO:micro_momentum:short:market_chop:h18:l5,micro_momentum,short,market_chop,18,5.0,168,0.9892883195265328,98.92883195265328,0.5888620949562695,82,86,48.80952380952381,1.3356837225079348
2025,ALGO,ALGO:micro_momentum:short:market_chop:h18:l5,micro_momentum,short,market_chop,18,5.0,164,0.28865468502418723,28.86546850241872,0.176008954283041,82,82,50.0,1.0875402160621803
2026_01_05,ALGO,ALGO:micro_momentum:short:market_chop:h18:l5,micro_momentum,short,market_chop,18,5.0,60,-0.13369672912486252,-13.369672912486251,-0.22282788187477087,26,34,43.333333333333336,0.8735867674014859
2023H2,ALGO,ALGO:vwap_reclaim:long:market_contra:h18:l5,vwap_reclaim,long,market_contra,18,5.0,35,-0.3559081654859625,-35.59081654859625,-1.0168804728170358,13,22,37.142857142857146,0.5335508177508861
2024,ALGO,ALGO:vwap_reclaim:long:market_contra:h18:l5,vwap_reclaim,long,market_contra,18,5.0,47,0.1909111261793034,19.09111261793034,0.40619388548787955,22,25,46.808510638297875,1.155984082730071
2025,ALGO,ALGO:vwap_reclaim:long:market_contra:h18:l5,vwap_reclaim,long,market_contra,18,5.0,42,-0.412521185913422,-41.2521185913422,-0.9821932997938619,18,24,42.857142857142854,0.5939386287330036
2026_01_05,ALGO,ALGO:vwap_reclaim:long:market_contra:h18:l5,vwap_reclaim,long,market_contra,18,5.0,22,0.2299201125124256,22.992011251242563,1.0450914205110255,10,12,45.45454545454545,1.7390510686867218
2023H2,ALGO,ALGO:vwap_reclaim:short:market_contra:h18:l5,vwap_reclaim,short,market_contra,18,5.0,25,-0.2510130341852723,-25.10130341852723,-1.0040521367410893,11,14,44.0,0.5402596564574493
2024,ALGO,ALGO:vwap_reclaim:short:market_contra:h18:l5,vwap_reclaim,short,market_contra,18,5.0,62,1.0470426228157752,104.70426228157751,1.6887784238964114,34,28,54.83870967741935,1.9090920811859393
2025,ALGO,ALGO:vwap_reclaim:short:market_contra:h18:l5,vwap_reclaim,short,market_contra,18,5.0,41,-0.14228371546827823,-14.228371546827823,-0.3470334523616542,17,24,41.46341463414634,0.8542574503968726
2026_01_05,ALGO,ALGO:vwap_reclaim:short:market_contra:h18:l5,vwap_reclaim,short,market_contra,18,5.0,26,-0.3655837887260932,-36.55837887260932,-1.4060914951003585,6,20,23.076923076923077,0.41754537127606
2023H2,ALGO,ALGO:range_breakout:long:market_aligned:h24:l4,range_breakout,long,market_aligned,24,4.0,116,-0.26729440150131323,-26.729440150131325,-0.23042620819078724,51,65,43.96551724137931,0.8841500605071273
2024,ALGO,ALGO:range_breakout:long:market_aligned:h24:l4,range_breakout,long,market_aligned,24,4.0,240,0.5078155874214585,50.78155874214585,0.21158982809227436,101,139,42.083333333333336,1.0959840271746026
2025,ALGO,ALGO:range_breakout:long:market_aligned:h24:l4,range_breakout,long,market_aligned,24,4.0,210,0.9485000436403901,94.85000436403901,0.4516666874478048,103,107,49.047619047619044,1.2084016424721893
2026_01_05,ALGO,ALGO:range_breakout:long:market_aligned:h24:l4,range_breakout,long,market_aligned,24,4.0,81,-0.25821528228940416,-25.821528228940416,-0.31878429912272116,33,48,40.74074074074074,0.8048536319804841
2023H2,ALGO,ALGO:range_breakout:short:market_aligned:h24:l4,range_breakout,short,market_aligned,24,4.0,116,-0.8721725789845873,-87.21725789845874,-0.7518729129177477,43,73,37.06896551724138,0.6703447438148867
2024,ALGO,ALGO:range_breakout:short:market_aligned:h24:l4,range_breakout,short,market_aligned,24,4.0,204,0.14216613431600944,14.216613431600944,0.0696892815274556,83,121,40.68627450980392,1.0274899016960766
2025,ALGO,ALGO:range_breakout:short:market_aligned:h24:l4,range_breakout,short,market_aligned,24,4.0,244,1.5550751277748764,155.50751277748765,0.6373258720388838,113,131,46.31147540983606,1.28615295991326
2026_01_05,ALGO,ALGO:range_breakout:short:market_aligned:h24:l4,range_breakout,short,market_aligned,24,4.0,88,0.2752614310381598,27.526143103815983,0.3127970807251816,50,38,56.81818181818182,1.178864082020796
2023H2,ALGO,ALGO:stoch_turn:long:local_trend:h24:l4,stoch_turn,long,local_trend,24,4.0,25,-0.27732301560741934,-27.732301560741934,-1.1092920624296774,12,13,48.0,0.6422269952878794
2024,ALGO,ALGO:stoch_turn:long:local_trend:h24:l4,stoch_turn,long,local_trend,24,4.0,54,-0.4816103394933151,-48.16103394933151,-0.8918709990616946,23,31,42.592592592592595,0.6236767925174619
2025,ALGO,ALGO:stoch_turn:long:local_trend:h24:l4,stoch_turn,long,local_trend,24,4.0,49,0.16061180605530856,16.061180605530858,0.32777919603124195,23,26,46.93877551020408,1.1806036767274704
2026_01_05,ALGO,ALGO:stoch_turn:long:local_trend:h24:l4,stoch_turn,long,local_trend,24,4.0,12,0.15924718792677117,15.924718792677117,1.3270598993897598,7,5,58.333333333333336,1.8933520100869576
2023H2,ALGO,ALGO:stoch_turn:short:local_trend:h24:l4,stoch_turn,short,local_trend,24,4.0,18,-0.032464428878791196,-3.2464428878791196,-0.18035793821550666,10,8,55.55555555555556,0.8981948375806051
2024,ALGO,ALGO:stoch_turn:short:local_trend:h24:l4,stoch_turn,short,local_trend,24,4.0,52,-0.2827033451316603,-28.270334513166027,-0.5436602790993468,22,30,42.30769230769231,0.6767732571363791
2025,ALGO,ALGO:stoch_turn:short:local_trend:h24:l4,stoch_turn,short,local_trend,24,4.0,62,0.09838226923818061,9.83822692381806,0.15868107941642032,30,32,48.38709677419355,1.113341576123256
2026_01_05,ALGO,ALGO:stoch_turn:short:local_trend:h24:l4,stoch_turn,short,local_trend,24,4.0,17,-0.02938791955361797,-2.938791955361797,-0.1728701150212822,7,10,41.17647058823529,0.8841223081958033
2023H2,HBAR,HBAR:panic_snapback:long:market_contra:h12:l4,panic_snapback,long,market_contra,12,4.0,35,-0.0037361236521067376,-0.37361236521067376,-0.01067463900601925,14,21,40.0,0.9944127747983671
2024,HBAR,HBAR:panic_snapback:long:market_contra:h12:l4,panic_snapback,long,market_contra,12,4.0,109,-0.6718932297173374,-67.18932297173374,-0.6164158070801261,57,52,52.293577981651374,0.7930719442412679
2025,HBAR,HBAR:panic_snapback:long:market_contra:h12:l4,panic_snapback,long,market_contra,12,4.0,107,0.6947232866548725,69.47232866548725,0.649274099677451,51,56,47.66355140186916,1.354158391874284
2026_01_05,HBAR,HBAR:panic_snapback:long:market_contra:h12:l4,panic_snapback,long,market_contra,12,4.0,28,-0.10739311950669572,-10.739311950669572,-0.38354685538105615,14,14,50.0,0.7411192109102105
2023H2,HBAR,HBAR:panic_snapback:short:market_contra:h12:l4,panic_snapback,short,market_contra,12,4.0,25,0.24324042757036723,24.32404275703672,0.972961710281469,18,7,72.0,1.9158017496637145
2024,HBAR,HBAR:panic_snapback:short:market_contra:h12:l4,panic_snapback,short,market_contra,12,4.0,78,-1.4485109170054313,-144.85109170054312,-1.8570652782120913,43,35,55.12820512820513,0.47646733314639145
2025,HBAR,HBAR:panic_snapback:short:market_contra:h12:l4,panic_snapback,short,market_contra,12,4.0,86,-0.2599401830289749,-25.994018302897494,-0.30225602677787783,47,39,54.65116279069767,0.8676585776617596
2026_01_05,HBAR,HBAR:panic_snapback:short:market_contra:h12:l4,panic_snapback,short,market_contra,12,4.0,21,-0.0904364080763429,-9.04364080763429,-0.4306495622682995,10,11,47.61904761904761,0.7920348124129079
2023H2,HBAR,HBAR:rsi_reversion:long:local_chop:h24:l4,rsi_reversion,long,local_chop,24,4.0,62,0.11589542850830314,11.589542850830314,0.18692811049726313,33,29,53.2258064516129,1.1277994418436041
2024,HBAR,HBAR:rsi_reversion:long:local_chop:h24:l4,rsi_reversion,long,local_chop,24,4.0,74,-0.36474647732107046,-36.474647732107044,-0.49290064502847364,31,43,41.891891891891895,0.8191099035073359
2025,HBAR,HBAR:rsi_reversion:long:local_chop:h24:l4,rsi_reversion,long,local_chop,24,4.0,92,-0.7591799295009909,-75.91799295009909,-0.8251955755445554,45,47,48.91304347826087,0.7007843381942206
2026_01_05,HBAR,HBAR:rsi_reversion:long:local_chop:h24:l4,rsi_reversion,long,local_chop,24,4.0,21,0.010823053035160513,1.0823053035160513,0.05153834778647863,12,9,57.14285714285714,1.0484160144332049
2023H2,HBAR,HBAR:rsi_reversion:short:local_chop:h24:l4,rsi_reversion,short,local_chop,24,4.0,41,0.39743267060211007,39.74326706021101,0.9693479770783173,20,21,48.78048780487805,1.563668378802018
2024,HBAR,HBAR:rsi_reversion:short:local_chop:h24:l4,rsi_reversion,short,local_chop,24,4.0,74,-1.1295345983206126,-112.95345983206127,-1.5263981058386658,31,43,41.891891891891895,0.5739924741293769
2025,HBAR,HBAR:rsi_reversion:short:local_chop:h24:l4,rsi_reversion,short,local_chop,24,4.0,74,-0.1981638205853855,-19.81638205853855,-0.2677889467370075,35,39,47.2972972972973,0.8869578904258395
2026_01_05,HBAR,HBAR:rsi_reversion:short:local_chop:h24:l4,rsi_reversion,short,local_chop,24,4.0,29,0.22384115004852845,22.384115004852845,0.7718660346500981,16,13,55.172413793103445,1.5296552655350004
2023H2,HBAR,HBAR:micro_momentum:long:market_chop:h18:l5,micro_momentum,long,market_chop,18,5.0,70,-0.41098272172178485,-41.09827217217848,-0.587118173888264,29,41,41.42857142857143,0.7324708920803974
2024,HBAR,HBAR:micro_momentum:long:market_chop:h18:l5,micro_momentum,long,market_chop,18,5.0,124,0.37778348829910324,37.77834882991032,0.3046641034670187,53,71,42.74193548387097,1.0977215884105425
2025,HBAR,HBAR:micro_momentum:long:market_chop:h18:l5,micro_momentum,long,market_chop,18,5.0,130,-1.179184608615672,-117.91846086156721,-0.907065083550517,66,64,50.76923076923077,0.6912825657982696
2026_01_05,HBAR,HBAR:micro_momentum:long:market_chop:h18:l5,micro_momentum,long,market_chop,18,5.0,35,0.3848516357906395,38.48516357906395,1.09957610225897,17,18,48.57142857142857,1.5917540281253195
2023H2,HBAR,HBAR:micro_momentum:short:market_chop:h18:l5,micro_momentum,short,market_chop,18,5.0,52,-0.3537205124513154,-35.372051245131544,-0.6802317547140682,24,28,46.15384615384615,0.7015354798573089
2024,HBAR,HBAR:micro_momentum:short:market_chop:h18:l5,micro_momentum,short,market_chop,18,5.0,159,0.7006947889533416,70.06947889533416,0.4406885465115356,82,77,51.57232704402516,1.2127982962632173
2025,HBAR,HBAR:micro_momentum:short:market_chop:h18:l5,micro_momentum,short,market_chop,18,5.0,162,0.1637521631699268,16.37521631699268,0.10108158220365852,77,85,47.53086419753087,1.047186340725394
2026_01_05,HBAR,HBAR:micro_momentum:short:market_chop:h18:l5,micro_momentum,short,market_chop,18,5.0,35,0.15991916676487639,15.991916676487639,0.456911905042504,19,16,54.285714285714285,1.4872327611677922
2023H2,HBAR,HBAR:vwap_reclaim:long:market_contra:h18:l5,vwap_reclaim,long,market_contra,18,5.0,31,-0.5477419878463785,-54.77419878463785,-1.766909638214124,17,14,54.83870967741935,0.44587081619899377
2024,HBAR,HBAR:vwap_reclaim:long:market_contra:h18:l5,vwap_reclaim,long,market_contra,18,5.0,36,-0.24520452036271678,-24.520452036271678,-0.6811236676742133,18,18,50.0,0.8177947138496047
2025,HBAR,HBAR:vwap_reclaim:long:market_contra:h18:l5,vwap_reclaim,long,market_contra,18,5.0,46,-1.2299869334812303,-122.99869334812303,-2.673884638002675,17,29,36.95652173913043,0.3825770725415731
2026_01_05,HBAR,HBAR:vwap_reclaim:long:market_contra:h18:l5,vwap_reclaim,long,market_contra,18,5.0,11,0.09874582954001676,9.874582954001676,0.8976893594546979,6,5,54.54545454545454,1.4217692518830038
2023H2,HBAR,HBAR:vwap_reclaim:short:market_contra:h18:l5,vwap_reclaim,short,market_contra,18,5.0,23,0.17059238952551126,17.059238952551127,0.7417060414152663,16,7,69.56521739130434,1.4960752578078391
2024,HBAR,HBAR:vwap_reclaim:short:market_contra:h18:l5,vwap_reclaim,short,market_contra,18,5.0,59,-0.02811007211290739,-2.811007211290739,-0.047644190021876934,28,31,47.45762711864407,0.9798410006851624
2025,HBAR,HBAR:vwap_reclaim:short:market_contra:h18:l5,vwap_reclaim,short,market_contra,18,5.0,48,0.3208029614205704,32.080296142057044,0.6683395029595217,30,18,62.5,1.3556191633173489
2026_01_05,HBAR,HBAR:vwap_reclaim:short:market_contra:h18:l5,vwap_reclaim,short,market_contra,18,5.0,8,-0.048323504835587894,-4.832350483558789,-0.6040438104448487,2,6,25.0,0.6976101335979932
2023H2,HBAR,HBAR:range_breakout:long:market_aligned:h24:l4,range_breakout,long,market_aligned,24,4.0,131,-1.2011948372464372,-120.11948372464371,-0.9169426238522422,60,71,45.80152671755725,0.5775692618682273
2024,HBAR,HBAR:range_breakout:long:market_aligned:h24:l4,range_breakout,long,market_aligned,24,4.0,258,-0.9477187493243351,-94.7718749324335,-0.36733284857532367,114,144,44.18604651162791,0.8387319553411393
2025,HBAR,HBAR:range_breakout:long:market_aligned:h24:l4,range_breakout,long,market_aligned,24,4.0,261,-0.014583132726912584,-1.4583132726912584,-0.005587407175062293,130,131,49.808429118773944,0.9972679418387864
2026_01_05,HBAR,HBAR:range_breakout:long:market_aligned:h24:l4,range_breakout,long,market_aligned,24,4.0,85,-0.35070235941544103,-35.070235941544105,-0.4125910110769894,34,51,40.0,0.7563815760257692
2023H2,HBAR,HBAR:range_breakout:short:market_aligned:h24:l4,range_breakout,short,market_aligned,24,4.0,112,-0.09232532260451753,-9.232532260451753,-0.08243332375403352,51,61,45.535714285714285,0.9515889225878023
2024,HBAR,HBAR:range_breakout:short:market_aligned:h24:l4,range_breakout,short,market_aligned,24,4.0,229,-1.1531413472416028,-115.31413472416028,-0.5035551734679489,109,120,47.59825327510917,0.8186073377397874
2025,HBAR,HBAR:range_breakout:short:market_aligned:h24:l4,range_breakout,short,market_aligned,24,4.0,277,1.3541039680457923,135.41039680457922,0.48884619785046657,128,149,46.20938628158845,1.2210389510036954
2026_01_05,HBAR,HBAR:range_breakout:short:market_aligned:h24:l4,range_breakout,short,market_aligned,24,4.0,127,0.785602403369897,78.5602403369897,0.618584569582596,76,51,59.84251968503938,1.6545228130026104
2023H2,HBAR,HBAR:stoch_turn:long:local_trend:h24:l4,stoch_turn,long,local_trend,24,4.0,33,-0.46375744776532946,-46.37574477653295,-1.4053255992888771,15,18,45.45454545454545,0.4702272045388902
2024,HBAR,HBAR:stoch_turn:long:local_trend:h24:l4,stoch_turn,long,local_trend,24,4.0,63,-0.4105217023750036,-41.05217023750036,-0.651621749801593,28,35,44.44444444444444,0.7206818228155897
2025,HBAR,HBAR:stoch_turn:long:local_trend:h24:l4,stoch_turn,long,local_trend,24,4.0,51,0.4145401933123978,41.45401933123978,0.8128239084556819,22,29,43.13725490196079,1.4647024396025006
2026_01_05,HBAR,HBAR:stoch_turn:long:local_trend:h24:l4,stoch_turn,long,local_trend,24,4.0,11,-0.035469035730436804,-3.5469035730436804,-0.3224457793676073,3,8,27.27272727272727,0.7693591820704296
2023H2,HBAR,HBAR:stoch_turn:short:local_trend:h24:l4,stoch_turn,short,local_trend,24,4.0,19,-0.13643196860070628,-13.643196860070628,-0.7180629926352963,7,12,36.84210526315789,0.6092649118555427
2024,HBAR,HBAR:stoch_turn:short:local_trend:h24:l4,stoch_turn,short,local_trend,24,4.0,45,0.2295952596693822,22.959525966938223,0.5102116881541827,23,22,51.11111111111111,1.292016664639799
2025,HBAR,HBAR:stoch_turn:short:local_trend:h24:l4,stoch_turn,short,local_trend,24,4.0,59,0.2102236027820421,21.02236027820421,0.35631119115600357,34,25,57.6271186440678,1.2026047273218097
2026_01_05,HBAR,HBAR:stoch_turn:short:local_trend:h24:l4,stoch_turn,short,local_trend,24,4.0,16,-0.2751528524698652,-27.515285246986522,-1.7197053279366576,6,10,37.5,0.2148748479440042
2023H2,FET,FET:panic_snapback:long:market_contra:h12:l4,panic_snapback,long,market_contra,12,4.0,48,0.06199980899145974,6.199980899145974,0.12916626873220777,28,20,58.333333333333336,1.060190414160155
2024,FET,FET:panic_snapback:long:market_contra:h12:l4,panic_snapback,long,market_contra,12,4.0,117,0.029571325907441715,2.9571325907441715,0.02527463752772796,62,55,52.991452991452995,1.0077645703959468
2025,FET,FET:panic_snapback:long:market_contra:h12:l4,panic_snapback,long,market_contra,12,4.0,87,1.1778486912814614,117.78486912814614,1.3538490704384614,48,39,55.172413793103445,1.9213459456656083
2026_01_05,FET,FET:panic_snapback:long:market_contra:h12:l4,panic_snapback,long,market_contra,12,4.0,35,-0.03942352466615473,-3.942352466615473,-0.11263864190329924,16,19,45.714285714285715,0.9441974647556981
2023H2,FET,FET:panic_snapback:short:market_contra:h12:l4,panic_snapback,short,market_contra,12,4.0,58,0.8213566714941596,82.13566714941595,1.4161321922313097,30,28,51.724137931034484,1.9544332808576161
2024,FET,FET:panic_snapback:short:market_contra:h12:l4,panic_snapback,short,market_contra,12,4.0,117,1.2360009362505289,123.60009362505289,1.0564110566243836,74,43,63.24786324786324,1.587609225307257
2025,FET,FET:panic_snapback:short:market_contra:h12:l4,panic_snapback,short,market_contra,12,4.0,92,-0.24821918437928936,-24.821918437928936,-0.26980346128183624,46,46,50.0,0.8854796366261186
2026_01_05,FET,FET:panic_snapback:short:market_contra:h12:l4,panic_snapback,short,market_contra,12,4.0,36,-0.28206409645396224,-28.206409645396224,-0.783511379038784,17,19,47.22222222222222,0.6892563866985881
2023H2,FET,FET:rsi_reversion:long:local_chop:h24:l4,rsi_reversion,long,local_chop,24,4.0,70,0.5812471389659892,58.12471389659892,0.830353055665699,36,34,51.42857142857142,1.4436621078958947
2024,FET,FET:rsi_reversion:long:local_chop:h24:l4,rsi_reversion,long,local_chop,24,4.0,128,0.9329323319715446,93.29323319715445,0.7288533843527691,68,60,53.125,1.2937941741509889
2025,FET,FET:rsi_reversion:long:local_chop:h24:l4,rsi_reversion,long,local_chop,24,4.0,95,0.5533430422150771,55.334304221507715,0.582466360226397,49,46,51.578947368421055,1.299378913089392
2026_01_05,FET,FET:rsi_reversion:long:local_chop:h24:l4,rsi_reversion,long,local_chop,24,4.0,39,0.22054500209736494,22.054500209736496,0.5655000053778588,22,17,56.41025641025641,1.4297928127193864
2023H2,FET,FET:rsi_reversion:short:local_chop:h24:l4,rsi_reversion,short,local_chop,24,4.0,47,-0.1503304099481304,-15.03304099481304,-0.3198519360598519,26,21,55.319148936170215,0.8816569539522883
2024,FET,FET:rsi_reversion:short:local_chop:h24:l4,rsi_reversion,short,local_chop,24,4.0,84,0.886007102179005,88.6007102179005,1.0547703597369107,49,35,58.333333333333336,1.3878463298852297
2025,FET,FET:rsi_reversion:short:local_chop:h24:l4,rsi_reversion,short,local_chop,24,4.0,84,0.501354827383611,50.135482738361105,0.5968509849804894,47,37,55.952380952380956,1.3339457899483176
2026_01_05,FET,FET:rsi_reversion:short:local_chop:h24:l4,rsi_reversion,short,local_chop,24,4.0,49,0.0057558788407297,0.57558788407297,0.011746691511693266,23,26,46.93877551020408,1.0045164630053514
2023H2,FET,FET:micro_momentum:long:market_chop:h18:l5,micro_momentum,long,market_chop,18,5.0,95,0.4328948849711478,43.28948849711478,0.4556788262854187,42,53,44.21052631578947,1.1695037343146153
2024,FET,FET:micro_momentum:long:market_chop:h18:l5,micro_momentum,long,market_chop,18,5.0,140,-1.1328636183341385,-113.28636183341385,-0.809188298810099,64,76,45.714285714285715,0.7831214259200323
2025,FET,FET:micro_momentum:long:market_chop:h18:l5,micro_momentum,long,market_chop,18,5.0,135,-1.0857095068975071,-108.57095068975072,-0.8042292643685238,55,80,40.74074074074074,0.784296761844037
2026_01_05,FET,FET:micro_momentum:long:market_chop:h18:l5,micro_momentum,long,market_chop,18,5.0,64,0.33773416996100425,33.77341699610042,0.5277096405640691,33,31,51.5625,1.1603040077992073
2023H2,FET,FET:micro_momentum:short:market_chop:h18:l5,micro_momentum,short,market_chop,18,5.0,87,-0.7555650601108349,-75.55650601108348,-0.8684655863342929,36,51,41.37931034482759,0.6935808181296825
2024,FET,FET:micro_momentum:short:market_chop:h18:l5,micro_momentum,short,market_chop,18,5.0,151,1.474335027310301,147.4335027310301,0.9763808127882788,80,71,52.980132450331126,1.4122966913161825
2025,FET,FET:micro_momentum:short:market_chop:h18:l5,micro_momentum,short,market_chop,18,5.0,179,1.8349296200989507,183.49296200989505,1.025100346423995,92,87,51.39664804469274,1.5264838554743516
2026_01_05,FET,FET:micro_momentum:short:market_chop:h18:l5,micro_momentum,short,market_chop,18,5.0,67,-0.497790886512956,-49.7790886512956,-0.742971472407397,27,40,40.298507462686565,0.7204989543124151
2023H2,FET,FET:vwap_reclaim:long:market_contra:h18:l5,vwap_reclaim,long,market_contra,18,5.0,38,-0.13814555094226133,-13.814555094226133,-0.3635409235322667,18,20,47.368421052631575,0.892955397604368
2024,FET,FET:vwap_reclaim:long:market_contra:h18:l5,vwap_reclaim,long,market_contra,18,5.0,45,-0.08173369767776606,-8.173369767776606,-0.18163043928392458,24,21,53.333333333333336,0.9539095901418546
2025,FET,FET:vwap_reclaim:long:market_contra:h18:l5,vwap_reclaim,long,market_contra,18,5.0,33,-0.6533943719212693,-65.33943719212692,-1.9799829452159676,14,19,42.42424242424242,0.5034367323960252
2026_01_05,FET,FET:vwap_reclaim:long:market_contra:h18:l5,vwap_reclaim,long,market_contra,18,5.0,28,0.17866815382418022,17.86681538241802,0.6381005493720722,15,13,53.57142857142857,1.2429946516148012
2023H2,FET,FET:vwap_reclaim:short:market_contra:h18:l5,vwap_reclaim,short,market_contra,18,5.0,32,-0.41428389638713037,-41.428389638713035,-1.2946371762097824,13,19,40.625,0.5896635859619261
2024,FET,FET:vwap_reclaim:short:market_contra:h18:l5,vwap_reclaim,short,market_contra,18,5.0,67,0.9378271875012512,93.78271875012511,1.3997420708973898,39,28,58.2089552238806,1.5672445025223174
2025,FET,FET:vwap_reclaim:short:market_contra:h18:l5,vwap_reclaim,short,market_contra,18,5.0,40,0.12709307462692332,12.709307462692331,0.3177326865673083,18,22,45.0,1.1355995317290244
2026_01_05,FET,FET:vwap_reclaim:short:market_contra:h18:l5,vwap_reclaim,short,market_contra,18,5.0,13,-0.11960720108805833,-11.960720108805834,-0.9200553929850641,7,6,53.84615384615385,0.47215365964048656
2023H2,FET,FET:range_breakout:long:market_aligned:h24:l4,range_breakout,long,market_aligned,24,4.0,144,-0.2579640688010758,-25.796406880107583,-0.17914171444519153,63,81,43.75,0.9325790998767276
2024,FET,FET:range_breakout:long:market_aligned:h24:l4,range_breakout,long,market_aligned,24,4.0,275,-1.4593204752929188,-145.93204752929188,-0.5306619910156068,123,152,44.72727272727273,0.8353825158857934
2025,FET,FET:range_breakout:long:market_aligned:h24:l4,range_breakout,long,market_aligned,24,4.0,247,-0.6709507607453666,-67.09507607453666,-0.2716399841074359,98,149,39.67611336032389,0.9012124232271796
2026_01_05,FET,FET:range_breakout:long:market_aligned:h24:l4,range_breakout,long,market_aligned,24,4.0,114,0.6446835647431697,64.46835647431696,0.5655118988975172,57,57,50.0,1.3143597830141187
2023H2,FET,FET:range_breakout:short:market_aligned:h24:l4,range_breakout,short,market_aligned,24,4.0,141,-1.547548707342516,-154.7548707342516,-1.0975522747110045,54,87,38.297872340425535,0.6110377895589992
2024,FET,FET:range_breakout:short:market_aligned:h24:l4,range_breakout,short,market_aligned,24,4.0,264,-1.410405385831409,-141.0405385831409,-0.5342444643300791,118,146,44.696969696969695,0.8267469827864787
2025,FET,FET:range_breakout:short:market_aligned:h24:l4,range_breakout,short,market_aligned,24,4.0,257,2.9776971137435,297.76971137435,1.158637009238716,131,126,50.97276264591439,1.5518408541377837
2026_01_05,FET,FET:range_breakout:short:market_aligned:h24:l4,range_breakout,short,market_aligned,24,4.0,116,-1.3099456606028923,-130.99456606028923,-1.129263500519735,46,70,39.6551724137931,0.5622415901878703
2023H2,FET,FET:stoch_turn:long:local_trend:h24:l4,stoch_turn,long,local_trend,24,4.0,30,0.46086647870601727,46.08664787060172,1.5362215956867242,22,8,73.33333333333333,1.8418687221645489
2024,FET,FET:stoch_turn:long:local_trend:h24:l4,stoch_turn,long,local_trend,24,4.0,52,0.6569809302380101,65.69809302380101,1.263424865842327,30,22,57.692307692307686,1.5838100372877082
2025,FET,FET:stoch_turn:long:local_trend:h24:l4,stoch_turn,long,local_trend,24,4.0,50,0.12296262554979176,12.296262554979176,0.24592525109958355,25,25,50.0,1.1344046119514957
2026_01_05,FET,FET:stoch_turn:long:local_trend:h24:l4,stoch_turn,long,local_trend,24,4.0,14,0.0638923959069495,6.389239590694951,0.4563742564782107,4,10,28.57142857142857,1.1868645180306876
2023H2,FET,FET:stoch_turn:short:local_trend:h24:l4,stoch_turn,short,local_trend,24,4.0,25,-0.3647848888478711,-36.47848888478711,-1.4591395553914843,13,12,52.0,0.525910982092642
2024,FET,FET:stoch_turn:short:local_trend:h24:l4,stoch_turn,short,local_trend,24,4.0,65,0.7049925991668959,70.4992599166896,1.0846039987183014,37,28,56.92307692307692,1.665196512729909
2025,FET,FET:stoch_turn:short:local_trend:h24:l4,stoch_turn,short,local_trend,24,4.0,57,-0.1433245850600522,-14.332458506005219,-0.25144664045623194,29,28,50.877192982456144,0.8895484973746218
2026_01_05,FET,FET:stoch_turn:short:local_trend:h24:l4,stoch_turn,short,local_trend,24,4.0,27,-0.043461697403865074,-4.346169740386507,-0.1609692496439447,12,15,44.44444444444444,0.8945422988027216
2023H2,GALA,GALA:panic_snapback:long:market_contra:h12:l4,panic_snapback,long,market_contra,12,4.0,39,0.6188870153842014,61.88870153842014,1.586889783036414,23,16,58.97435897435898,2.2039667792805315
2024,GALA,GALA:panic_snapback:long:market_contra:h12:l4,panic_snapback,long,market_contra,12,4.0,112,-1.6758905479997517,-167.58905479997517,-1.4963308464283498,63,49,56.25,0.5877640836338218
2025,GALA,GALA:panic_snapback:long:market_contra:h12:l4,panic_snapback,long,market_contra,12,4.0,92,0.9528482668716829,95.28482668716829,1.0357046379040031,51,41,55.434782608695656,1.5917729072266409
2026_01_05,GALA,GALA:panic_snapback:long:market_contra:h12:l4,panic_snapback,long,market_contra,12,4.0,19,0.3952311442882972,39.52311442882972,2.0801639173068276,13,6,68.42105263157895,2.52777156357313
2023H2,GALA,GALA:panic_snapback:short:market_contra:h12:l4,panic_snapback,short,market_contra,12,4.0,46,-0.38039814184288456,-38.03981418428846,-0.8269524822671404,23,23,50.0,0.7191557822859878
2024,GALA,GALA:panic_snapback:short:market_contra:h12:l4,panic_snapback,short,market_contra,12,4.0,96,0.19260582139851268,19.260582139851266,0.20063106395678404,54,42,56.25,1.092111408746103
2025,GALA,GALA:panic_snapback:short:market_contra:h12:l4,panic_snapback,short,market_contra,12,4.0,82,-0.29977756814878065,-29.977756814878063,-0.36558240018143984,37,45,45.1219512195122,0.8420349326040396
2026_01_05,GALA,GALA:panic_snapback:short:market_contra:h12:l4,panic_snapback,short,market_contra,12,4.0,8,0.03528755302624864,3.528755302624864,0.441094412828108,5,3,62.5,1.2297055528878442
2023H2,GALA,GALA:rsi_reversion:long:local_chop:h24:l4,rsi_reversion,long,local_chop,24,4.0,73,-0.5705350529207212,-57.05350529207212,-0.7815548670146866,38,35,52.054794520547944,0.6655696222252586
2024,GALA,GALA:rsi_reversion:long:local_chop:h24:l4,rsi_reversion,long,local_chop,24,4.0,123,0.16025759626025327,16.025759626025327,0.13029072866687258,58,65,47.15447154471545,1.048543222326895
2025,GALA,GALA:rsi_reversion:long:local_chop:h24:l4,rsi_reversion,long,local_chop,24,4.0,103,-0.31951428907860757,-31.95142890786076,-0.31020804764913357,48,55,46.601941747572816,0.8707879573914917
2026_01_05,GALA,GALA:rsi_reversion:long:local_chop:h24:l4,rsi_reversion,long,local_chop,24,4.0,29,-0.021599434818753593,-2.1599434818753593,-0.07448080971983997,11,18,37.93103448275862,0.9739185038983743
2023H2,GALA,GALA:rsi_reversion:short:local_chop:h24:l4,rsi_reversion,short,local_chop,24,4.0,30,0.24816702175597172,24.81670217559717,0.8272234058532391,16,14,53.333333333333336,1.607131287251534
2024,GALA,GALA:rsi_reversion:short:local_chop:h24:l4,rsi_reversion,short,local_chop,24,4.0,103,-0.4911957915222045,-49.11957915222045,-0.47688911798272277,52,51,50.48543689320388,0.8348191826475775
2025,GALA,GALA:rsi_reversion:short:local_chop:h24:l4,rsi_reversion,short,local_chop,24,4.0,83,0.3867219461494318,38.67219461494318,0.465930055601725,41,42,49.39759036144578,1.2376273805033953
2026_01_05,GALA,GALA:rsi_reversion:short:local_chop:h24:l4,rsi_reversion,short,local_chop,24,4.0,45,-0.23398256023610964,-23.398256023610962,-0.5199612449691325,18,27,40.0,0.7367335641797045
2023H2,GALA,GALA:micro_momentum:long:market_chop:h18:l5,micro_momentum,long,market_chop,18,5.0,81,-0.6107863804707914,-61.07863804707914,-0.7540572598404831,33,48,40.74074074074074,0.7294710885342962
2024,GALA,GALA:micro_momentum:long:market_chop:h18:l5,micro_momentum,long,market_chop,18,5.0,135,0.22059609023201798,22.059609023201798,0.16340451128297628,63,72,46.666666666666664,1.0441401420166325
2025,GALA,GALA:micro_momentum:long:market_chop:h18:l5,micro_momentum,long,market_chop,18,5.0,134,-0.25807593021808906,-25.807593021808906,-0.19259397777469334,56,78,41.7910447761194,0.9241385697182085
2026_01_05,GALA,GALA:micro_momentum:long:market_chop:h18:l5,micro_momentum,long,market_chop,18,5.0,40,-0.3280056395188069,-32.80056395188069,-0.8200140987970173,15,25,37.5,0.7278137816246929
2023H2,GALA,GALA:micro_momentum:short:market_chop:h18:l5,micro_momentum,short,market_chop,18,5.0,81,0.30568366497297383,30.568366497297383,0.3773872407073751,39,42,48.148148148148145,1.218916420315081
2024,GALA,GALA:micro_momentum:short:market_chop:h18:l5,micro_momentum,short,market_chop,18,5.0,178,0.4649043290951477,46.490432909514766,0.26118220735682457,80,98,44.9438202247191,1.0979388504160088
2025,GALA,GALA:micro_momentum:short:market_chop:h18:l5,micro_momentum,short,market_chop,18,5.0,162,-0.5333787339456725,-53.33787339456725,-0.32924613206522996,70,92,43.20987654320987,0.8863879626109094
2026_01_05,GALA,GALA:micro_momentum:short:market_chop:h18:l5,micro_momentum,short,market_chop,18,5.0,49,-0.08386738934572313,-8.386738934572314,-0.1711579374402513,16,33,32.6530612244898,0.8826266996135768
2023H2,GALA,GALA:vwap_reclaim:long:market_contra:h18:l5,vwap_reclaim,long,market_contra,18,5.0,34,-0.4706695812880718,-47.06695812880718,-1.3843222979060936,14,20,41.17647058823529,0.5656637436139177
2024,GALA,GALA:vwap_reclaim:long:market_contra:h18:l5,vwap_reclaim,long,market_contra,18,5.0,50,-0.10253645023033497,-10.253645023033497,-0.20507290046066995,24,26,48.0,0.9364891179357842
2025,GALA,GALA:vwap_reclaim:long:market_contra:h18:l5,vwap_reclaim,long,market_contra,18,5.0,47,-0.15949424083329888,-15.949424083329887,-0.339349448581487,25,22,53.191489361702125,0.8748017584857768
2026_01_05,GALA,GALA:vwap_reclaim:long:market_contra:h18:l5,vwap_reclaim,long,market_contra,18,5.0,28,-0.3688693764412626,-36.88693764412626,-1.3173906301473663,10,18,35.714285714285715,0.5352483625235761
2023H2,GALA,GALA:vwap_reclaim:short:market_contra:h18:l5,vwap_reclaim,short,market_contra,18,5.0,31,0.10903609662364089,10.903609662364088,0.35172934394722866,13,18,41.935483870967744,1.185801798809976
2024,GALA,GALA:vwap_reclaim:short:market_contra:h18:l5,vwap_reclaim,short,market_contra,18,5.0,56,0.6699594361943684,66.99594361943684,1.1963561360613721,31,25,55.35714285714286,1.4671401306065672
2025,GALA,GALA:vwap_reclaim:short:market_contra:h18:l5,vwap_reclaim,short,market_contra,18,5.0,54,0.08520846033594431,8.520846033594431,0.15779344506656354,27,27,50.0,1.080574153314079
2026_01_05,GALA,GALA:vwap_reclaim:short:market_contra:h18:l5,vwap_reclaim,short,market_contra,18,5.0,32,-0.028672374333924,-2.8672374333924,-0.0896011697935125,15,17,46.875,0.9442556592762619
2023H2,GALA,GALA:range_breakout:long:market_aligned:h24:l4,range_breakout,long,market_aligned,24,4.0,138,0.5064781264525453,50.64781264525453,0.36701313511054007,63,75,45.65217391304348,1.1723283791801924
2024,GALA,GALA:range_breakout:long:market_aligned:h24:l4,range_breakout,long,market_aligned,24,4.0,306,-0.6431537370486944,-64.31537370486944,-0.21018095981983476,137,169,44.771241830065364,0.9300504762234728
2025,GALA,GALA:range_breakout:long:market_aligned:h24:l4,range_breakout,long,market_aligned,24,4.0,228,-1.2762002290501413,-127.62002290501412,-0.5597369425658514,91,137,39.91228070175439,0.7589132870814609
2026_01_05,GALA,GALA:range_breakout:long:market_aligned:h24:l4,range_breakout,long,market_aligned,24,4.0,51,-0.2374125678207446,-23.74125678207446,-0.46551483886420514,16,35,31.372549019607842,0.7817590159099892
2023H2,GALA,GALA:range_breakout:short:market_aligned:h24:l4,range_breakout,short,market_aligned,24,4.0,141,-1.0786706700027286,-107.86706700027287,-0.7650146595764032,50,91,35.46099290780142,0.662924452011432
2024,GALA,GALA:range_breakout:short:market_aligned:h24:l4,range_breakout,short,market_aligned,24,4.0,272,-0.5191543736309576,-51.91543736309576,-0.19086557854079325,112,160,41.17647058823529,0.9367567991368123
2025,GALA,GALA:range_breakout:short:market_aligned:h24:l4,range_breakout,short,market_aligned,24,4.0,244,2.1257776008770715,212.57776008770713,0.8712203282283081,111,133,45.49180327868852,1.3799505649610613
2026_01_05,GALA,GALA:range_breakout:short:market_aligned:h24:l4,range_breakout,short,market_aligned,24,4.0,87,-0.05354665402604164,-5.354665402604164,-0.06154787819085246,41,46,47.12643678160919,0.9718922268386962
2023H2,GALA,GALA:stoch_turn:long:local_trend:h24:l4,stoch_turn,long,local_trend,24,4.0,31,0.5528856075571462,55.28856075571462,1.783501959861762,18,13,58.06451612903226,1.9073649990617136
2024,GALA,GALA:stoch_turn:long:local_trend:h24:l4,stoch_turn,long,local_trend,24,4.0,49,0.7146868527492347,71.46868527492347,1.4585445974474178,26,23,53.06122448979592,2.544111365573946
2025,GALA,GALA:stoch_turn:long:local_trend:h24:l4,stoch_turn,long,local_trend,24,4.0,62,-0.8491984814795974,-84.91984814795974,-1.3696749701283828,23,39,37.096774193548384,0.4936784115734964
2026_01_05,GALA,GALA:stoch_turn:long:local_trend:h24:l4,stoch_turn,long,local_trend,24,4.0,13,0.2721308476009341,27.21308476009341,2.0933142123148776,7,6,53.84615384615385,2.9309880498328953
2023H2,GALA,GALA:stoch_turn:short:local_trend:h24:l4,stoch_turn,short,local_trend,24,4.0,28,0.42906516888918667,42.90651688891867,1.5323756031756666,15,13,53.57142857142857,2.143384569243017
2024,GALA,GALA:stoch_turn:short:local_trend:h24:l4,stoch_turn,short,local_trend,24,4.0,41,0.13294359732330419,13.294359732330419,0.3242526763983029,20,21,48.78048780487805,1.1899335210915338
2025,GALA,GALA:stoch_turn:short:local_trend:h24:l4,stoch_turn,short,local_trend,24,4.0,44,-0.34550472818948874,-34.550472818948876,-0.7852380186124744,19,25,43.18181818181818,0.651235549042368
2026_01_05,GALA,GALA:stoch_turn:short:local_trend:h24:l4,stoch_turn,short,local_trend,24,4.0,21,-0.26007106036907457,-26.00710603690746,-1.238433620805117,6,15,28.57142857142857,0.44761064598276085
2023H2,RUNE,RUNE:panic_snapback:long:market_contra:h12:l4,panic_snapback,long,market_contra,12,4.0,35,-0.054215951418062236,-5.421595141806224,-0.15490271833732067,19,16,54.285714285714285,0.9106531590676249
2024,RUNE,RUNE:panic_snapback:long:market_contra:h12:l4,panic_snapback,long,market_contra,12,4.0,130,-0.5326786467666276,-53.267864676662754,-0.4097528052050981,65,65,50.0,0.832980459088082
2025,RUNE,RUNE:panic_snapback:long:market_contra:h12:l4,panic_snapback,long,market_contra,12,4.0,71,0.6444767845078565,64.44767845078565,0.9077137809969811,43,28,60.56338028169014,1.4842773844540733
2026_01_05,RUNE,RUNE:panic_snapback:long:market_contra:h12:l4,panic_snapback,long,market_contra,12,4.0,27,0.3167577891223825,31.67577891223825,1.1731769967495649,13,14,48.148148148148145,2.03791647886123
2023H2,RUNE,RUNE:panic_snapback:short:market_contra:h12:l4,panic_snapback,short,market_contra,12,4.0,42,-0.48600568440389047,-48.60056844038905,-1.1571563914378344,19,23,45.23809523809524,0.583803755799723
2024,RUNE,RUNE:panic_snapback:short:market_contra:h12:l4,panic_snapback,short,market_contra,12,4.0,100,-0.360974717335766,-36.097471733576604,-0.360974717335766,47,53,47.0,0.8392222342442653
2025,RUNE,RUNE:panic_snapback:short:market_contra:h12:l4,panic_snapback,short,market_contra,12,4.0,58,-0.37120881416397555,-37.12088141639755,-0.6400151968344406,29,29,50.0,0.7622967342293261
2026_01_05,RUNE,RUNE:panic_snapback:short:market_contra:h12:l4,panic_snapback,short,market_contra,12,4.0,24,-0.36700593724808916,-36.70059372480892,-1.5291914052003717,8,16,33.33333333333333,0.4486765674577114
2023H2,RUNE,RUNE:rsi_reversion:long:local_chop:h24:l4,rsi_reversion,long,local_chop,24,4.0,61,-0.4034956395707834,-40.34956395707834,-0.6614682615914482,28,33,45.90163934426229,0.7598690509971577
2024,RUNE,RUNE:rsi_reversion:long:local_chop:h24:l4,rsi_reversion,long,local_chop,24,4.0,128,-0.4566748619585246,-45.66748619585246,-0.35677723590509736,68,60,53.125,0.8681311682055918
2025,RUNE,RUNE:rsi_reversion:long:local_chop:h24:l4,rsi_reversion,long,local_chop,24,4.0,93,-0.45017188308780565,-45.01718830878056,-0.4840557882664577,45,48,48.38709677419355,0.7604687789435457
2026_01_05,RUNE,RUNE:rsi_reversion:long:local_chop:h24:l4,rsi_reversion,long,local_chop,24,4.0,28,0.25423266637960085,25.423266637960083,0.9079738084985745,19,9,67.85714285714286,2.155448242388232
2023H2,RUNE,RUNE:rsi_reversion:short:local_chop:h24:l4,rsi_reversion,short,local_chop,24,4.0,47,-0.20893279593257041,-20.89327959325704,-0.44453786368632,24,23,51.06382978723404,0.7778753665202719
2024,RUNE,RUNE:rsi_reversion:short:local_chop:h24:l4,rsi_reversion,short,local_chop,24,4.0,86,-0.5941996495971718,-59.41996495971718,-0.6909298251129904,44,42,51.162790697674424,0.7386014691089791
2025,RUNE,RUNE:rsi_reversion:short:local_chop:h24:l4,rsi_reversion,short,local_chop,24,4.0,86,-0.7966569472739846,-79.66569472739846,-0.9263452875278891,41,45,47.674418604651166,0.7147491869364034
2026_01_05,RUNE,RUNE:rsi_reversion:short:local_chop:h24:l4,rsi_reversion,short,local_chop,24,4.0,33,-0.12474910776367665,-12.474910776367665,-0.37802759928386864,14,19,42.42424242424242,0.8000273162886049
2023H2,RUNE,RUNE:micro_momentum:long:market_chop:h18:l5,micro_momentum,long,market_chop,18,5.0,76,1.008230557462662,100.82305574626619,1.3266191545561343,42,34,55.26315789473685,1.5810467225714897
2024,RUNE,RUNE:micro_momentum:long:market_chop:h18:l5,micro_momentum,long,market_chop,18,5.0,153,0.3248713455083707,32.48713455083707,0.21233421275056907,74,79,48.36601307189542,1.0842629030727267
2025,RUNE,RUNE:micro_momentum:long:market_chop:h18:l5,micro_momentum,long,market_chop,18,5.0,109,-0.5463033499582293,-54.63033499582293,-0.5011957339066324,44,65,40.36697247706422,0.8413284639765893
2026_01_05,RUNE,RUNE:micro_momentum:long:market_chop:h18:l5,micro_momentum,long,market_chop,18,5.0,42,-0.3202118605940757,-32.02118605940757,-0.7624091918906564,17,25,40.476190476190474,0.6942779136112823
2023H2,RUNE,RUNE:micro_momentum:short:market_chop:h18:l5,micro_momentum,short,market_chop,18,5.0,56,0.5672864800662442,56.72864800662442,1.0130115715468646,25,31,44.642857142857146,1.6577424890045938
2024,RUNE,RUNE:micro_momentum:short:market_chop:h18:l5,micro_momentum,short,market_chop,18,5.0,175,0.7378722479525586,73.78722479525585,0.4216412845443192,80,95,45.714285714285715,1.1848183960526772
2025,RUNE,RUNE:micro_momentum:short:market_chop:h18:l5,micro_momentum,short,market_chop,18,5.0,163,0.6333114434074222,63.33114434074222,0.3885346278573142,79,84,48.466257668711656,1.1884465831806588
2026_01_05,RUNE,RUNE:micro_momentum:short:market_chop:h18:l5,micro_momentum,short,market_chop,18,5.0,45,0.19881893916379567,19.881893916379568,0.4418198648084348,22,23,48.888888888888886,1.322315917065078
2023H2,RUNE,RUNE:vwap_reclaim:long:market_contra:h18:l5,vwap_reclaim,long,market_contra,18,5.0,33,0.23450887045089353,23.450887045089353,0.7106329407602834,17,16,51.515151515151516,1.3302874306821326
2024,RUNE,RUNE:vwap_reclaim:long:market_contra:h18:l5,vwap_reclaim,long,market_contra,18,5.0,42,-0.9361166136270926,-93.61166136270927,-2.228849080064506,15,27,35.714285714285715,0.4763412351705526
2025,RUNE,RUNE:vwap_reclaim:long:market_contra:h18:l5,vwap_reclaim,long,market_contra,18,5.0,39,-0.32178674611795466,-32.178674611795465,-0.8250942208152683,14,25,35.8974358974359,0.727956762632011
2026_01_05,RUNE,RUNE:vwap_reclaim:long:market_contra:h18:l5,vwap_reclaim,long,market_contra,18,5.0,12,0.23539857189245394,23.539857189245396,1.9616547657704497,7,5,58.333333333333336,2.3682482410632355
2023H2,RUNE,RUNE:vwap_reclaim:short:market_contra:h18:l5,vwap_reclaim,short,market_contra,18,5.0,27,0.2715427334328724,27.154273343287237,1.0057138275291568,16,11,59.25925925925925,1.690265017049109
2024,RUNE,RUNE:vwap_reclaim:short:market_contra:h18:l5,vwap_reclaim,short,market_contra,18,5.0,50,-0.029681477685272184,-2.9681477685272184,-0.059362955370544375,23,27,46.0,0.9776976445252529
2025,RUNE,RUNE:vwap_reclaim:short:market_contra:h18:l5,vwap_reclaim,short,market_contra,18,5.0,50,0.6031714627690604,60.317146276906044,1.2063429255381208,30,20,60.0,1.8545725064431697
2026_01_05,RUNE,RUNE:vwap_reclaim:short:market_contra:h18:l5,vwap_reclaim,short,market_contra,18,5.0,11,0.13552670117043975,13.552670117043974,1.2320609197312704,5,6,45.45454545454545,1.8117444772304032
2023H2,RUNE,RUNE:range_breakout:long:market_aligned:h24:l4,range_breakout,long,market_aligned,24,4.0,141,0.1754992020332642,17.54992020332642,0.1244675191725278,65,76,46.09929078014184,1.0510710831482966
2024,RUNE,RUNE:range_breakout:long:market_aligned:h24:l4,range_breakout,long,market_aligned,24,4.0,331,1.7788893485306603,177.88893485306602,0.5374288062026165,164,167,49.546827794561935,1.2497446486128525
2025,RUNE,RUNE:range_breakout:long:market_aligned:h24:l4,range_breakout,long,market_aligned,24,4.0,242,-0.48015441763739775,-48.01544176373977,-0.19841091637908997,107,135,44.214876033057855,0.9118099295350998
2026_01_05,RUNE,RUNE:range_breakout:long:market_aligned:h24:l4,range_breakout,long,market_aligned,24,4.0,109,0.24696280473196852,24.69628047319685,0.2265713804880445,51,58,46.788990825688074,1.1426450267309018
2023H2,RUNE,RUNE:range_breakout:short:market_aligned:h24:l4,range_breakout,short,market_aligned,24,4.0,119,-0.9183535238824603,-91.83535238824602,-0.7717256503213952,50,69,42.016806722689076,0.7399063053445755
2024,RUNE,RUNE:range_breakout:short:market_aligned:h24:l4,range_breakout,short,market_aligned,24,4.0,277,-1.6679228621761926,-166.79228621761925,-0.6021382173921273,121,156,43.682310469314075,0.7938348683933159
2025,RUNE,RUNE:range_breakout:short:market_aligned:h24:l4,range_breakout,short,market_aligned,24,4.0,242,-0.37655165331374096,-37.65516533137409,-0.15559985674121526,117,125,48.34710743801653,0.9325970121715845
2026_01_05,RUNE,RUNE:range_breakout:short:market_aligned:h24:l4,range_breakout,short,market_aligned,24,4.0,116,-0.6219649261022511,-62.19649261022511,-0.5361766604329751,58,58,50.0,0.7392496825331918
2023H2,RUNE,RUNE:stoch_turn:long:local_trend:h24:l4,stoch_turn,long,local_trend,24,4.0,35,0.10573014959077032,10.573014959077032,0.3020861416879152,19,16,54.285714285714285,1.166420452646581
2024,RUNE,RUNE:stoch_turn:long:local_trend:h24:l4,stoch_turn,long,local_trend,24,4.0,60,-0.5230295016077751,-52.302950160777506,-0.8717158360129585,29,31,48.333333333333336,0.7018634840583133
2025,RUNE,RUNE:stoch_turn:long:local_trend:h24:l4,stoch_turn,long,local_trend,24,4.0,41,-0.07231943603588009,-7.231943603588009,-0.17638886838019532,20,21,48.78048780487805,0.8862265347945822
2026_01_05,RUNE,RUNE:stoch_turn:long:local_trend:h24:l4,stoch_turn,long,local_trend,24,4.0,12,0.04828843365212787,4.828843365212787,0.40240361376773226,7,5,58.333333333333336,1.3540618040064276
2023H2,RUNE,RUNE:stoch_turn:short:local_trend:h24:l4,stoch_turn,short,local_trend,24,4.0,34,-0.21955466338389984,-21.955466338389982,-0.6457490099526466,17,17,50.0,0.7108940541062858
2024,RUNE,RUNE:stoch_turn:short:local_trend:h24:l4,stoch_turn,short,local_trend,24,4.0,54,0.42224874125753065,42.22487412575306,0.7819421134398716,30,24,55.55555555555556,1.4423042082357833
2025,RUNE,RUNE:stoch_turn:short:local_trend:h24:l4,stoch_turn,short,local_trend,24,4.0,55,-0.14865787927447816,-14.865787927447816,-0.2702870532263239,32,23,58.18181818181818,0.8410078328190932
2026_01_05,RUNE,RUNE:stoch_turn:short:local_trend:h24:l4,stoch_turn,short,local_trend,24,4.0,21,0.3373511428260967,33.73511428260967,1.6064340134576034,15,6,71.42857142857143,3.6387286114599884
2023H2,ICP,ICP:panic_snapback:long:market_contra:h12:l4,panic_snapback,long,market_contra,12,4.0,31,-0.34823690390358353,-34.82369039035835,-1.1233448513018824,15,16,48.38709677419355,0.6486151352739371
2024,ICP,ICP:panic_snapback:long:market_contra:h12:l4,panic_snapback,long,market_contra,12,4.0,107,-0.08167351515558252,-8.167351515558252,-0.07633038799587152,61,46,57.009345794392516,0.9627998460178689
2025,ICP,ICP:panic_snapback:long:market_contra:h12:l4,panic_snapback,long,market_contra,12,4.0,85,0.2938643061694446,29.38643061694446,0.34572271314052305,47,38,55.294117647058826,1.203873174228236
2026_01_05,ICP,ICP:panic_snapback:long:market_contra:h12:l4,panic_snapback,long,market_contra,12,4.0,29,0.058384444241248,5.8384444241248,0.2013256697974069,16,13,55.172413793103445,1.142071757146658
2023H2,ICP,ICP:panic_snapback:short:market_contra:h12:l4,panic_snapback,short,market_contra,12,4.0,37,-0.3039456820752835,-30.39456820752835,-0.8214748164196851,19,18,51.35135135135135,0.7003966389917877
2024,ICP,ICP:panic_snapback:short:market_contra:h12:l4,panic_snapback,short,market_contra,12,4.0,96,-0.20197841141977824,-20.197841141977825,-0.210394178562269,48,48,50.0,0.8993326778015046
2025,ICP,ICP:panic_snapback:short:market_contra:h12:l4,panic_snapback,short,market_contra,12,4.0,63,-0.5210695487598596,-52.106954875985956,-0.8270945218410468,32,31,50.79365079365079,0.7294706414946205
2026_01_05,ICP,ICP:panic_snapback:short:market_contra:h12:l4,panic_snapback,short,market_contra,12,4.0,25,0.28890757987574744,28.890757987574744,1.1556303195029898,15,10,60.0,2.229067091871778
2023H2,ICP,ICP:rsi_reversion:long:local_chop:h24:l4,rsi_reversion,long,local_chop,24,4.0,59,0.6584542932690507,65.84542932690508,1.1160242258797468,25,34,42.3728813559322,1.6033760149916074
2024,ICP,ICP:rsi_reversion:long:local_chop:h24:l4,rsi_reversion,long,local_chop,24,4.0,119,0.9523422354861806,95.23422354861806,0.8002875928455299,64,55,53.78151260504202,1.4207954425942233
2025,ICP,ICP:rsi_reversion:long:local_chop:h24:l4,rsi_reversion,long,local_chop,24,4.0,81,0.6093051691902049,60.93051691902049,0.7522286039385246,45,36,55.55555555555556,1.541990980676604
2026_01_05,ICP,ICP:rsi_reversion:long:local_chop:h24:l4,rsi_reversion,long,local_chop,24,4.0,41,-0.3792276826426093,-37.92276826426093,-0.9249455674209983,18,23,43.90243902439025,0.5706442936011026
2023H2,ICP,ICP:rsi_reversion:short:local_chop:h24:l4,rsi_reversion,short,local_chop,24,4.0,33,0.19371347084236135,19.371347084236135,0.5870105177041253,20,13,60.60606060606061,1.573403927851
2024,ICP,ICP:rsi_reversion:short:local_chop:h24:l4,rsi_reversion,short,local_chop,24,4.0,80,0.6548538875386938,65.48538875386937,0.8185673594233672,48,32,60.0,1.42715387299627
2025,ICP,ICP:rsi_reversion:short:local_chop:h24:l4,rsi_reversion,short,local_chop,24,4.0,60,1.1494340314286888,114.94340314286889,1.9157233857144813,39,21,65.0,2.3920738677811384
2026_01_05,ICP,ICP:rsi_reversion:short:local_chop:h24:l4,rsi_reversion,short,local_chop,24,4.0,28,0.25459441475222455,25.459441475222455,0.9092657669722306,18,10,64.28571428571429,1.5479843084158922
2023H2,ICP,ICP:micro_momentum:long:market_chop:h18:l5,micro_momentum,long,market_chop,18,5.0,63,-0.8419098645459722,-84.19098645459722,-1.336364864358686,25,38,39.682539682539684,0.6029057481443565
2024,ICP,ICP:micro_momentum:long:market_chop:h18:l5,micro_momentum,long,market_chop,18,5.0,149,-0.25195495359358167,-25.195495359358166,-0.1690972842909944,68,81,45.63758389261745,0.9486337844305848
2025,ICP,ICP:micro_momentum:long:market_chop:h18:l5,micro_momentum,long,market_chop,18,5.0,126,-0.05854960978594281,-5.854960978594281,-0.04646794427455779,59,67,46.82539682539682,0.9836648872395319
2026_01_05,ICP,ICP:micro_momentum:long:market_chop:h18:l5,micro_momentum,long,market_chop,18,5.0,56,0.1974182122110163,19.74182122110163,0.35253252180538625,25,31,44.642857142857146,1.1344987064428553
2023H2,ICP,ICP:micro_momentum:short:market_chop:h18:l5,micro_momentum,short,market_chop,18,5.0,67,-1.003881729594659,-100.38817295946589,-1.4983309396935207,27,40,40.298507462686565,0.42449414736129537
2024,ICP,ICP:micro_momentum:short:market_chop:h18:l5,micro_momentum,short,market_chop,18,5.0,182,-0.7749395255278801,-77.49395255278802,-0.4257909480922418,78,104,42.857142857142854,0.8169515018299857
2025,ICP,ICP:micro_momentum:short:market_chop:h18:l5,micro_momentum,short,market_chop,18,5.0,146,-0.8389211753600301,-83.89211753600301,-0.5746035447671439,64,82,43.83561643835616,0.7623171016482432
2026_01_05,ICP,ICP:micro_momentum:short:market_chop:h18:l5,micro_momentum,short,market_chop,18,5.0,65,-0.48840097447348907,-48.84009744734891,-0.7513861145745986,26,39,40.0,0.6239634866744597
2023H2,ICP,ICP:vwap_reclaim:long:market_contra:h18:l5,vwap_reclaim,long,market_contra,18,5.0,38,0.04429928095975422,4.429928095975422,0.11657705515724794,20,18,52.63157894736842,1.0464891362697668
2024,ICP,ICP:vwap_reclaim:long:market_contra:h18:l5,vwap_reclaim,long,market_contra,18,5.0,48,-0.5213546575428968,-52.135465754289676,-1.0861555365477016,24,24,50.0,0.660375253077669
2025,ICP,ICP:vwap_reclaim:long:market_contra:h18:l5,vwap_reclaim,long,market_contra,18,5.0,38,1.4980239085705342,149.8023908570534,3.942168180448774,26,12,68.42105263157895,4.386567058937346
2026_01_05,ICP,ICP:vwap_reclaim:long:market_contra:h18:l5,vwap_reclaim,long,market_contra,18,5.0,23,0.3519154010603742,35.19154010603742,1.5300669611320619,12,11,52.17391304347826,1.5342580951679101
2023H2,ICP,ICP:vwap_reclaim:short:market_contra:h18:l5,vwap_reclaim,short,market_contra,18,5.0,28,0.01874772838790617,1.874772838790617,0.06695617281395061,15,13,53.57142857142857,1.0464649444560534
2024,ICP,ICP:vwap_reclaim:short:market_contra:h18:l5,vwap_reclaim,short,market_contra,18,5.0,62,0.04782508545808695,4.782508545808694,0.07713723460981765,32,30,51.61290322580645,1.0254107796749703
2025,ICP,ICP:vwap_reclaim:short:market_contra:h18:l5,vwap_reclaim,short,market_contra,18,5.0,47,-0.13225885962382722,-13.225885962382723,-0.28140182898686644,27,20,57.446808510638306,0.8823871820419023
2026_01_05,ICP,ICP:vwap_reclaim:short:market_contra:h18:l5,vwap_reclaim,short,market_contra,18,5.0,22,-0.25786038787024124,-25.786038787024125,-1.1720926721374603,10,12,45.45454545454545,0.5881627591983637
2023H2,ICP,ICP:range_breakout:long:market_aligned:h24:l4,range_breakout,long,market_aligned,24,4.0,129,-0.7194936925340438,-71.94936925340438,-0.557747048476003,54,75,41.86046511627907,0.6987475076111951
2024,ICP,ICP:range_breakout:long:market_aligned:h24:l4,range_breakout,long,market_aligned,24,4.0,261,-0.6963046497599077,-69.63046497599078,-0.2667833907126083,112,149,42.911877394636015,0.8956050574725156
2025,ICP,ICP:range_breakout:long:market_aligned:h24:l4,range_breakout,long,market_aligned,24,4.0,223,-1.2562609188154017,-125.62609188154016,-0.5633457035046644,84,139,37.66816143497758,0.7424628829469432
2026_01_05,ICP,ICP:range_breakout:long:market_aligned:h24:l4,range_breakout,long,market_aligned,24,4.0,83,0.367550753629017,36.7550753629017,0.44283223328797233,37,46,44.57831325301205,1.2476879577322963
2023H2,ICP,ICP:range_breakout:short:market_aligned:h24:l4,range_breakout,short,market_aligned,24,4.0,132,-1.2047697019349006,-120.47697019349006,-0.9127043196476521,46,86,34.84848484848485,0.5952082947380386
2024,ICP,ICP:range_breakout:short:market_aligned:h24:l4,range_breakout,short,market_aligned,24,4.0,258,-0.8516451278370893,-85.16451278370893,-0.3300950107895695,119,139,46.12403100775194,0.8730698646416091
2025,ICP,ICP:range_breakout:short:market_aligned:h24:l4,range_breakout,short,market_aligned,24,4.0,253,0.974862975420435,97.4862975420435,0.3853213341582747,120,133,47.43083003952569,1.1852052987558819
2026_01_05,ICP,ICP:range_breakout:short:market_aligned:h24:l4,range_breakout,short,market_aligned,24,4.0,117,0.16165210738192837,16.165210738192837,0.13816419434352853,60,57,51.28205128205128,1.082655176520889
2023H2,ICP,ICP:stoch_turn:long:local_trend:h24:l4,stoch_turn,long,local_trend,24,4.0,44,-0.3548448506134312,-35.48448506134312,-0.8064655695759799,20,24,45.45454545454545,0.6019496110115029
2024,ICP,ICP:stoch_turn:long:local_trend:h24:l4,stoch_turn,long,local_trend,24,4.0,36,-0.12045771958507423,-12.045771958507423,-0.33460477662520616,16,20,44.44444444444444,0.8455719977723009
2025,ICP,ICP:stoch_turn:long:local_trend:h24:l4,stoch_turn,long,local_trend,24,4.0,60,0.07225737402505983,7.225737402505983,0.12042895670843305,32,28,53.333333333333336,1.0634581005443469
2026_01_05,ICP,ICP:stoch_turn:long:local_trend:h24:l4,stoch_turn,long,local_trend,24,4.0,14,0.03330245153680966,3.3302451536809663,0.23787465383435474,7,7,50.0,1.1494985586093707
2023H2,ICP,ICP:stoch_turn:short:local_trend:h24:l4,stoch_turn,short,local_trend,24,4.0,19,0.016854555195962462,1.6854555195962462,0.0887081852419077,6,13,31.57894736842105,1.0591047859685374
2024,ICP,ICP:stoch_turn:short:local_trend:h24:l4,stoch_turn,short,local_trend,24,4.0,60,0.03470012778096088,3.4700127780960877,0.057833546301601466,29,31,48.333333333333336,1.0304381832458125
2025,ICP,ICP:stoch_turn:short:local_trend:h24:l4,stoch_turn,short,local_trend,24,4.0,52,0.03550749919614482,3.550749919614482,0.0682836523002785,29,23,55.769230769230774,1.0338298785286737
2026_01_05,ICP,ICP:stoch_turn:short:local_trend:h24:l4,stoch_turn,short,local_trend,24,4.0,30,-0.14971407431157768,-14.971407431157768,-0.4990469143719256,13,17,43.333333333333336,0.7802641100066245
2023H2,SAND,SAND:panic_snapback:long:market_contra:h12:l4,panic_snapback,long,market_contra,12,4.0,41,0.11086806072544997,11.086806072544997,0.27040990420841454,20,21,48.78048780487805,1.1713485572766094
2024,SAND,SAND:panic_snapback:long:market_contra:h12:l4,panic_snapback,long,market_contra,12,4.0,97,0.1008955728530938,10.08955728530938,0.10401605448772558,56,41,57.73195876288659,1.0473359994360412
2025,SAND,SAND:panic_snapback:long:market_contra:h12:l4,panic_snapback,long,market_contra,12,4.0,101,0.3262711983160318,32.62711983160318,0.32304079041191264,57,44,56.43564356435643,1.1616688849010677
2026_01_05,SAND,SAND:panic_snapback:long:market_contra:h12:l4,panic_snapback,long,market_contra,12,4.0,32,0.20957907250269514,20.957907250269514,0.6549346015709223,16,16,50.0,1.4122708309658525
2023H2,SAND,SAND:panic_snapback:short:market_contra:h12:l4,panic_snapback,short,market_contra,12,4.0,20,-0.038301782709961874,-3.8301782709961874,-0.19150891354980937,11,9,55.00000000000001,0.8807629622904163
2024,SAND,SAND:panic_snapback:short:market_contra:h12:l4,panic_snapback,short,market_contra,12,4.0,65,-0.13630459133341333,-13.630459133341333,-0.20969937128217436,29,36,44.61538461538462,0.8717430402221072
2025,SAND,SAND:panic_snapback:short:market_contra:h12:l4,panic_snapback,short,market_contra,12,4.0,75,0.014037704327047873,1.4037704327047873,0.018716939102730496,40,35,53.333333333333336,1.0099299009542857
2026_01_05,SAND,SAND:panic_snapback:short:market_contra:h12:l4,panic_snapback,short,market_contra,12,4.0,31,-0.43903006512950293,-43.90300651295029,-1.4162260165467837,13,18,41.935483870967744,0.5570185084455089
2023H2,SAND,SAND:rsi_reversion:long:local_chop:h24:l4,rsi_reversion,long,local_chop,24,4.0,61,0.34134778133813937,34.13477813381394,0.559586526783835,38,23,62.295081967213115,1.4422872686338801
2024,SAND,SAND:rsi_reversion:long:local_chop:h24:l4,rsi_reversion,long,local_chop,24,4.0,101,0.5592421680605271,55.924216806052705,0.553705116891611,53,48,52.475247524752476,1.2845801628336444
2025,SAND,SAND:rsi_reversion:long:local_chop:h24:l4,rsi_reversion,long,local_chop,24,4.0,87,-0.02480103398857736,-2.480103398857736,-0.028506935619054433,46,41,52.87356321839081,0.9846635121166998
2026_01_05,SAND,SAND:rsi_reversion:long:local_chop:h24:l4,rsi_reversion,long,local_chop,24,4.0,30,0.619818814242318,61.9818814242318,2.06606271414106,19,11,63.33333333333333,2.9422375599466206
2023H2,SAND,SAND:rsi_reversion:short:local_chop:h24:l4,rsi_reversion,short,local_chop,24,4.0,16,0.16277966065974914,16.277966065974915,1.0173728791234322,11,5,68.75,1.5909704521717378
2024,SAND,SAND:rsi_reversion:short:local_chop:h24:l4,rsi_reversion,short,local_chop,24,4.0,55,-0.6421766928727721,-64.21766928727722,-1.1675939870414038,30,25,54.54545454545454,0.5633858053105324
2025,SAND,SAND:rsi_reversion:short:local_chop:h24:l4,rsi_reversion,short,local_chop,24,4.0,61,0.5823153634264444,58.23153634264444,0.9546153498794171,40,21,65.57377049180327,1.4921320581933284
2026_01_05,SAND,SAND:rsi_reversion:short:local_chop:h24:l4,rsi_reversion,short,local_chop,24,4.0,36,0.08715543765528988,8.715543765528988,0.24209843793136077,21,15,58.333333333333336,1.1376317075386269
2023H2,SAND,SAND:micro_momentum:long:market_chop:h18:l5,micro_momentum,long,market_chop,18,5.0,63,-0.12452460246716868,-12.452460246716868,-0.197658099154236,33,30,52.38095238095239,0.905881302982697
2024,SAND,SAND:micro_momentum:long:market_chop:h18:l5,micro_momentum,long,market_chop,18,5.0,107,0.09063954404206265,9.063954404206264,0.08470985424491836,50,57,46.728971962616825,1.035194041334937
2025,SAND,SAND:micro_momentum:long:market_chop:h18:l5,micro_momentum,long,market_chop,18,5.0,104,0.5463400484696412,54.634004846964125,0.5253269696823474,52,52,50.0,1.25145954813198
2026_01_05,SAND,SAND:micro_momentum:long:market_chop:h18:l5,micro_momentum,long,market_chop,18,5.0,68,-0.10219808360077409,-10.219808360077408,-0.15029129941290306,34,34,50.0,0.947243670674824
2023H2,SAND,SAND:micro_momentum:short:market_chop:h18:l5,micro_momentum,short,market_chop,18,5.0,63,-0.08991864599179111,-8.991864599179111,-0.14272800951077955,29,34,46.03174603174603,0.9185195126163894
2024,SAND,SAND:micro_momentum:short:market_chop:h18:l5,micro_momentum,short,market_chop,18,5.0,168,-0.8967660228112384,-89.67660228112383,-0.5337892992924038,69,99,41.07142857142857,0.7749369633241487
2025,SAND,SAND:micro_momentum:short:market_chop:h18:l5,micro_momentum,short,market_chop,18,5.0,159,-0.44596359662006146,-44.596359662006144,-0.28048024944657957,72,87,45.28301886792453,0.8724146750594607
2026_01_05,SAND,SAND:micro_momentum:short:market_chop:h18:l5,micro_momentum,short,market_chop,18,5.0,46,0.2742209215210778,27.42209215210778,0.5961324380892996,25,21,54.347826086956516,1.4133371830181076
2023H2,SAND,SAND:vwap_reclaim:long:market_contra:h18:l5,vwap_reclaim,long,market_contra,18,5.0,29,0.11047901553858763,11.047901553858763,0.3809621225468539,12,17,41.37931034482759,1.1753519270707593
2024,SAND,SAND:vwap_reclaim:long:market_contra:h18:l5,vwap_reclaim,long,market_contra,18,5.0,41,0.42354251684676547,42.35425168467655,1.0330305288945498,23,18,56.09756097560976,1.4490794545890957
2025,SAND,SAND:vwap_reclaim:long:market_contra:h18:l5,vwap_reclaim,long,market_contra,18,5.0,36,0.42860426826374975,42.860426826374976,1.1905674118437495,17,19,47.22222222222222,1.5643365448822022
2026_01_05,SAND,SAND:vwap_reclaim:long:market_contra:h18:l5,vwap_reclaim,long,market_contra,18,5.0,17,-0.2945922910396226,-29.459229103962258,-1.732895829644839,7,10,41.17647058823529,0.4232714843386315
2023H2,SAND,SAND:vwap_reclaim:short:market_contra:h18:l5,vwap_reclaim,short,market_contra,18,5.0,20,0.18550332259768154,18.550332259768155,0.9275166129884077,11,9,55.00000000000001,1.6274891356585188
2024,SAND,SAND:vwap_reclaim:short:market_contra:h18:l5,vwap_reclaim,short,market_contra,18,5.0,60,-0.05491987316661673,-5.491987316661673,-0.09153312194436122,28,32,46.666666666666664,0.9581772401625178
2025,SAND,SAND:vwap_reclaim:short:market_contra:h18:l5,vwap_reclaim,short,market_contra,18,5.0,40,0.051103931264345204,5.11039312643452,0.127759828160863,20,20,50.0,1.074352119426053
2026_01_05,SAND,SAND:vwap_reclaim:short:market_contra:h18:l5,vwap_reclaim,short,market_contra,18,5.0,17,-0.05628193087534539,-5.628193087534539,-0.3310701816196787,9,8,52.94117647058824,0.8090264161252138
2023H2,SAND,SAND:range_breakout:long:market_aligned:h24:l4,range_breakout,long,market_aligned,24,4.0,143,-0.22030352494639915,-22.030352494639914,-0.15405840905342597,63,80,44.05594405594406,0.9045246896993359
2024,SAND,SAND:range_breakout:long:market_aligned:h24:l4,range_breakout,long,market_aligned,24,4.0,271,0.649998149242196,64.9998149242196,0.23985171558752622,131,140,48.33948339483395,1.1283844014420303
2025,SAND,SAND:range_breakout:long:market_aligned:h24:l4,range_breakout,long,market_aligned,24,4.0,281,-0.7075772548572212,-70.75772548572212,-0.2518068522623563,121,160,43.06049822064057,0.8729207959814358
2026_01_05,SAND,SAND:range_breakout:long:market_aligned:h24:l4,range_breakout,long,market_aligned,24,4.0,93,0.45851374510018816,45.851374510018815,0.4930255323657937,42,51,45.16129032258064,1.2881701580400795
2023H2,SAND,SAND:range_breakout:short:market_aligned:h24:l4,range_breakout,short,market_aligned,24,4.0,152,-1.1868089453225972,-118.68089453225971,-0.7807953587648665,59,93,38.81578947368421,0.61941275141354
2024,SAND,SAND:range_breakout:short:market_aligned:h24:l4,range_breakout,short,market_aligned,24,4.0,244,-0.3205003228468595,-32.05003228468595,-0.1313525913306801,103,141,42.21311475409836,0.9482288730117195
2025,SAND,SAND:range_breakout:short:market_aligned:h24:l4,range_breakout,short,market_aligned,24,4.0,276,1.5424057659994772,154.24057659994773,0.5588426688403902,120,156,43.47826086956522,1.2793824273020804
2026_01_05,SAND,SAND:range_breakout:short:market_aligned:h24:l4,range_breakout,short,market_aligned,24,4.0,123,-0.37737363122415024,-37.737363122415026,-0.3068078302635368,51,72,41.46341463414634,0.8517070434863157
2023H2,SAND,SAND:stoch_turn:long:local_trend:h24:l4,stoch_turn,long,local_trend,24,4.0,36,-0.30535864469568486,-30.535864469568487,-0.8482184574880135,16,20,44.44444444444444,0.5780484755484402
2024,SAND,SAND:stoch_turn:long:local_trend:h24:l4,stoch_turn,long,local_trend,24,4.0,80,0.31527714112864924,31.527714112864924,0.39409642641081155,41,39,51.24999999999999,1.1993285241959604
2025,SAND,SAND:stoch_turn:long:local_trend:h24:l4,stoch_turn,long,local_trend,24,4.0,58,-0.0713238935925955,-7.13238935925955,-0.1229722303320612,31,27,53.44827586206896,0.9291568236147454
2026_01_05,SAND,SAND:stoch_turn:long:local_trend:h24:l4,stoch_turn,long,local_trend,24,4.0,10,-0.008967014386342509,-0.8967014386342509,-0.08967014386342509,6,4,60.0,0.9677500693940524
2023H2,SAND,SAND:stoch_turn:short:local_trend:h24:l4,stoch_turn,short,local_trend,24,4.0,24,-0.1531149294673919,-15.311492946739191,-0.6379788727807996,12,12,50.0,0.7067274947989255
2024,SAND,SAND:stoch_turn:short:local_trend:h24:l4,stoch_turn,short,local_trend,24,4.0,27,0.3126324233069493,31.26324233069493,1.157897864099812,13,14,48.148148148148145,1.4799262597933502
2025,SAND,SAND:stoch_turn:short:local_trend:h24:l4,stoch_turn,short,local_trend,24,4.0,46,-0.020577503200530423,-2.0577503200530423,-0.04473370260984874,25,21,54.347826086956516,0.9742088965683487
2026_01_05,SAND,SAND:stoch_turn:short:local_trend:h24:l4,stoch_turn,short,local_trend,24,4.0,23,0.38913607537424655,38.91360753742465,1.6918959798880286,14,9,60.86956521739131,2.820590198370462
2023H2,MANA,MANA:panic_snapback:long:market_contra:h12:l4,panic_snapback,long,market_contra,12,4.0,51,-0.12656384352288663,-12.656384352288663,-0.24816439906448362,29,22,56.86274509803921,0.8912130685223809
2024,MANA,MANA:panic_snapback:long:market_contra:h12:l4,panic_snapback,long,market_contra,12,4.0,98,-0.09061588854832126,-9.061588854832126,-0.09246519239624618,59,39,60.204081632653065,0.9584658418264264
2025,MANA,MANA:panic_snapback:long:market_contra:h12:l4,panic_snapback,long,market_contra,12,4.0,82,0.6423789980595753,64.23789980595754,0.7833890220238723,45,37,54.87804878048781,1.4610317643534607
2026_01_05,MANA,MANA:panic_snapback:long:market_contra:h12:l4,panic_snapback,long,market_contra,12,4.0,12,0.32240475261146795,32.2404752611468,2.686706271762233,8,4,66.66666666666666,6.011975947634874
2023H2,MANA,MANA:panic_snapback:short:market_contra:h12:l4,panic_snapback,short,market_contra,12,4.0,29,-0.0016814014056221183,-0.16814014056221183,-0.00579793588145558,16,13,55.172413793103445,0.9970488693368396
2024,MANA,MANA:panic_snapback:short:market_contra:h12:l4,panic_snapback,short,market_contra,12,4.0,68,-0.6459486478754131,-64.59486478754131,-0.949924482169725,32,36,47.05882352941176,0.6208644078562308
2025,MANA,MANA:panic_snapback:short:market_contra:h12:l4,panic_snapback,short,market_contra,12,4.0,59,0.09920382601039979,9.920382601039979,0.16814207798372843,28,31,47.45762711864407,1.084965863105231
2026_01_05,MANA,MANA:panic_snapback:short:market_contra:h12:l4,panic_snapback,short,market_contra,12,4.0,16,0.110088396465581,11.0088396465581,0.6880524779098812,8,8,50.0,1.3487987556492345
2023H2,MANA,MANA:rsi_reversion:long:local_chop:h24:l4,rsi_reversion,long,local_chop,24,4.0,53,0.13415744291803033,13.415744291803033,0.2531272507887365,33,20,62.264150943396224,1.1383585563084255
2024,MANA,MANA:rsi_reversion:long:local_chop:h24:l4,rsi_reversion,long,local_chop,24,4.0,110,0.5107975196956662,51.07975196956662,0.46436138154151474,56,54,50.90909090909091,1.2552454770910197
2025,MANA,MANA:rsi_reversion:long:local_chop:h24:l4,rsi_reversion,long,local_chop,24,4.0,92,-0.5477055067218397,-54.77055067218397,-0.5953320725237388,48,44,52.17391304347826,0.7458605018896174
2026_01_05,MANA,MANA:rsi_reversion:long:local_chop:h24:l4,rsi_reversion,long,local_chop,24,4.0,37,0.12553594949387303,12.553594949387303,0.33928634998344065,20,17,54.054054054054056,1.2363881148393663
2023H2,MANA,MANA:rsi_reversion:short:local_chop:h24:l4,rsi_reversion,short,local_chop,24,4.0,31,0.34905418190665616,34.905418190665614,1.1259812319569553,18,13,58.06451612903226,2.363878553652542
2024,MANA,MANA:rsi_reversion:short:local_chop:h24:l4,rsi_reversion,short,local_chop,24,4.0,63,-0.6291120308862279,-62.91120308862279,-0.9985905252162348,32,31,50.79365079365079,0.6203641946262413
2025,MANA,MANA:rsi_reversion:short:local_chop:h24:l4,rsi_reversion,short,local_chop,24,4.0,61,0.4006486170832795,40.064861708327946,0.6568010116119336,30,31,49.18032786885246,1.4328371716811232
2026_01_05,MANA,MANA:rsi_reversion:short:local_chop:h24:l4,rsi_reversion,short,local_chop,24,4.0,39,0.8054359749800342,80.54359749800342,2.0652204486667545,28,11,71.7948717948718,4.715224231298977
2023H2,MANA,MANA:micro_momentum:long:market_chop:h18:l5,micro_momentum,long,market_chop,18,5.0,75,-0.5794536778029458,-57.945367780294575,-0.772604903737261,35,40,46.666666666666664,0.6786547114202037
2024,MANA,MANA:micro_momentum:long:market_chop:h18:l5,micro_momentum,long,market_chop,18,5.0,136,-0.9809326343884744,-98.09326343884744,-0.7212739958738783,56,80,41.17647058823529,0.7423392504939359
2025,MANA,MANA:micro_momentum:long:market_chop:h18:l5,micro_momentum,long,market_chop,18,5.0,115,0.41454583426972447,41.45458342697245,0.36047463849541256,51,64,44.34782608695652,1.1865539953178281
2026_01_05,MANA,MANA:micro_momentum:long:market_chop:h18:l5,micro_momentum,long,market_chop,18,5.0,55,0.01647969445848052,1.647969445848052,0.029963080833600945,28,27,50.90909090909091,1.0133424416959957
2023H2,MANA,MANA:micro_momentum:short:market_chop:h18:l5,micro_momentum,short,market_chop,18,5.0,59,-0.039383749873829754,-3.9383749873829754,-0.06675211843021991,24,35,40.67796610169492,0.9609591263681047
2024,MANA,MANA:micro_momentum:short:market_chop:h18:l5,micro_momentum,short,market_chop,18,5.0,158,0.7071117207742689,70.71117207742688,0.44753906378118286,78,80,49.36708860759494,1.2018002668277168
2025,MANA,MANA:micro_momentum:short:market_chop:h18:l5,micro_momentum,short,market_chop,18,5.0,166,-0.16822154231210917,-16.822154231210916,-0.10133827850127058,78,88,46.98795180722892,0.9596606500146573
2026_01_05,MANA,MANA:micro_momentum:short:market_chop:h18:l5,micro_momentum,short,market_chop,18,5.0,49,-0.29118002453828173,-29.118002453828172,-0.5942449480373097,16,33,32.6530612244898,0.6845861547493103
2023H2,MANA,MANA:vwap_reclaim:long:market_contra:h18:l5,vwap_reclaim,long,market_contra,18,5.0,25,-0.24782446452577378,-24.78244645257738,-0.9912978581030952,13,12,52.0,0.6456383861291556
2024,MANA,MANA:vwap_reclaim:long:market_contra:h18:l5,vwap_reclaim,long,market_contra,18,5.0,48,0.010451531046158924,1.0451531046158924,0.021774023012831094,26,22,54.166666666666664,1.0115971355013733
2025,MANA,MANA:vwap_reclaim:long:market_contra:h18:l5,vwap_reclaim,long,market_contra,18,5.0,37,0.05892976230109093,5.892976230109093,0.1592696278407863,18,19,48.64864864864865,1.059856380819155
2026_01_05,MANA,MANA:vwap_reclaim:long:market_contra:h18:l5,vwap_reclaim,long,market_contra,18,5.0,23,-0.0668121972570157,-6.68121972570157,-0.29048781416093783,12,11,52.17391304347826,0.8704075248486605
2023H2,MANA,MANA:vwap_reclaim:short:market_contra:h18:l5,vwap_reclaim,short,market_contra,18,5.0,30,0.2634632838980966,26.34632838980966,0.8782109463269886,18,12,60.0,1.62161089056541
2024,MANA,MANA:vwap_reclaim:short:market_contra:h18:l5,vwap_reclaim,short,market_contra,18,5.0,48,0.42311722494373816,42.31172249437382,0.8814942186327878,23,25,47.91666666666667,1.3671011143829388
2025,MANA,MANA:vwap_reclaim:short:market_contra:h18:l5,vwap_reclaim,short,market_contra,18,5.0,48,-0.14564997259262913,-14.564997259262913,-0.3034374429013107,23,25,47.91666666666667,0.8806519909522493
2026_01_05,MANA,MANA:vwap_reclaim:short:market_contra:h18:l5,vwap_reclaim,short,market_contra,18,5.0,19,-0.12756813613709006,-12.756813613709006,-0.6714112428267898,6,13,31.57894736842105,0.6935973047087471
2023H2,MANA,MANA:range_breakout:long:market_aligned:h24:l4,range_breakout,long,market_aligned,24,4.0,136,0.6128109438822644,61.28109438822644,0.45059628226637094,64,72,47.05882352941176,1.2848141366939152
2024,MANA,MANA:range_breakout:long:market_aligned:h24:l4,range_breakout,long,market_aligned,24,4.0,235,-0.5223161664528773,-52.23161664528773,-0.22226219849058607,107,128,45.53191489361702,0.8773077432836943
2025,MANA,MANA:range_breakout:long:market_aligned:h24:l4,range_breakout,long,market_aligned,24,4.0,214,0.20626609010002328,20.626609010002326,0.09638602341122583,98,116,45.794392523364486,1.0482065715598181
2026_01_05,MANA,MANA:range_breakout:long:market_aligned:h24:l4,range_breakout,long,market_aligned,24,4.0,76,0.10922094549557837,10.922094549557837,0.1437117703889189,35,41,46.05263157894737,1.0876764980237137
2023H2,MANA,MANA:range_breakout:short:market_aligned:h24:l4,range_breakout,short,market_aligned,24,4.0,123,-0.7696140685008674,-76.96140685008675,-0.6257024947161524,44,79,35.77235772357724,0.6974177757564969
2024,MANA,MANA:range_breakout:short:market_aligned:h24:l4,range_breakout,short,market_aligned,24,4.0,234,0.7963779350511984,79.63779350511983,0.3403324508765805,97,137,41.452991452991455,1.1524513462475512
2025,MANA,MANA:range_breakout:short:market_aligned:h24:l4,range_breakout,short,market_aligned,24,4.0,231,0.9845120917917871,98.4512091791787,0.42619571073237533,123,108,53.246753246753244,1.223202767930818
2026_01_05,MANA,MANA:range_breakout:short:market_aligned:h24:l4,range_breakout,short,market_aligned,24,4.0,83,0.08299796850159868,8.299796850159868,0.09999755241156469,39,44,46.98795180722892,1.0558081499050593
2023H2,MANA,MANA:stoch_turn:long:local_trend:h24:l4,stoch_turn,long,local_trend,24,4.0,26,0.22720748672057,22.720748672057,0.8738749489252693,19,7,73.07692307692307,2.325042553306928
2024,MANA,MANA:stoch_turn:long:local_trend:h24:l4,stoch_turn,long,local_trend,24,4.0,60,-0.11538286277768561,-11.538286277768561,-0.19230477129614268,33,27,55.00000000000001,0.8980353215099224
2025,MANA,MANA:stoch_turn:long:local_trend:h24:l4,stoch_turn,long,local_trend,24,4.0,66,0.4876527127449348,48.765271274493486,0.7388677465832345,34,32,51.515151515151516,1.4857261946437972
2026_01_05,MANA,MANA:stoch_turn:long:local_trend:h24:l4,stoch_turn,long,local_trend,24,4.0,23,0.24862101585139484,24.862101585139484,1.0809609384843255,13,10,56.52173913043478,1.6102417796208115
2023H2,MANA,MANA:stoch_turn:short:local_trend:h24:l4,stoch_turn,short,local_trend,24,4.0,19,0.06209115779222296,6.209115779222296,0.32679556732748927,10,9,52.63157894736842,1.166878042133887
2024,MANA,MANA:stoch_turn:short:local_trend:h24:l4,stoch_turn,short,local_trend,24,4.0,37,0.14049397361150895,14.049397361150895,0.3797134421932674,20,17,54.054054054054056,1.2941355836725026
2025,MANA,MANA:stoch_turn:short:local_trend:h24:l4,stoch_turn,short,local_trend,24,4.0,42,0.2441302924530424,24.41302924530424,0.5812626010786724,23,19,54.761904761904766,1.3891734477815636
2026_01_05,MANA,MANA:stoch_turn:short:local_trend:h24:l4,stoch_turn,short,local_trend,24,4.0,27,0.2097012233603337,20.97012233603337,0.7766711976308656,13,14,48.148148148148145,1.639848527111495
2023H2,1000SHIB,1000SHIB:panic_snapback:long:market_contra:h12:l4,panic_snapback,long,market_contra,12,4.0,39,-0.07085569194315156,-7.0855691943151555,-0.1816812613926963,20,19,51.28205128205128,0.8623215162943724
2024,1000SHIB,1000SHIB:panic_snapback:long:market_contra:h12:l4,panic_snapback,long,market_contra,12,4.0,122,-0.2338371815658351,-23.383718156583512,-0.19166982095560253,74,48,60.65573770491803,0.9212638364143764
2025,1000SHIB,1000SHIB:panic_snapback:long:market_contra:h12:l4,panic_snapback,long,market_contra,12,4.0,94,0.5525246340707977,55.252463407079766,0.5877921639051039,47,47,50.0,1.3926977851995288
2026_01_05,1000SHIB,1000SHIB:panic_snapback:long:market_contra:h12:l4,panic_snapback,long,market_contra,12,4.0,26,-0.10556550158571065,-10.556550158571065,-0.40602115994504095,16,10,61.53846153846154,0.7351010747947702
2023H2,1000SHIB,1000SHIB:panic_snapback:short:market_contra:h12:l4,panic_snapback,short,market_contra,12,4.0,31,0.2281307334717031,22.81307334717031,0.7359055918442036,17,14,54.83870967741935,1.790068463415836
2024,1000SHIB,1000SHIB:panic_snapback:short:market_contra:h12:l4,panic_snapback,short,market_contra,12,4.0,88,1.1638013261199087,116.38013261199087,1.3225015069544417,57,31,64.77272727272727,1.847472299655701
2025,1000SHIB,1000SHIB:panic_snapback:short:market_contra:h12:l4,panic_snapback,short,market_contra,12,4.0,71,-0.3923354399206844,-39.23354399206844,-0.5525851266488513,42,29,59.154929577464785,0.7455781375909057
2026_01_05,1000SHIB,1000SHIB:panic_snapback:short:market_contra:h12:l4,panic_snapback,short,market_contra,12,4.0,30,-0.5191492871909298,-51.91492871909298,-1.730497623969766,15,15,50.0,0.4327130601447565
2023H2,1000SHIB,1000SHIB:rsi_reversion:long:local_chop:h24:l4,rsi_reversion,long,local_chop,24,4.0,59,-0.6761639991696615,-67.61639991696615,-1.1460406765587483,30,29,50.847457627118644,0.5445664850936398
2024,1000SHIB,1000SHIB:rsi_reversion:long:local_chop:h24:l4,rsi_reversion,long,local_chop,24,4.0,105,-0.1135460302207858,-11.35460302207858,-0.10813907640074838,58,47,55.23809523809524,0.9452121287303622
2025,1000SHIB,1000SHIB:rsi_reversion:long:local_chop:h24:l4,rsi_reversion,long,local_chop,24,4.0,90,0.417605411184514,41.7605411184514,0.46400601242723777,49,41,54.44444444444444,1.2738645869295384
2026_01_05,1000SHIB,1000SHIB:rsi_reversion:long:local_chop:h24:l4,rsi_reversion,long,local_chop,24,4.0,31,-0.14707460570503272,-14.707460570503272,-0.4744342119517185,14,17,45.16129032258064,0.6897120054158802
2023H2,1000SHIB,1000SHIB:rsi_reversion:short:local_chop:h24:l4,rsi_reversion,short,local_chop,24,4.0,34,0.18440914072674852,18.44091407267485,0.5423798256669075,22,12,64.70588235294117,1.467576416211375
2024,1000SHIB,1000SHIB:rsi_reversion:short:local_chop:h24:l4,rsi_reversion,short,local_chop,24,4.0,56,-0.5890922310863749,-58.90922310863749,-1.051950412654241,28,28,50.0,0.6173940363971485
2025,1000SHIB,1000SHIB:rsi_reversion:short:local_chop:h24:l4,rsi_reversion,short,local_chop,24,4.0,36,0.23581835041694532,23.581835041694532,0.6550509733804037,22,14,61.111111111111114,1.6243957346138307
2026_01_05,1000SHIB,1000SHIB:rsi_reversion:short:local_chop:h24:l4,rsi_reversion,short,local_chop,24,4.0,35,0.4864200859987866,48.642008599878665,1.3897716742822475,19,16,54.285714285714285,2.457267074277569
2023H2,1000SHIB,1000SHIB:micro_momentum:long:market_chop:h18:l5,micro_momentum,long,market_chop,18,5.0,59,0.634665598223576,63.4665598223576,1.075704403768773,30,29,50.847457627118644,1.4932466279827308
2024,1000SHIB,1000SHIB:micro_momentum:long:market_chop:h18:l5,micro_momentum,long,market_chop,18,5.0,97,0.4935751487153234,49.35751487153234,0.5088403595003334,40,57,41.23711340206185,1.183566144478928
2025,1000SHIB,1000SHIB:micro_momentum:long:market_chop:h18:l5,micro_momentum,long,market_chop,18,5.0,114,0.5029230604908902,50.29230604908902,0.44116057937797387,58,56,50.877192982456144,1.2798179971284933
2026_01_05,1000SHIB,1000SHIB:micro_momentum:long:market_chop:h18:l5,micro_momentum,long,market_chop,18,5.0,50,0.3132404298775887,31.324042987758872,0.6264808597551774,25,25,50.0,1.4499711643526807
2023H2,1000SHIB,1000SHIB:micro_momentum:short:market_chop:h18:l5,micro_momentum,short,market_chop,18,5.0,50,0.03775524095042393,3.775524095042393,0.07551048190084786,23,27,46.0,1.0532597282866427
2024,1000SHIB,1000SHIB:micro_momentum:short:market_chop:h18:l5,micro_momentum,short,market_chop,18,5.0,171,1.1081721898806656,110.81721898806656,0.6480539122109156,85,86,49.707602339181285,1.32566839661708
2025,1000SHIB,1000SHIB:micro_momentum:short:market_chop:h18:l5,micro_momentum,short,market_chop,18,5.0,171,0.4082738261017349,40.82738261017349,0.238756623451307,80,91,46.783625730994146,1.1248253958662584
2026_01_05,1000SHIB,1000SHIB:micro_momentum:short:market_chop:h18:l5,micro_momentum,short,market_chop,18,5.0,39,-0.36125112105757584,-36.12511210575759,-0.926284925788656,19,20,48.717948717948715,0.47647733218089633
2023H2,1000SHIB,1000SHIB:vwap_reclaim:long:market_contra:h18:l5,vwap_reclaim,long,market_contra,18,5.0,17,-0.33354885224186615,-33.35488522418662,-1.9620520720109773,5,12,29.411764705882355,0.2970573456476079
2024,1000SHIB,1000SHIB:vwap_reclaim:long:market_contra:h18:l5,vwap_reclaim,long,market_contra,18,5.0,27,0.26724263586595187,26.724263586595185,0.9897875402442661,11,16,40.74074074074074,1.3531597846866315
2025,1000SHIB,1000SHIB:vwap_reclaim:long:market_contra:h18:l5,vwap_reclaim,long,market_contra,18,5.0,44,0.20389979920721668,20.389979920721668,0.46340863456185605,24,20,54.54545454545454,1.2617356176795045
2026_01_05,1000SHIB,1000SHIB:vwap_reclaim:long:market_contra:h18:l5,vwap_reclaim,long,market_contra,18,5.0,15,0.07239492243064694,7.239492243064694,0.4826328162043129,7,8,46.666666666666664,1.2842191024194471
2023H2,1000SHIB,1000SHIB:vwap_reclaim:short:market_contra:h18:l5,vwap_reclaim,short,market_contra,18,5.0,21,-0.03838040949744104,-3.8380409497441037,-0.18276385474971923,11,10,52.38095238095239,0.8915296110954763
2024,1000SHIB,1000SHIB:vwap_reclaim:short:market_contra:h18:l5,vwap_reclaim,short,market_contra,18,5.0,50,-0.3161531193686401,-31.61531193686401,-0.6323062387372802,24,26,48.0,0.7934324585661484
2025,1000SHIB,1000SHIB:vwap_reclaim:short:market_contra:h18:l5,vwap_reclaim,short,market_contra,18,5.0,47,0.6405236960562372,64.05236960562371,1.3628163745877386,33,14,70.2127659574468,2.7569287543997922
2026_01_05,1000SHIB,1000SHIB:vwap_reclaim:short:market_contra:h18:l5,vwap_reclaim,short,market_contra,18,5.0,17,-0.13191437740410095,-13.191437740410095,-0.7759669259064761,9,8,52.94117647058824,0.6029038321684926
2023H2,1000SHIB,1000SHIB:range_breakout:long:market_aligned:h24:l4,range_breakout,long,market_aligned,24,4.0,136,0.5135370535483288,51.35370535483288,0.3776007746678888,65,71,47.794117647058826,1.3738914209715958
2024,1000SHIB,1000SHIB:range_breakout:long:market_aligned:h24:l4,range_breakout,long,market_aligned,24,4.0,309,1.708975688955214,170.8975688955214,0.5530665660049237,144,165,46.601941747572816,1.2531799063193114
2025,1000SHIB,1000SHIB:range_breakout:long:market_aligned:h24:l4,range_breakout,long,market_aligned,24,4.0,271,-0.9391378674001092,-93.91378674001092,-0.3465453385240255,126,145,46.494464944649444,0.804619393328869
2026_01_05,1000SHIB,1000SHIB:range_breakout:long:market_aligned:h24:l4,range_breakout,long,market_aligned,24,4.0,108,0.4632504012194132,46.32504012194132,0.4289355566846419,51,57,47.22222222222222,1.2840076105595883
2023H2,1000SHIB,1000SHIB:range_breakout:short:market_aligned:h24:l4,range_breakout,short,market_aligned,24,4.0,146,-0.5574121402621892,-55.74121402621892,-0.38178913716588303,61,85,41.78082191780822,0.747269679710372
2024,1000SHIB,1000SHIB:range_breakout:short:market_aligned:h24:l4,range_breakout,short,market_aligned,24,4.0,261,-1.1101220432402532,-111.01220432402532,-0.4253341161840051,104,157,39.84674329501915,0.8155644711163633
2025,1000SHIB,1000SHIB:range_breakout:short:market_aligned:h24:l4,range_breakout,short,market_aligned,24,4.0,272,0.5801937741261303,58.019377412613025,0.21330653460519497,123,149,45.220588235294116,1.1318915039060466
2026_01_05,1000SHIB,1000SHIB:range_breakout:short:market_aligned:h24:l4,range_breakout,short,market_aligned,24,4.0,116,-0.03803143768391726,-3.8031437683917257,-0.03278572214130798,56,60,48.275862068965516,0.9773724668985297
2023H2,1000SHIB,1000SHIB:stoch_turn:long:local_trend:h24:l4,stoch_turn,long,local_trend,24,4.0,27,0.15192198303539284,15.192198303539284,0.5626740112421957,11,16,40.74074074074074,1.4130102014122128
2024,1000SHIB,1000SHIB:stoch_turn:long:local_trend:h24:l4,stoch_turn,long,local_trend,24,4.0,54,-0.5725161542590049,-57.251615425900496,-1.0602151004796387,23,31,42.592592592592595,0.5603221296237559
2025,1000SHIB,1000SHIB:stoch_turn:long:local_trend:h24:l4,stoch_turn,long,local_trend,24,4.0,58,0.025482385438299282,2.548238543829928,0.043935147307412555,29,29,50.0,1.0329128456315901
2026_01_05,1000SHIB,1000SHIB:stoch_turn:long:local_trend:h24:l4,stoch_turn,long,local_trend,24,4.0,24,0.13441760344008724,13.441760344008724,0.5600733476670301,12,12,50.0,1.4131860257487832
2023H2,1000SHIB,1000SHIB:stoch_turn:short:local_trend:h24:l4,stoch_turn,short,local_trend,24,4.0,19,0.13757846685032726,13.757846685032726,0.7240971939490909,12,7,63.1578947368421,2.0832143624987602
2024,1000SHIB,1000SHIB:stoch_turn:short:local_trend:h24:l4,stoch_turn,short,local_trend,24,4.0,39,-0.4652843564045894,-46.528435640458945,-1.193036811293819,17,22,43.58974358974359,0.5324683359283056
2025,1000SHIB,1000SHIB:stoch_turn:short:local_trend:h24:l4,stoch_turn,short,local_trend,24,4.0,41,-0.2673112009043268,-26.731120090432682,-0.651978538791041,21,20,51.21951219512195,0.7071557260653208
2026_01_05,1000SHIB,1000SHIB:stoch_turn:short:local_trend:h24:l4,stoch_turn,short,local_trend,24,4.0,17,-0.10754114005384086,-10.754114005384086,-0.6325949414931815,8,9,47.05882352941176,0.6454401097575119
2023H2,1000PEPE,1000PEPE:panic_snapback:long:market_contra:h12:l4,panic_snapback,long,market_contra,12,4.0,62,0.2741278481007381,27.41278481007381,0.44214169048506147,35,27,56.451612903225815,1.319452013953729
2024,1000PEPE,1000PEPE:panic_snapback:long:market_contra:h12:l4,panic_snapback,long,market_contra,12,4.0,131,0.3415960340618054,34.15960340618054,0.26076033134488963,74,57,56.48854961832062,1.1094740587500487
2025,1000PEPE,1000PEPE:panic_snapback:long:market_contra:h12:l4,panic_snapback,long,market_contra,12,4.0,138,0.8102122602231181,81.02122602231181,0.5871103334950131,82,56,59.42028985507246,1.3146290944213932
2026_01_05,1000PEPE,1000PEPE:panic_snapback:long:market_contra:h12:l4,panic_snapback,long,market_contra,12,4.0,27,0.053321335216093946,5.332133521609395,0.19748642672627387,14,13,51.85185185185185,1.1492703897027425
2023H2,1000PEPE,1000PEPE:panic_snapback:short:market_contra:h12:l4,panic_snapback,short,market_contra,12,4.0,67,-0.8446718648951559,-84.46718648951558,-1.2607042759629192,35,32,52.23880597014925,0.6730781158178578
2024,1000PEPE,1000PEPE:panic_snapback:short:market_contra:h12:l4,panic_snapback,short,market_contra,12,4.0,144,-0.5763125916524556,-57.63125916524557,-0.40021707753642755,80,64,55.55555555555556,0.8750502645748309
2025,1000PEPE,1000PEPE:panic_snapback:short:market_contra:h12:l4,panic_snapback,short,market_contra,12,4.0,95,-0.24228961477504285,-24.228961477504285,-0.255041699763203,52,43,54.736842105263165,0.8889358314674896
2026_01_05,1000PEPE,1000PEPE:panic_snapback:short:market_contra:h12:l4,panic_snapback,short,market_contra,12,4.0,39,0.18179362383552533,18.179362383552533,0.46613749701416757,23,16,58.97435897435898,1.2775370225184146
2023H2,1000PEPE,1000PEPE:rsi_reversion:long:local_chop:h24:l4,rsi_reversion,long,local_chop,24,4.0,90,-0.13484907070479313,-13.484907070479313,-0.14983230078310347,46,44,51.11111111111111,0.9391549155015207
2024,1000PEPE,1000PEPE:rsi_reversion:long:local_chop:h24:l4,rsi_reversion,long,local_chop,24,4.0,164,2.0069108124129484,200.69108124129485,1.2237261051298467,96,68,58.536585365853654,1.4873261323580795
2025,1000PEPE,1000PEPE:rsi_reversion:long:local_chop:h24:l4,rsi_reversion,long,local_chop,24,4.0,117,0.8127731953200006,81.27731953200006,0.6946779447179492,63,54,53.84615384615385,1.301530187384216
2026_01_05,1000PEPE,1000PEPE:rsi_reversion:long:local_chop:h24:l4,rsi_reversion,long,local_chop,24,4.0,45,-0.13064841673715044,-13.064841673715044,-0.29032981497144544,21,24,46.666666666666664,0.8505653822864515
2023H2,1000PEPE,1000PEPE:rsi_reversion:short:local_chop:h24:l4,rsi_reversion,short,local_chop,24,4.0,79,1.0242100617267385,102.42100617267384,1.2964684325654916,46,33,58.22784810126582,1.9437904048093464
2024,1000PEPE,1000PEPE:rsi_reversion:short:local_chop:h24:l4,rsi_reversion,short,local_chop,24,4.0,146,-0.25631665817206883,-25.631665817206883,-0.17555935491237593,72,74,49.31506849315068,0.9376122420479519
2025,1000PEPE,1000PEPE:rsi_reversion:short:local_chop:h24:l4,rsi_reversion,short,local_chop,24,4.0,82,-0.03159888032925773,-3.159888032925773,-0.038535219913728935,44,38,53.65853658536586,0.9796208679977854
2026_01_05,1000PEPE,1000PEPE:rsi_reversion:short:local_chop:h24:l4,rsi_reversion,short,local_chop,24,4.0,38,0.40578138629727123,40.57813862972712,1.0678457534138717,23,15,60.526315789473685,1.9257068276725653
2023H2,1000PEPE,1000PEPE:micro_momentum:long:market_chop:h18:l5,micro_momentum,long,market_chop,18,5.0,55,0.892688850721895,89.26888507218949,1.6230706376761728,21,34,38.18181818181819,1.559079383969982
2024,1000PEPE,1000PEPE:micro_momentum:long:market_chop:h18:l5,micro_momentum,long,market_chop,18,5.0,120,0.3881494971233874,38.814949712338745,0.3234579142694895,52,68,43.333333333333336,1.0809052916247373
2025,1000PEPE,1000PEPE:micro_momentum:long:market_chop:h18:l5,micro_momentum,long,market_chop,18,5.0,137,0.3581445419639795,35.814454196397946,0.2614193736963354,63,74,45.98540145985402,1.1188504278868683
2026_01_05,1000PEPE,1000PEPE:micro_momentum:long:market_chop:h18:l5,micro_momentum,long,market_chop,18,5.0,44,-0.23570218943885723,-23.570218943885724,-0.5356867941792209,20,24,45.45454545454545,0.7795887613139949
2023H2,1000PEPE,1000PEPE:micro_momentum:short:market_chop:h18:l5,micro_momentum,short,market_chop,18,5.0,77,0.7026011581929992,70.26011581929991,0.9124690366142847,39,38,50.649350649350644,1.4797157260402853
2024,1000PEPE,1000PEPE:micro_momentum:short:market_chop:h18:l5,micro_momentum,short,market_chop,18,5.0,182,0.9326418463384416,93.26418463384417,0.5124405749112316,91,91,50.0,1.1427501770246054
2025,1000PEPE,1000PEPE:micro_momentum:short:market_chop:h18:l5,micro_momentum,short,market_chop,18,5.0,196,-0.20578336115668394,-20.578336115668392,-0.1049915107942265,88,108,44.89795918367347,0.963499191506087
2026_01_05,1000PEPE,1000PEPE:micro_momentum:short:market_chop:h18:l5,micro_momentum,short,market_chop,18,5.0,55,-0.20070415786834772,-20.070415786834772,-0.3649166506697231,26,29,47.27272727272727,0.8158495440289815
2023H2,1000PEPE,1000PEPE:vwap_reclaim:long:market_contra:h18:l5,vwap_reclaim,long,market_contra,18,5.0,27,-0.22436662657330575,-22.436662657330576,-0.8309875058270584,10,17,37.03703703703704,0.7697302738010692
2024,1000PEPE,1000PEPE:vwap_reclaim:long:market_contra:h18:l5,vwap_reclaim,long,market_contra,18,5.0,41,0.7255505267672918,72.55505267672918,1.769635431139736,22,19,53.65853658536586,1.5742328550563445
2025,1000PEPE,1000PEPE:vwap_reclaim:long:market_contra:h18:l5,vwap_reclaim,long,market_contra,18,5.0,47,0.9001295693247802,90.01295693247802,1.9151692964357026,24,23,51.06382978723404,1.8364770517855182
2026_01_05,1000PEPE,1000PEPE:vwap_reclaim:long:market_contra:h18:l5,vwap_reclaim,long,market_contra,18,5.0,19,-0.3562213795208191,-35.622137952081914,-1.8748493658990477,8,11,42.10526315789473,0.507354500730787
2023H2,1000PEPE,1000PEPE:vwap_reclaim:short:market_contra:h18:l5,vwap_reclaim,short,market_contra,18,5.0,30,0.3452399376999299,34.52399376999299,1.1507997923330995,17,13,56.666666666666664,1.8519723698849637
2024,1000PEPE,1000PEPE:vwap_reclaim:short:market_contra:h18:l5,vwap_reclaim,short,market_contra,18,5.0,49,1.0249597072601795,102.49597072601794,2.091754504612611,31,18,63.26530612244898,1.7534813569136638
2025,1000PEPE,1000PEPE:vwap_reclaim:short:market_contra:h18:l5,vwap_reclaim,short,market_contra,18,5.0,65,-0.11864610615156868,-11.864610615156867,-0.18253247100241335,32,33,49.23076923076923,0.9205461588517493
2026_01_05,1000PEPE,1000PEPE:vwap_reclaim:short:market_contra:h18:l5,vwap_reclaim,short,market_contra,18,5.0,17,-0.2917691313735643,-29.17691313735643,-1.71628900807979,7,10,41.17647058823529,0.350798317384539
2023H2,1000PEPE,1000PEPE:range_breakout:long:market_aligned:h24:l4,range_breakout,long,market_aligned,24,4.0,151,1.3400238718257893,134.00238718257893,0.8874330276991983,62,89,41.05960264900662,1.318265107798653
2024,1000PEPE,1000PEPE:range_breakout:long:market_aligned:h24:l4,range_breakout,long,market_aligned,24,4.0,359,4.402472086157799,440.24720861577987,1.2263153443336485,174,185,48.467966573816156,1.3615115400403972
2025,1000PEPE,1000PEPE:range_breakout:long:market_aligned:h24:l4,range_breakout,long,market_aligned,24,4.0,322,-1.7126732051149776,-171.26732051149776,-0.5318860885450241,138,184,42.857142857142854,0.8014540701476759
2026_01_05,1000PEPE,1000PEPE:range_breakout:long:market_aligned:h24:l4,range_breakout,long,market_aligned,24,4.0,105,0.14340611666126835,14.340611666126835,0.1365772539631127,48,57,45.714285714285715,1.0728375192032709
2023H2,1000PEPE,1000PEPE:range_breakout:short:market_aligned:h24:l4,range_breakout,short,market_aligned,24,4.0,172,-1.551045493940891,-155.1045493940891,-0.9017706360121459,73,99,42.44186046511628,0.7112156878519827
2024,1000PEPE,1000PEPE:range_breakout:short:market_aligned:h24:l4,range_breakout,short,market_aligned,24,4.0,300,-3.035261569741824,-303.5261569741824,-1.011753856580608,142,158,47.333333333333336,0.7172618093097428
2025,1000PEPE,1000PEPE:range_breakout:short:market_aligned:h24:l4,range_breakout,short,market_aligned,24,4.0,334,1.147821134340572,114.7821134340572,0.34365902225765627,161,173,48.20359281437126,1.1396670806664757
2026_01_05,1000PEPE,1000PEPE:range_breakout:short:market_aligned:h24:l4,range_breakout,short,market_aligned,24,4.0,131,-0.7742895148076672,-77.42895148076671,-0.5910606983264635,49,82,37.404580152671755,0.716195644912337
2023H2,1000PEPE,1000PEPE:stoch_turn:long:local_trend:h24:l4,stoch_turn,long,local_trend,24,4.0,19,0.3604672455536444,36.04672455536444,1.8971960292297074,10,9,52.63157894736842,2.0701852881193625
2024,1000PEPE,1000PEPE:stoch_turn:long:local_trend:h24:l4,stoch_turn,long,local_trend,24,4.0,58,0.36248022980668715,36.248022980668715,0.6249659134598055,27,31,46.55172413793103,1.2559098056418014
2025,1000PEPE,1000PEPE:stoch_turn:long:local_trend:h24:l4,stoch_turn,long,local_trend,24,4.0,56,0.11370728287176712,11.370728287176712,0.20304871941386987,28,28,50.0,1.0887999213737212
2026_01_05,1000PEPE,1000PEPE:stoch_turn:long:local_trend:h24:l4,stoch_turn,long,local_trend,24,4.0,16,0.5367198941519717,53.671989415197174,3.3544993384498234,12,4,75.0,8.328437492642184
2023H2,1000PEPE,1000PEPE:stoch_turn:short:local_trend:h24:l4,stoch_turn,short,local_trend,24,4.0,28,-0.9778446770714591,-97.78446770714591,-3.4923024181123536,11,17,39.285714285714285,0.2552299140063462
2024,1000PEPE,1000PEPE:stoch_turn:short:local_trend:h24:l4,stoch_turn,short,local_trend,24,4.0,52,0.7677137257317868,76.77137257317868,1.4763725494842053,29,23,55.769230769230774,1.732559896985093
2025,1000PEPE,1000PEPE:stoch_turn:short:local_trend:h24:l4,stoch_turn,short,local_trend,24,4.0,62,-0.05302317584562344,-5.302317584562344,-0.08552125136390877,31,31,50.0,0.9560702543002703
2026_01_05,1000PEPE,1000PEPE:stoch_turn:short:local_trend:h24:l4,stoch_turn,short,local_trend,24,4.0,21,-0.1013358606117305,-10.13358606117305,-0.48255171719871665,8,13,38.095238095238095,0.635565883399188
