date,profit,exit_reason,raw_profit,pair,candidate_id,template,side,regime,hold
2023-06-05 15:30:00+00:00,-0.019796254256526702,fixed_hold,-0.15837003405221362,XTZ,5min:XTZ:panic_snapback:long:market_contra:h24:#1,panic_snapback,long,market_contra,24
2023-06-06 19:55:00+00:00,0.000921262080727792,fixed_hold,0.007370096645822336,XRP,5min:XRP:rsi_reversion:short:market_extreme:h24:#4,rsi_reversion,short,market_extreme,24
2023-06-07 10:05:00+00:00,-0.0023846279908227293,fixed_hold,-0.019077023926581834,LINK,5min:LINK:panic_snapback:long:market_contra:h24:#5,panic_snapback,long,market_contra,24
2023-06-07 14:40:00+00:00,-0.006340146837977678,fixed_hold,-0.050721174703821426,AAVE,5min:AAVE:panic_snapback:long:market_contra:h24:#6,panic_snapback,long,market_contra,24
2023-06-08 20:30:00+00:00,0.0009955812372535737,fixed_hold,0.00796464989802859,SUI,5min:SUI:rsi_reversion:short:local_chop:h24:#3,rsi_reversion,short,local_chop,24
2023-06-10 04:30:00+00:00,0.0009285714285714457,fixed_hold,0.0074285714285715655,XTZ,5min:XTZ:panic_snapback:long:market_contra:h24:#1,panic_snapback,long,market_contra,24
2023-06-10 04:30:00+00:00,-0.010203196347031984,fixed_hold,-0.08162557077625587,AAVE,5min:AAVE:panic_snapback:long:market_contra:h24:#6,panic_snapback,long,market_contra,24
2023-06-10 05:55:00+00:00,-0.0003062015503876854,fixed_hold,-0.002449612403101483,AAVE,5min:AAVE:panic_snapback:long:market_contra:h24:#6,panic_snapback,long,market_contra,24
2023-06-10 08:40:00+00:00,-0.002509377093101117,fixed_hold,-0.020075016744808934,SUI,5min:SUI:rsi_reversion:short:local_chop:h24:#3,rsi_reversion,short,local_chop,24
2023-06-10 08:45:00+00:00,-0.0038439224209998453,fixed_hold,-0.030751379367998762,SUI,5min:SUI:rsi_reversion:short:local_chop:h24:#3,rsi_reversion,short,local_chop,24
2023-06-11 16:45:00+00:00,-0.0018920733704553268,fixed_hold,-0.015136586963642614,SUI,5min:SUI:rsi_reversion:short:local_chop:h24:#3,rsi_reversion,short,local_chop,24
2023-06-12 02:30:00+00:00,0.0015396270396270122,fixed_hold,0.012317016317016097,AAVE,5min:AAVE:panic_snapback:long:market_contra:h24:#6,panic_snapback,long,market_contra,24
2023-06-12 02:30:00+00:00,0.001474723538704537,fixed_hold,0.011797788309636296,LINK,5min:LINK:panic_snapback:long:market_contra:h24:#5,panic_snapback,long,market_contra,24
2023-06-14 21:00:00+00:00,-0.005019774011299494,fixed_hold,-0.04015819209039595,COMP,5min:COMP:rsi_reversion:long:market_extreme:h24:#7,rsi_reversion,long,market_extreme,24
2023-06-20 18:15:00+00:00,-0.0013173273395995495,fixed_hold,-0.010538618716796396,XRP,5min:XRP:rsi_reversion:short:market_extreme:h24:#4,rsi_reversion,short,market_extreme,24
2023-06-20 18:25:00+00:00,0.0008143416065533042,fixed_hold,0.006514732852426434,SOL,5min:SOL:panic_snapback:short:market_contra:h24:#2,panic_snapback,short,market_contra,24
2023-06-21 01:15:00+00:00,0.00010459492140274572,fixed_hold,0.0008367593712219658,XRP,5min:XRP:rsi_reversion:short:market_extreme:h24:#4,rsi_reversion,short,market_extreme,24
2023-06-21 06:00:00+00:00,0.0018254427285194223,fixed_hold,0.014603541828155379,SOL,5min:SOL:panic_snapback:short:market_contra:h24:#2,panic_snapback,short,market_contra,24
2023-06-21 15:25:00+00:00,0.0018044197589222604,fixed_hold,0.014435358071378083,SOL,5min:SOL:panic_snapback:short:market_contra:h24:#2,panic_snapback,short,market_contra,24
2023-06-23 12:10:00+00:00,0.004569708491761693,fixed_hold,0.03655766793409354,SUI,5min:SUI:rsi_reversion:short:local_chop:h24:#3,rsi_reversion,short,local_chop,24
2023-06-23 15:10:00+00:00,-0.015311779169837836,fixed_hold,-0.12249423335870269,SOL,5min:SOL:panic_snapback:short:market_contra:h24:#2,panic_snapback,short,market_contra,24
2023-06-23 15:25:00+00:00,-0.010083628214201446,fixed_hold,-0.08066902571361156,SOL,5min:SOL:panic_snapback:short:market_contra:h24:#2,panic_snapback,short,market_contra,24
2023-06-24 12:30:00+00:00,0.005736195920488518,fixed_hold,0.045889567363908146,SUI,5min:SUI:rsi_reversion:short:local_chop:h24:#3,rsi_reversion,short,local_chop,24
2023-06-24 12:35:00+00:00,0.0057232594321276475,fixed_hold,0.04578607545702118,SUI,5min:SUI:rsi_reversion:short:local_chop:h24:#3,rsi_reversion,short,local_chop,24
2023-06-24 15:25:00+00:00,0.0014960079840319889,fixed_hold,0.011968063872255911,LINK,5min:LINK:panic_snapback:long:market_contra:h24:#5,panic_snapback,long,market_contra,24
2023-06-25 04:15:00+00:00,-0.0004413970932958806,fixed_hold,-0.003531176746367045,SOL,5min:SOL:panic_snapback:short:market_contra:h24:#2,panic_snapback,short,market_contra,24
2023-06-27 12:45:00+00:00,0.009240714786264925,fixed_hold,0.0739257182901194,SUI,5min:SUI:rsi_reversion:short:local_chop:h24:#3,rsi_reversion,short,local_chop,24
2023-06-27 14:10:00+00:00,0.008590356317645653,fixed_hold,0.06872285054116523,SOL,5min:SOL:panic_snapback:short:market_contra:h24:#2,panic_snapback,short,market_contra,24
2023-06-28 14:40:00+00:00,0.001858490566037763,fixed_hold,0.014867924528302105,SUI,5min:SUI:rsi_reversion:short:local_chop:h24:#3,rsi_reversion,short,local_chop,24
2023-06-28 17:40:00+00:00,-0.015575795435615547,fixed_hold,-0.12460636348492438,AAVE,5min:AAVE:panic_snapback:long:market_contra:h24:#6,panic_snapback,long,market_contra,24
2023-06-29 06:45:00+00:00,-0.004667943610174752,fixed_hold,-0.037343548881398014,SOL,5min:SOL:panic_snapback:short:market_contra:h24:#2,panic_snapback,short,market_contra,24
2023-06-29 07:05:00+00:00,-0.0035528758090121455,fixed_hold,-0.028423006472097164,SOL,5min:SOL:panic_snapback:short:market_contra:h24:#2,panic_snapback,short,market_contra,24
2023-06-29 09:45:00+00:00,-0.02343195463642428,fixed_hold,-0.18745563709139423,SOL,5min:SOL:panic_snapback:short:market_contra:h24:#2,panic_snapback,short,market_contra,24
2023-06-30 16:40:00+00:00,0.0003090614886731018,fixed_hold,0.0024724919093848143,SUI,5min:SUI:rsi_reversion:short:local_chop:h24:#3,rsi_reversion,short,local_chop,24
2023-07-05 09:30:00+00:00,-0.01592134468963735,fixed_hold,-0.1273707575170988,AAVE,5min:AAVE:panic_snapback:long:market_contra:h24:#6,panic_snapback,long,market_contra,24
2023-07-08 00:25:00+00:00,6.119444188768409e-06,fixed_hold,4.895555351014727e-05,SOL,5min:SOL:panic_snapback:short:market_contra:h24:#2,panic_snapback,short,market_contra,24
2023-07-08 08:20:00+00:00,0.003450167122455217,fixed_hold,0.027601336979641736,SUI,5min:SUI:rsi_reversion:short:local_chop:h24:#3,rsi_reversion,short,local_chop,24
2023-07-09 12:35:00+00:00,0.00018316380749966487,fixed_hold,0.001465310459997319,SUI,5min:SUI:rsi_reversion:short:local_chop:h24:#3,rsi_reversion,short,local_chop,24
2023-07-10 14:55:00+00:00,0.001329500095038905,fixed_hold,0.01063600076031124,SOL,5min:SOL:panic_snapback:short:market_contra:h24:#2,panic_snapback,short,market_contra,24
2023-07-10 18:45:00+00:00,-0.0024418838613073364,fixed_hold,-0.01953507089045869,SOL,5min:SOL:panic_snapback:short:market_contra:h24:#2,panic_snapback,short,market_contra,24
2023-07-10 19:55:00+00:00,0.003923954549688025,fixed_hold,0.0313916363975042,SOL,5min:SOL:panic_snapback:short:market_contra:h24:#2,panic_snapback,short,market_contra,24
2023-07-11 15:20:00+00:00,-0.0044718912312862735,fixed_hold,-0.03577512985029019,SUI,5min:SUI:rsi_reversion:short:local_chop:h24:#3,rsi_reversion,short,local_chop,24
2023-07-12 23:40:00+00:00,0.0034932422054983485,fixed_hold,0.027945937643986788,SUI,5min:SUI:rsi_reversion:short:local_chop:h24:#3,rsi_reversion,short,local_chop,24
2023-07-16 00:30:00+00:00,-0.007623775601068583,fixed_hold,-0.060990204808548665,AAVE,5min:AAVE:panic_snapback:long:market_contra:h24:#6,panic_snapback,long,market_contra,24
2023-07-18 06:50:00+00:00,-0.001687648456057011,fixed_hold,-0.013501187648456089,XTZ,5min:XTZ:panic_snapback:long:market_contra:h24:#1,panic_snapback,long,market_contra,24
2023-07-18 14:30:00+00:00,-0.0041207590183720555,fixed_hold,-0.032966072146976444,SUI,5min:SUI:rsi_reversion:short:local_chop:h24:#3,rsi_reversion,short,local_chop,24
2023-07-19 03:15:00+00:00,-0.0009165088981445964,fixed_hold,-0.007332071185156771,SOL,5min:SOL:panic_snapback:short:market_contra:h24:#2,panic_snapback,short,market_contra,24
2023-07-19 11:45:00+00:00,0.005341446453407561,fixed_hold,0.04273157162726049,SUI,5min:SUI:rsi_reversion:short:local_chop:h24:#3,rsi_reversion,short,local_chop,24
2023-07-22 03:25:00+00:00,0.004608009046245087,fixed_hold,0.0368640723699607,SOL,5min:SOL:panic_snapback:short:market_contra:h24:#2,panic_snapback,short,market_contra,24
2023-07-23 16:55:00+00:00,-0.00524206349206352,fixed_hold,-0.04193650793650816,SOL,5min:SOL:panic_snapback:short:market_contra:h24:#2,panic_snapback,short,market_contra,24
2023-07-24 09:55:00+00:00,0.0037010719976821598,fixed_hold,0.029608575981457278,AAVE,5min:AAVE:panic_snapback:long:market_contra:h24:#6,panic_snapback,long,market_contra,24
2023-07-24 09:55:00+00:00,0.00749507995079951,fixed_hold,0.05996063960639608,XTZ,5min:XTZ:panic_snapback:long:market_contra:h24:#1,panic_snapback,long,market_contra,24
2023-07-28 14:35:00+00:00,-0.003421187552164084,fixed_hold,-0.027369500417312672,SOL,5min:SOL:panic_snapback:short:market_contra:h24:#2,panic_snapback,short,market_contra,24
2023-07-28 15:30:00+00:00,0.008134128792421202,fixed_hold,0.06507303033936962,SOL,5min:SOL:panic_snapback:short:market_contra:h24:#2,panic_snapback,short,market_contra,24
2023-07-30 20:15:00+00:00,0.0059704209328783064,fixed_hold,0.04776336746302645,AAVE,5min:AAVE:panic_snapback:long:market_contra:h24:#6,panic_snapback,long,market_contra,24
2023-08-13 22:45:00+00:00,0.002363766534842438,fixed_hold,0.018910132278739503,LINK,5min:LINK:panic_snapback:long:market_contra:h24:#5,panic_snapback,long,market_contra,24
2023-08-16 01:30:00+00:00,-0.004591225626740969,fixed_hold,-0.03672980501392775,SUI,5min:SUI:rsi_reversion:short:local_chop:h24:#3,rsi_reversion,short,local_chop,24
2023-08-18 05:40:00+00:00,-0.002600399075824433,fixed_hold,-0.020803192606595463,SUI,5min:SUI:rsi_reversion:short:local_chop:h24:#3,rsi_reversion,short,local_chop,24
2023-08-20 07:35:00+00:00,-0.0008619909502262098,fixed_hold,-0.006895927601809678,SUI,5min:SUI:rsi_reversion:short:local_chop:h24:#3,rsi_reversion,short,local_chop,24
2023-08-22 20:25:00+00:00,0.0036952707856598437,fixed_hold,0.02956216628527875,SUI,5min:SUI:rsi_reversion:short:local_chop:h24:#3,rsi_reversion,short,local_chop,24
2023-08-23 19:45:00+00:00,0.00024086269344741939,fixed_hold,0.001926901547579355,SUI,5min:SUI:rsi_reversion:short:local_chop:h24:#3,rsi_reversion,short,local_chop,24
2023-08-24 00:10:00+00:00,0.006253376688344192,fixed_hold,0.05002701350675354,SUI,5min:SUI:rsi_reversion:short:local_chop:h24:#3,rsi_reversion,short,local_chop,24
2023-08-24 23:45:00+00:00,0.012686221743810566,fixed_hold,0.10148977395048453,SUI,5min:SUI:rsi_reversion:short:local_chop:h24:#3,rsi_reversion,short,local_chop,24
2023-08-24 23:50:00+00:00,0.010048900411228356,fixed_hold,0.08039120328982685,SUI,5min:SUI:rsi_reversion:short:local_chop:h24:#3,rsi_reversion,short,local_chop,24
2023-08-29 14:30:00+00:00,0.005439123979213145,fixed_hold,0.04351299183370516,XRP,5min:XRP:rsi_reversion:short:market_extreme:h24:#4,rsi_reversion,short,market_extreme,24
2023-08-31 16:55:00+00:00,0.011841062079281983,fixed_hold,0.09472849663425587,COMP,5min:COMP:rsi_reversion:long:market_extreme:h24:#7,rsi_reversion,long,market_extreme,24
2023-09-01 20:35:00+00:00,0.0015529665366454397,fixed_hold,0.012423732293163518,SUI,5min:SUI:rsi_reversion:short:local_chop:h24:#3,rsi_reversion,short,local_chop,24
2023-09-07 14:50:00+00:00,-0.0012265933153415283,fixed_hold,-0.009812746522732226,SUI,5min:SUI:rsi_reversion:short:local_chop:h24:#3,rsi_reversion,short,local_chop,24
2023-09-08 17:35:00+00:00,-0.0005,fixed_hold,-0.004,SUI,5min:SUI:rsi_reversion:short:local_chop:h24:#3,rsi_reversion,short,local_chop,24
2023-09-11 10:25:00+00:00,0.004094180704441064,fixed_hold,0.03275344563552851,XTZ,5min:XTZ:panic_snapback:long:market_contra:h24:#1,panic_snapback,long,market_contra,24
2023-09-11 13:00:00+00:00,0.008278089887640394,fixed_hold,0.06622471910112315,SUI,5min:SUI:rsi_reversion:short:local_chop:h24:#3,rsi_reversion,short,local_chop,24
2023-09-11 13:05:00+00:00,0.003216608594657389,fixed_hold,0.025732868757259112,SUI,5min:SUI:rsi_reversion:short:local_chop:h24:#3,rsi_reversion,short,local_chop,24
2023-09-12 03:25:00+00:00,0.004427657789893014,fixed_hold,0.03542126231914411,XRP,5min:XRP:rsi_reversion:short:market_extreme:h24:#4,rsi_reversion,short,market_extreme,24
2023-09-12 03:30:00+00:00,0.0021172529313233106,fixed_hold,0.016938023450586485,XRP,5min:XRP:rsi_reversion:short:market_extreme:h24:#4,rsi_reversion,short,market_extreme,24
2023-09-13 14:40:00+00:00,0.0014612367328103453,fixed_hold,0.011689893862482762,SUI,5min:SUI:rsi_reversion:short:local_chop:h24:#3,rsi_reversion,short,local_chop,24
2023-09-14 10:20:00+00:00,-0.0006136105430583623,fixed_hold,-0.004908884344466898,SUI,5min:SUI:rsi_reversion:short:local_chop:h24:#3,rsi_reversion,short,local_chop,24
2023-09-15 22:45:00+00:00,0.00044024237358969475,fixed_hold,0.003521938988717558,SOL,5min:SOL:panic_snapback:short:market_contra:h24:#2,panic_snapback,short,market_contra,24
2023-09-18 12:40:00+00:00,-0.0032143862471096236,fixed_hold,-0.02571508997687699,SOL,5min:SOL:panic_snapback:short:market_contra:h24:#2,panic_snapback,short,market_contra,24
2023-09-20 17:20:00+00:00,0.005566809806760886,fixed_hold,0.04453447845408709,SOL,5min:SOL:panic_snapback:short:market_contra:h24:#2,panic_snapback,short,market_contra,24
2023-09-24 06:30:00+00:00,-0.0010649717514124575,fixed_hold,-0.00851977401129966,SUI,5min:SUI:rsi_reversion:short:local_chop:h24:#3,rsi_reversion,short,local_chop,24
2023-10-02 02:45:00+00:00,0.006379805746661249,fixed_hold,0.05103844597328999,SUI,5min:SUI:rsi_reversion:short:local_chop:h24:#3,rsi_reversion,short,local_chop,24
2023-10-02 07:50:00+00:00,0.00172988039732408,fixed_hold,0.01383904317859264,SUI,5min:SUI:rsi_reversion:short:local_chop:h24:#3,rsi_reversion,short,local_chop,24
2023-10-02 15:05:00+00:00,0.0031740146960587694,fixed_hold,0.025392117568470155,SOL,5min:SOL:panic_snapback:short:market_contra:h24:#2,panic_snapback,short,market_contra,24
2023-10-02 15:25:00+00:00,0.005392849732331839,fixed_hold,0.04314279785865471,SOL,5min:SOL:panic_snapback:short:market_contra:h24:#2,panic_snapback,short,market_contra,24
2023-10-04 08:45:00+00:00,0.0009226865418099921,fixed_hold,0.007381492334479937,SOL,5min:SOL:panic_snapback:short:market_contra:h24:#2,panic_snapback,short,market_contra,24
2023-10-05 13:10:00+00:00,0.004022840343735845,fixed_hold,0.03218272274988676,SUI,5min:SUI:rsi_reversion:short:local_chop:h24:#3,rsi_reversion,short,local_chop,24
2023-10-06 15:45:00+00:00,0.00017782249523407056,fixed_hold,0.0014225799618725644,SOL,5min:SOL:panic_snapback:short:market_contra:h24:#2,panic_snapback,short,market_contra,24
2023-10-08 03:15:00+00:00,0.004312628336755553,fixed_hold,0.03450102669404442,SOL,5min:SOL:panic_snapback:short:market_contra:h24:#2,panic_snapback,short,market_contra,24
2023-10-16 05:40:00+00:00,-9.423818218706704e-05,fixed_hold,-0.0007539054574965363,XRP,5min:XRP:rsi_reversion:short:market_extreme:h24:#4,rsi_reversion,short,market_extreme,24
2023-10-21 11:50:00+00:00,0.007393736829377884,fixed_hold,0.05914989463502307,SOL,5min:SOL:panic_snapback:short:market_contra:h24:#2,panic_snapback,short,market_contra,24
2023-10-23 03:50:00+00:00,-0.005172290720311501,fixed_hold,-0.04137832576249201,SOL,5min:SOL:panic_snapback:short:market_contra:h24:#2,panic_snapback,short,market_contra,24
2023-10-24 02:50:00+00:00,0.009485342616342984,fixed_hold,0.07588274093074387,XRP,5min:XRP:rsi_reversion:short:market_extreme:h24:#4,rsi_reversion,short,market_extreme,24
2023-10-26 09:30:00+00:00,-0.0021534999081389,fixed_hold,-0.0172279992651112,LINK,5min:LINK:panic_snapback:long:market_contra:h24:#5,panic_snapback,long,market_contra,24
2023-10-29 07:55:00+00:00,0.0001196170766465947,fixed_hold,0.0009569366131727576,SOL,5min:SOL:panic_snapback:short:market_contra:h24:#2,panic_snapback,short,market_contra,24
2023-10-29 17:40:00+00:00,0.00047164025019735866,fixed_hold,0.0037731220015788693,SOL,5min:SOL:panic_snapback:short:market_contra:h24:#2,panic_snapback,short,market_contra,24
2023-10-30 08:40:00+00:00,-0.012978668941979521,fixed_hold,-0.10382935153583617,SUI,5min:SUI:rsi_reversion:short:local_chop:h24:#3,rsi_reversion,short,local_chop,24
2023-10-31 23:35:00+00:00,-0.0019093696985514326,fixed_hold,-0.01527495758841146,SOL,5min:SOL:panic_snapback:short:market_contra:h24:#2,panic_snapback,short,market_contra,24
2023-11-01 14:30:00+00:00,-0.009242997113962093,fixed_hold,-0.07394397691169674,SOL,5min:SOL:panic_snapback:short:market_contra:h24:#2,panic_snapback,short,market_contra,24
2023-11-02 14:15:00+00:00,-0.008554123711340234,fixed_hold,-0.06843298969072187,AAVE,5min:AAVE:panic_snapback:long:market_contra:h24:#6,panic_snapback,long,market_contra,24
2023-11-03 01:00:00+00:00,-0.0011435006435006607,fixed_hold,-0.009148005148005286,XTZ,5min:XTZ:panic_snapback:long:market_contra:h24:#1,panic_snapback,long,market_contra,24
2023-11-04 08:20:00+00:00,-0.0007740836074168751,fixed_hold,-0.006192668859335001,SOL,5min:SOL:panic_snapback:short:market_contra:h24:#2,panic_snapback,short,market_contra,24
2023-11-04 22:30:00+00:00,0.0027973835202247947,fixed_hold,0.022379068161798358,SOL,5min:SOL:panic_snapback:short:market_contra:h24:#2,panic_snapback,short,market_contra,24
2023-11-06 22:45:00+00:00,-0.007189845342285117,fixed_hold,-0.05751876273828094,SOL,5min:SOL:panic_snapback:short:market_contra:h24:#2,panic_snapback,short,market_contra,24
2023-11-07 00:45:00+00:00,-0.0017180267965894998,fixed_hold,-0.013744214372715998,XTZ,5min:XTZ:panic_snapback:long:market_contra:h24:#1,panic_snapback,long,market_contra,24
2023-11-07 17:10:00+00:00,0.01898818897637794,fixed_hold,0.15190551181102352,LINK,5min:LINK:panic_snapback:long:market_contra:h24:#5,panic_snapback,long,market_contra,24
2023-11-07 21:00:00+00:00,0.01085097493036219,fixed_hold,0.08680779944289752,SOL,5min:SOL:panic_snapback:short:market_contra:h24:#2,panic_snapback,short,market_contra,24
2023-11-09 04:20:00+00:00,-0.0007481893459082563,fixed_hold,-0.00598551476726605,SOL,5min:SOL:panic_snapback:short:market_contra:h24:#2,panic_snapback,short,market_contra,24
2023-11-09 12:20:00+00:00,-0.010507784970908762,fixed_hold,-0.0840622797672701,SOL,5min:SOL:panic_snapback:short:market_contra:h24:#2,panic_snapback,short,market_contra,24
2023-11-10 03:35:00+00:00,0.005390609050697492,fixed_hold,0.04312487240557994,SOL,5min:SOL:panic_snapback:short:market_contra:h24:#2,panic_snapback,short,market_contra,24
2023-11-10 12:05:00+00:00,0.018513465743067836,fixed_hold,0.1481077259445427,SOL,5min:SOL:panic_snapback:short:market_contra:h24:#2,panic_snapback,short,market_contra,24
2023-11-10 16:10:00+00:00,-0.006062533644356716,fixed_hold,-0.048500269154853726,SUI,5min:SUI:rsi_reversion:short:local_chop:h24:#3,rsi_reversion,short,local_chop,24
2023-11-10 16:55:00+00:00,-0.01915421188052352,fixed_hold,-0.15323369504418816,SOL,5min:SOL:panic_snapback:short:market_contra:h24:#2,panic_snapback,short,market_contra,24
2023-11-11 04:30:00+00:00,0.00451002004008022,fixed_hold,0.03608016032064176,AAVE,5min:AAVE:panic_snapback:long:market_contra:h24:#6,panic_snapback,long,market_contra,24
2023-11-11 04:30:00+00:00,0.008507192310277578,fixed_hold,0.06805753848222063,LINK,5min:LINK:panic_snapback:long:market_contra:h24:#5,panic_snapback,long,market_contra,24
2023-11-11 14:20:00+00:00,0.0043163463877402,fixed_hold,0.0345307711019216,SOL,5min:SOL:panic_snapback:short:market_contra:h24:#2,panic_snapback,short,market_contra,24
2023-11-12 00:45:00+00:00,0.0011596450912804705,fixed_hold,0.009277160730243764,LINK,5min:LINK:panic_snapback:long:market_contra:h24:#5,panic_snapback,long,market_contra,24
2023-11-12 05:55:00+00:00,-0.014189482470784609,fixed_hold,-0.11351585976627687,SUI,5min:SUI:rsi_reversion:short:local_chop:h24:#3,rsi_reversion,short,local_chop,24
2023-11-12 12:30:00+00:00,0.004233464641972107,fixed_hold,0.033867717135776854,LINK,5min:LINK:panic_snapback:long:market_contra:h24:#5,panic_snapback,long,market_contra,24
2023-11-12 12:30:00+00:00,0.0005775862068965747,fixed_hold,0.0046206896551725975,XTZ,5min:XTZ:panic_snapback:long:market_contra:h24:#1,panic_snapback,long,market_contra,24
2023-11-12 12:30:00+00:00,0.003087770382695532,fixed_hold,0.024702163061564256,AAVE,5min:AAVE:panic_snapback:long:market_contra:h24:#6,panic_snapback,long,market_contra,24
2023-11-13 00:50:00+00:00,-0.008340963092032305,fixed_hold,-0.06672770473625844,SUI,5min:SUI:rsi_reversion:short:local_chop:h24:#3,rsi_reversion,short,local_chop,24
2023-11-13 04:00:00+00:00,-0.009702847431539818,fixed_hold,-0.07762277945231855,LINK,5min:LINK:panic_snapback:long:market_contra:h24:#5,panic_snapback,long,market_contra,24
2023-11-13 14:50:00+00:00,0.00822410032715376,fixed_hold,0.06579280261723008,XTZ,5min:XTZ:panic_snapback:long:market_contra:h24:#1,panic_snapback,long,market_contra,24
2023-11-14 11:15:00+00:00,-0.004073411046350339,fixed_hold,-0.032587288370802714,LINK,5min:LINK:panic_snapback:long:market_contra:h24:#5,panic_snapback,long,market_contra,24
2023-11-15 18:20:00+00:00,-0.0059246745195288275,fixed_hold,-0.04739739615623062,XRP,5min:XRP:rsi_reversion:short:market_extreme:h24:#4,rsi_reversion,short,market_extreme,24
2023-11-17 13:05:00+00:00,0.029901104516684318,fixed_hold,0.23920883613347454,SOL,5min:SOL:panic_snapback:short:market_contra:h24:#2,panic_snapback,short,market_contra,24
2023-11-17 14:55:00+00:00,-0.004711793020457267,fixed_hold,-0.03769434416365813,XTZ,5min:XTZ:panic_snapback:long:market_contra:h24:#1,panic_snapback,long,market_contra,24
2023-11-17 15:50:00+00:00,0.014678256265443002,fixed_hold,0.11742605012354401,AAVE,5min:AAVE:panic_snapback:long:market_contra:h24:#6,panic_snapback,long,market_contra,24
2023-11-20 22:30:00+00:00,0.002821960854731576,fixed_hold,0.022575686837852608,SUI,5min:SUI:rsi_reversion:short:local_chop:h24:#3,rsi_reversion,short,local_chop,24
2023-11-21 09:15:00+00:00,0.0127671480144404,fixed_hold,0.1021371841155232,SUI,5min:SUI:rsi_reversion:short:local_chop:h24:#3,rsi_reversion,short,local_chop,24
2023-11-24 00:30:00+00:00,-0.0018014919115334478,fixed_hold,-0.014411935292267582,SOL,5min:SOL:panic_snapback:short:market_contra:h24:#2,panic_snapback,short,market_contra,24
2023-11-24 09:25:00+00:00,-0.003146593799408792,fixed_hold,-0.025172750395270335,SOL,5min:SOL:panic_snapback:short:market_contra:h24:#2,panic_snapback,short,market_contra,24
2023-11-25 06:25:00+00:00,0.01724466123828544,fixed_hold,0.13795728990628353,SUI,5min:SUI:rsi_reversion:short:local_chop:h24:#3,rsi_reversion,short,local_chop,24
2023-11-25 11:05:00+00:00,0.00019156293222683017,fixed_hold,0.0015325034578146414,SUI,5min:SUI:rsi_reversion:short:local_chop:h24:#3,rsi_reversion,short,local_chop,24
2023-11-25 13:10:00+00:00,-0.0034020925614784976,fixed_hold,-0.02721674049182798,SUI,5min:SUI:rsi_reversion:short:local_chop:h24:#3,rsi_reversion,short,local_chop,24
2023-11-25 21:05:00+00:00,0.001726658476658483,fixed_hold,0.013813267813267863,SUI,5min:SUI:rsi_reversion:short:local_chop:h24:#3,rsi_reversion,short,local_chop,24
2023-11-27 07:00:00+00:00,-0.003011698320946887,fixed_hold,-0.024093586567575095,LINK,5min:LINK:panic_snapback:long:market_contra:h24:#5,panic_snapback,long,market_contra,24
2023-11-27 07:00:00+00:00,-0.0023248175182482007,fixed_hold,-0.018598540145985606,XTZ,5min:XTZ:panic_snapback:long:market_contra:h24:#1,panic_snapback,long,market_contra,24
2023-11-27 18:20:00+00:00,0.007429667298741671,fixed_hold,0.05943733838993337,SUI,5min:SUI:rsi_reversion:short:local_chop:h24:#3,rsi_reversion,short,local_chop,24
2023-11-29 09:00:00+00:00,0.009254968420356502,fixed_hold,0.07403974736285202,SOL,5min:SOL:panic_snapback:short:market_contra:h24:#2,panic_snapback,short,market_contra,24
2023-11-29 14:15:00+00:00,0.0094055497873195,fixed_hold,0.075244398298556,SOL,5min:SOL:panic_snapback:short:market_contra:h24:#2,panic_snapback,short,market_contra,24
2023-11-29 17:50:00+00:00,-0.006395233282802781,fixed_hold,-0.05116186626242225,SUI,5min:SUI:rsi_reversion:short:local_chop:h24:#3,rsi_reversion,short,local_chop,24
2023-12-01 09:15:00+00:00,0.0013173780637555925,fixed_hold,0.01053902451004474,SOL,5min:SOL:panic_snapback:short:market_contra:h24:#2,panic_snapback,short,market_contra,24
2023-12-04 01:30:00+00:00,-0.0012223974273330436,fixed_hold,-0.009779179418664349,SOL,5min:SOL:panic_snapback:short:market_contra:h24:#2,panic_snapback,short,market_contra,24
2023-12-05 12:15:00+00:00,0.0013323773103887664,fixed_hold,0.010659018483110131,SUI,5min:SUI:rsi_reversion:short:local_chop:h24:#3,rsi_reversion,short,local_chop,24
2023-12-05 21:25:00+00:00,-0.005248559862992386,fixed_hold,-0.041988478903939086,SUI,5min:SUI:rsi_reversion:short:local_chop:h24:#3,rsi_reversion,short,local_chop,24
2023-12-07 00:45:00+00:00,0.002065335898669252,fixed_hold,0.016522687189354016,SUI,5min:SUI:rsi_reversion:short:local_chop:h24:#3,rsi_reversion,short,local_chop,24
2023-12-07 09:20:00+00:00,0.010222347629796846,fixed_hold,0.08177878103837477,XTZ,5min:XTZ:panic_snapback:long:market_contra:h24:#1,panic_snapback,long,market_contra,24
2023-12-07 09:30:00+00:00,0.0056728395061728665,fixed_hold,0.04538271604938293,XTZ,5min:XTZ:panic_snapback:long:market_contra:h24:#1,panic_snapback,long,market_contra,24
2023-12-07 09:35:00+00:00,0.0008591217982226178,fixed_hold,0.006872974385780942,AAVE,5min:AAVE:panic_snapback:long:market_contra:h24:#6,panic_snapback,long,market_contra,24
2023-12-07 11:00:00+00:00,-0.004671632896305122,fixed_hold,-0.03737306317044098,LINK,5min:LINK:panic_snapback:long:market_contra:h24:#5,panic_snapback,long,market_contra,24
2023-12-08 11:40:00+00:00,0.002366154690071232,fixed_hold,0.018929237520569856,SOL,5min:SOL:panic_snapback:short:market_contra:h24:#2,panic_snapback,short,market_contra,24
2023-12-08 18:00:00+00:00,0.004013146090676989,fixed_hold,0.03210516872541591,SOL,5min:SOL:panic_snapback:short:market_contra:h24:#2,panic_snapback,short,market_contra,24
2023-12-13 07:00:00+00:00,0.006606087735004429,fixed_hold,0.05284870188003543,AAVE,5min:AAVE:panic_snapback:long:market_contra:h24:#6,panic_snapback,long,market_contra,24
2023-12-13 07:00:00+00:00,0.007097812965987382,fixed_hold,0.05678250372789906,LINK,5min:LINK:panic_snapback:long:market_contra:h24:#5,panic_snapback,long,market_contra,24
2023-12-15 03:30:00+00:00,0.0034056397437899903,fixed_hold,0.027245117950319923,SUI,5min:SUI:rsi_reversion:short:local_chop:h24:#3,rsi_reversion,short,local_chop,24
2023-12-15 09:15:00+00:00,-0.0017360939431397267,fixed_hold,-0.013888751545117813,SUI,5min:SUI:rsi_reversion:short:local_chop:h24:#3,rsi_reversion,short,local_chop,24
2023-12-16 12:10:00+00:00,-0.0029815212919834795,fixed_hold,-0.023852170335867836,SOL,5min:SOL:panic_snapback:short:market_contra:h24:#2,panic_snapback,short,market_contra,24
2023-12-16 15:10:00+00:00,-0.005313664596273304,fixed_hold,-0.042509316770186434,SUI,5min:SUI:rsi_reversion:short:local_chop:h24:#3,rsi_reversion,short,local_chop,24
2023-12-16 15:40:00+00:00,0.0010043298537530392,fixed_hold,0.008034638830024313,SOL,5min:SOL:panic_snapback:short:market_contra:h24:#2,panic_snapback,short,market_contra,24
2023-12-17 17:10:00+00:00,-0.002004272132857365,fixed_hold,-0.01603417706285892,SOL,5min:SOL:panic_snapback:short:market_contra:h24:#2,panic_snapback,short,market_contra,24
2023-12-17 22:40:00+00:00,0.00024531516183984347,fixed_hold,0.0019625212947187477,LINK,5min:LINK:panic_snapback:long:market_contra:h24:#5,panic_snapback,long,market_contra,24
2023-12-18 10:30:00+00:00,0.01239566236811257,fixed_hold,0.09916529894490056,AAVE,5min:AAVE:panic_snapback:long:market_contra:h24:#6,panic_snapback,long,market_contra,24
2023-12-18 21:15:00+00:00,-0.001468080243095637,fixed_hold,-0.011744641944765096,SOL,5min:SOL:panic_snapback:short:market_contra:h24:#2,panic_snapback,short,market_contra,24
2023-12-18 21:40:00+00:00,0.004923605790556007,fixed_hold,0.03938884632444806,SOL,5min:SOL:panic_snapback:short:market_contra:h24:#2,panic_snapback,short,market_contra,24
2023-12-19 15:30:00+00:00,-0.026539354934161763,fixed_hold,-0.2123148394732941,SUI,5min:SUI:rsi_reversion:short:local_chop:h24:#3,rsi_reversion,short,local_chop,24
2023-12-21 17:00:00+00:00,-0.007676690110521023,fixed_hold,-0.06141352088416818,SUI,5min:SUI:rsi_reversion:short:local_chop:h24:#3,rsi_reversion,short,local_chop,24
2023-12-23 02:05:00+00:00,-0.01135192697768761,fixed_hold,-0.09081541582150088,AAVE,5min:AAVE:panic_snapback:long:market_contra:h24:#6,panic_snapback,long,market_contra,24
2023-12-23 16:55:00+00:00,-0.028440050958622787,fixed_hold,-0.2275204076689823,SOL,5min:SOL:panic_snapback:short:market_contra:h24:#2,panic_snapback,short,market_contra,24
2023-12-24 05:45:00+00:00,0.009150781016814269,fixed_hold,0.07320624813451415,AAVE,5min:AAVE:panic_snapback:long:market_contra:h24:#6,panic_snapback,long,market_contra,24
2023-12-24 05:45:00+00:00,0.004087155963302724,fixed_hold,0.032697247706421795,XTZ,5min:XTZ:panic_snapback:long:market_contra:h24:#1,panic_snapback,long,market_contra,24
2023-12-24 12:45:00+00:00,0.002256339581036382,fixed_hold,0.018050716648291058,SUI,5min:SUI:rsi_reversion:short:local_chop:h24:#3,rsi_reversion,short,local_chop,24
2023-12-24 14:30:00+00:00,-0.0015321866544854008,fixed_hold,-0.012257493235883207,SOL,5min:SOL:panic_snapback:short:market_contra:h24:#2,panic_snapback,short,market_contra,24
2023-12-24 22:20:00+00:00,-9.624507923683369e-05,fixed_hold,-0.0007699606338946695,AAVE,5min:AAVE:panic_snapback:long:market_contra:h24:#6,panic_snapback,long,market_contra,24
2023-12-25 06:25:00+00:00,0.004083665162375072,fixed_hold,0.032669321299000575,SOL,5min:SOL:panic_snapback:short:market_contra:h24:#2,panic_snapback,short,market_contra,24
2023-12-27 03:35:00+00:00,0.004363813229571967,fixed_hold,0.034910505836575734,XTZ,5min:XTZ:panic_snapback:long:market_contra:h24:#1,panic_snapback,long,market_contra,24
2023-12-28 00:35:00+00:00,0.02049931055615134,fixed_hold,0.16399448444921072,SOL,5min:SOL:panic_snapback:short:market_contra:h24:#2,panic_snapback,short,market_contra,24
2023-12-28 09:45:00+00:00,-0.0192184602746156,fixed_hold,-0.1537476821969248,SUI,5min:SUI:rsi_reversion:short:local_chop:h24:#3,rsi_reversion,short,local_chop,24
2023-12-28 14:15:00+00:00,-0.006525929758354032,fixed_hold,-0.05220743806683226,LINK,5min:LINK:panic_snapback:long:market_contra:h24:#5,panic_snapback,long,market_contra,24
2023-12-28 14:15:00+00:00,-0.0005,fixed_hold,-0.004,AAVE,5min:AAVE:panic_snapback:long:market_contra:h24:#6,panic_snapback,long,market_contra,24
2023-12-28 14:25:00+00:00,0.00139753320683117,fixed_hold,0.01118026565464936,XTZ,5min:XTZ:panic_snapback:long:market_contra:h24:#1,panic_snapback,long,market_contra,24
2023-12-29 15:55:00+00:00,-0.009774657797108899,fixed_hold,-0.07819726237687119,LINK,5min:LINK:panic_snapback:long:market_contra:h24:#5,panic_snapback,long,market_contra,24
2023-12-31 02:55:00+00:00,0.0029414945919371,fixed_hold,0.0235319567354968,XTZ,5min:XTZ:panic_snapback:long:market_contra:h24:#1,panic_snapback,long,market_contra,24
2024-01-01 01:35:00+00:00,0.010701761201761195,fixed_hold,0.08561408961408956,SUI,5min:SUI:rsi_reversion:short:local_chop:h24:#3,rsi_reversion,short,local_chop,24
2024-01-01 01:40:00+00:00,0.012632232479521555,fixed_hold,0.10105785983617244,SUI,5min:SUI:rsi_reversion:short:local_chop:h24:#3,rsi_reversion,short,local_chop,24
2024-01-01 06:55:00+00:00,-0.0029516129032258194,fixed_hold,-0.023612903225806555,SUI,5min:SUI:rsi_reversion:short:local_chop:h24:#3,rsi_reversion,short,local_chop,24
2024-01-01 09:45:00+00:00,-6.77565604949022e-05,fixed_hold,-0.0005420524839592177,SOL,5min:SOL:panic_snapback:short:market_contra:h24:#2,panic_snapback,short,market_contra,24
2024-01-03 05:40:00+00:00,0.010370789681198589,fixed_hold,0.08296631744958871,SUI,5min:SUI:rsi_reversion:short:local_chop:h24:#3,rsi_reversion,short,local_chop,24
2024-01-03 14:20:00+00:00,0.023309523809523836,fixed_hold,0.18647619047619068,XTZ,5min:XTZ:panic_snapback:long:market_contra:h24:#1,panic_snapback,long,market_contra,24
2024-01-03 16:00:00+00:00,-0.012219214753123153,fixed_hold,-0.09775371802498523,SUI,5min:SUI:rsi_reversion:short:local_chop:h24:#3,rsi_reversion,short,local_chop,24
2024-01-04 14:25:00+00:00,-0.006814147222167721,fixed_hold,-0.05451317777734177,SOL,5min:SOL:panic_snapback:short:market_contra:h24:#2,panic_snapback,short,market_contra,24
2024-01-04 15:35:00+00:00,0.005308112826614975,fixed_hold,0.0424649026129198,SOL,5min:SOL:panic_snapback:short:market_contra:h24:#2,panic_snapback,short,market_contra,24
2024-01-04 19:35:00+00:00,-0.0018440860215053196,fixed_hold,-0.014752688172042557,SOL,5min:SOL:panic_snapback:short:market_contra:h24:#2,panic_snapback,short,market_contra,24
2024-01-06 05:55:00+00:00,0.003954342984409831,fixed_hold,0.03163474387527865,XTZ,5min:XTZ:panic_snapback:long:market_contra:h24:#1,panic_snapback,long,market_contra,24
2024-01-08 02:20:00+00:00,-0.004906964091403732,fixed_hold,-0.03925571273122985,AAVE,5min:AAVE:panic_snapback:long:market_contra:h24:#6,panic_snapback,long,market_contra,24
2024-01-08 12:05:00+00:00,0.001631438721136858,fixed_hold,0.013051509769094864,XRP,5min:XRP:rsi_reversion:short:market_extreme:h24:#4,rsi_reversion,short,market_extreme,24
2024-01-08 12:15:00+00:00,-0.0003225691980128227,fixed_hold,-0.0025805535841025816,XRP,5min:XRP:rsi_reversion:short:market_extreme:h24:#4,rsi_reversion,short,market_extreme,24
2024-01-08 18:40:00+00:00,-0.0012801664355062688,fixed_hold,-0.01024133148405015,XRP,5min:XRP:rsi_reversion:short:market_extreme:h24:#4,rsi_reversion,short,market_extreme,24
2024-01-09 04:10:00+00:00,-0.0052832440331222474,fixed_hold,-0.04226595226497798,SOL,5min:SOL:panic_snapback:short:market_contra:h24:#2,panic_snapback,short,market_contra,24
2024-01-10 06:20:00+00:00,0.012357683095928385,fixed_hold,0.09886146476742708,SUI,5min:SUI:rsi_reversion:short:local_chop:h24:#3,rsi_reversion,short,local_chop,24
2024-01-10 13:00:00+00:00,-0.0025064205457464013,fixed_hold,-0.02005136436597121,AAVE,5min:AAVE:panic_snapback:long:market_contra:h24:#6,panic_snapback,long,market_contra,24
2024-01-10 18:05:00+00:00,-0.0038158813263524656,fixed_hold,-0.030527050610819725,XRP,5min:XRP:rsi_reversion:short:market_extreme:h24:#4,rsi_reversion,short,market_extreme,24
2024-01-10 23:20:00+00:00,0.017246224524220588,fixed_hold,0.1379697961937647,SOL,5min:SOL:panic_snapback:short:market_contra:h24:#2,panic_snapback,short,market_contra,24
2024-01-11 12:30:00+00:00,0.002015782978117387,fixed_hold,0.016126263824939095,SOL,5min:SOL:panic_snapback:short:market_contra:h24:#2,panic_snapback,short,market_contra,24
2024-01-12 17:00:00+00:00,-0.0028555493972564623,fixed_hold,-0.0228443951780517,LINK,5min:LINK:panic_snapback:long:market_contra:h24:#5,panic_snapback,long,market_contra,24
2024-01-12 17:25:00+00:00,0.007246478873239426,fixed_hold,0.05797183098591541,LINK,5min:LINK:panic_snapback:long:market_contra:h24:#5,panic_snapback,long,market_contra,24
2024-01-12 17:25:00+00:00,0.004788461538461519,fixed_hold,0.038307692307692154,XTZ,5min:XTZ:panic_snapback:long:market_contra:h24:#1,panic_snapback,long,market_contra,24
2024-01-12 21:45:00+00:00,-0.001491080277502443,fixed_hold,-0.011928642220019544,LINK,5min:LINK:panic_snapback:long:market_contra:h24:#5,panic_snapback,long,market_contra,24
2024-01-12 22:25:00+00:00,0.010119810774280757,fixed_hold,0.08095848619424606,COMP,5min:COMP:rsi_reversion:long:market_extreme:h24:#7,rsi_reversion,long,market_extreme,24
2024-01-13 15:35:00+00:00,-0.0089829957967138,fixed_hold,-0.0718639663737104,SUI,5min:SUI:rsi_reversion:short:local_chop:h24:#3,rsi_reversion,short,local_chop,24
2024-01-14 17:50:00+00:00,0.007135723994563137,fixed_hold,0.057085791956505094,SUI,5min:SUI:rsi_reversion:short:local_chop:h24:#3,rsi_reversion,short,local_chop,24
2024-01-18 00:10:00+00:00,0.011720722747038559,fixed_hold,0.09376578197630847,SOL,5min:SOL:panic_snapback:short:market_contra:h24:#2,panic_snapback,short,market_contra,24
2024-01-18 17:55:00+00:00,-0.014638468841120245,fixed_hold,-0.11710775072896196,LINK,5min:LINK:panic_snapback:long:market_contra:h24:#5,panic_snapback,long,market_contra,24
2024-01-18 19:55:00+00:00,0.00576051205382172,fixed_hold,0.04608409643057376,COMP,5min:COMP:rsi_reversion:long:market_extreme:h24:#7,rsi_reversion,long,market_extreme,24
2024-01-18 20:00:00+00:00,0.010162763955676335,fixed_hold,0.08130211164541068,LINK,5min:LINK:panic_snapback:long:market_contra:h24:#5,panic_snapback,long,market_contra,24
2024-01-18 20:00:00+00:00,0.005840917568071646,fixed_hold,0.04672734054457317,COMP,5min:COMP:rsi_reversion:long:market_extreme:h24:#7,rsi_reversion,long,market_extreme,24
2024-01-22 19:35:00+00:00,-0.0018299686263811839,fixed_hold,-0.014639749011049471,LINK,5min:LINK:panic_snapback:long:market_contra:h24:#5,panic_snapback,long,market_contra,24
2024-01-23 09:15:00+00:00,-0.009074490889603437,fixed_hold,-0.0725959271168275,XTZ,5min:XTZ:panic_snapback:long:market_contra:h24:#1,panic_snapback,long,market_contra,24
2024-01-23 22:45:00+00:00,-0.008295195092860808,fixed_hold,-0.06636156074288646,SUI,5min:SUI:rsi_reversion:short:local_chop:h24:#3,rsi_reversion,short,local_chop,24
2024-01-24 00:55:00+00:00,0.0037621204049014816,fixed_hold,0.030096963239211853,SOL,5min:SOL:panic_snapback:short:market_contra:h24:#2,panic_snapback,short,market_contra,24
2024-01-24 10:50:00+00:00,0.005521740380744211,fixed_hold,0.04417392304595369,SOL,5min:SOL:panic_snapback:short:market_contra:h24:#2,panic_snapback,short,market_contra,24
2024-01-24 23:40:00+00:00,0.015205765407554639,fixed_hold,0.12164612326043711,SUI,5min:SUI:rsi_reversion:short:local_chop:h24:#3,rsi_reversion,short,local_chop,24
2024-01-25 14:55:00+00:00,0.017367829357955056,fixed_hold,0.13894263486364045,SUI,5min:SUI:rsi_reversion:short:local_chop:h24:#3,rsi_reversion,short,local_chop,24
2024-01-25 15:00:00+00:00,0.012654533844188964,fixed_hold,0.10123627075351171,SUI,5min:SUI:rsi_reversion:short:local_chop:h24:#3,rsi_reversion,short,local_chop,24
2024-01-25 18:15:00+00:00,0.0004979209979210646,fixed_hold,0.003983367983368517,SUI,5min:SUI:rsi_reversion:short:local_chop:h24:#3,rsi_reversion,short,local_chop,24
2024-01-26 09:50:00+00:00,-0.022042319340866867,fixed_hold,-0.17633855472693494,SOL,5min:SOL:panic_snapback:short:market_contra:h24:#2,panic_snapback,short,market_contra,24
2024-01-26 20:15:00+00:00,0.004552096348366563,fixed_hold,0.036416770786932506,SOL,5min:SOL:panic_snapback:short:market_contra:h24:#2,panic_snapback,short,market_contra,24
2024-01-27 13:15:00+00:00,0.000644901610017901,fixed_hold,0.005159212880143208,SUI,5min:SUI:rsi_reversion:short:local_chop:h24:#3,rsi_reversion,short,local_chop,24
2024-01-27 20:00:00+00:00,0.0018684777147778835,fixed_hold,0.014947821718223068,SUI,5min:SUI:rsi_reversion:short:local_chop:h24:#3,rsi_reversion,short,local_chop,24
2024-01-27 23:15:00+00:00,-0.005073186794659679,fixed_hold,-0.04058549435727743,SOL,5min:SOL:panic_snapback:short:market_contra:h24:#2,panic_snapback,short,market_contra,24
2024-01-28 10:25:00+00:00,0.017735294117647016,fixed_hold,0.14188235294117613,SUI,5min:SUI:rsi_reversion:short:local_chop:h24:#3,rsi_reversion,short,local_chop,24
2024-01-29 14:55:00+00:00,0.015512396694214836,fixed_hold,0.12409917355371869,XTZ,5min:XTZ:panic_snapback:long:market_contra:h24:#1,panic_snapback,long,market_contra,24
2024-01-29 17:35:00+00:00,-0.0019908684308609366,fixed_hold,-0.015926947446887493,XRP,5min:XRP:rsi_reversion:short:market_extreme:h24:#4,rsi_reversion,short,market_extreme,24
2024-01-30 05:55:00+00:00,-0.003096278667243601,fixed_hold,-0.02477022933794881,SUI,5min:SUI:rsi_reversion:short:local_chop:h24:#3,rsi_reversion,short,local_chop,24
2024-01-30 11:45:00+00:00,0.0070882737157566544,fixed_hold,0.056706189726053235,SOL,5min:SOL:panic_snapback:short:market_contra:h24:#2,panic_snapback,short,market_contra,24
2024-01-31 14:10:00+00:00,0.0003344566403492015,fixed_hold,0.002675653122793612,LINK,5min:LINK:panic_snapback:long:market_contra:h24:#5,panic_snapback,long,market_contra,24
2024-01-31 21:30:00+00:00,0.0010694024645431792,fixed_hold,0.008555219716345434,AAVE,5min:AAVE:panic_snapback:long:market_contra:h24:#6,panic_snapback,long,market_contra,24
2024-02-01 01:25:00+00:00,2.4658971668423558e-05,fixed_hold,0.00019727177334738846,XTZ,5min:XTZ:panic_snapback:long:market_contra:h24:#1,panic_snapback,long,market_contra,24
2024-02-01 06:15:00+00:00,-0.0015109860483925592,fixed_hold,-0.012087888387140474,SUI,5min:SUI:rsi_reversion:short:local_chop:h24:#3,rsi_reversion,short,local_chop,24
2024-02-01 14:20:00+00:00,0.0056256796751324445,fixed_hold,0.045005437401059556,SUI,5min:SUI:rsi_reversion:short:local_chop:h24:#3,rsi_reversion,short,local_chop,24
2024-02-02 00:25:00+00:00,0.004922595506992311,fixed_hold,0.03938076405593849,SOL,5min:SOL:panic_snapback:short:market_contra:h24:#2,panic_snapback,short,market_contra,24
2024-02-03 23:25:00+00:00,0.005264752655193938,fixed_hold,0.042118021241551507,LINK,5min:LINK:panic_snapback:long:market_contra:h24:#5,panic_snapback,long,market_contra,24
2024-02-06 09:10:00+00:00,0.01347394136807828,fixed_hold,0.10779153094462623,SUI,5min:SUI:rsi_reversion:short:local_chop:h24:#3,rsi_reversion,short,local_chop,24
2024-02-06 15:30:00+00:00,-0.00010955293811415424,fixed_hold,-0.0008764235049132339,SUI,5min:SUI:rsi_reversion:short:local_chop:h24:#3,rsi_reversion,short,local_chop,24
2024-02-09 02:50:00+00:00,0.005081907910497729,fixed_hold,0.040655263283981835,SOL,5min:SOL:panic_snapback:short:market_contra:h24:#2,panic_snapback,short,market_contra,24
2024-02-10 13:40:00+00:00,-0.0018511959521619321,fixed_hold,-0.014809567617295457,SUI,5min:SUI:rsi_reversion:short:local_chop:h24:#3,rsi_reversion,short,local_chop,24
2024-02-10 20:55:00+00:00,-6.560912314045996e-06,fixed_hold,-5.248729851236797e-05,SOL,5min:SOL:panic_snapback:short:market_contra:h24:#2,panic_snapback,short,market_contra,24
2024-02-12 09:35:00+00:00,-0.005398610161768069,fixed_hold,-0.043188881294144554,SUI,5min:SUI:rsi_reversion:short:local_chop:h24:#3,rsi_reversion,short,local_chop,24
2024-02-12 17:35:00+00:00,-0.003496815883124282,fixed_hold,-0.027974527064994256,XRP,5min:XRP:rsi_reversion:short:market_extreme:h24:#4,rsi_reversion,short,market_extreme,24
2024-02-13 00:35:00+00:00,0.0019224976301653323,fixed_hold,0.015379981041322658,SOL,5min:SOL:panic_snapback:short:market_contra:h24:#2,panic_snapback,short,market_contra,24
2024-02-13 18:10:00+00:00,-0.012241524508745438,fixed_hold,-0.0979321960699635,SUI,5min:SUI:rsi_reversion:short:local_chop:h24:#3,rsi_reversion,short,local_chop,24
2024-02-14 06:20:00+00:00,-0.008043334046650974,fixed_hold,-0.06434667237320779,SUI,5min:SUI:rsi_reversion:short:local_chop:h24:#3,rsi_reversion,short,local_chop,24
2024-02-14 18:15:00+00:00,-0.0003430469812702448,fixed_hold,-0.0027443758501619585,SUI,5min:SUI:rsi_reversion:short:local_chop:h24:#3,rsi_reversion,short,local_chop,24
2024-02-14 18:20:00+00:00,0.0009650481372959767,fixed_hold,0.007720385098367814,SUI,5min:SUI:rsi_reversion:short:local_chop:h24:#3,rsi_reversion,short,local_chop,24
2024-02-15 09:20:00+00:00,-0.004470758388555762,fixed_hold,-0.0357660671084461,SUI,5min:SUI:rsi_reversion:short:local_chop:h24:#3,rsi_reversion,short,local_chop,24
2024-02-15 16:15:00+00:00,0.006350005036768469,fixed_hold,0.05080004029414775,LINK,5min:LINK:panic_snapback:long:market_contra:h24:#5,panic_snapback,long,market_contra,24
2024-02-16 09:15:00+00:00,0.007451356407857823,fixed_hold,0.059610851262862585,XTZ,5min:XTZ:panic_snapback:long:market_contra:h24:#1,panic_snapback,long,market_contra,24
2024-02-17 14:40:00+00:00,0.0027718944268732564,fixed_hold,0.02217515541498605,AAVE,5min:AAVE:panic_snapback:long:market_contra:h24:#6,panic_snapback,long,market_contra,24
2024-02-18 05:50:00+00:00,0.004175295056730699,fixed_hold,0.03340236045384559,SUI,5min:SUI:rsi_reversion:short:local_chop:h24:#3,rsi_reversion,short,local_chop,24
2024-02-20 09:50:00+00:00,0.012693812556869799,fixed_hold,0.10155050045495839,XTZ,5min:XTZ:panic_snapback:long:market_contra:h24:#1,panic_snapback,long,market_contra,24
2024-02-20 18:40:00+00:00,-0.010307386464039558,fixed_hold,-0.08245909171231647,SUI,5min:SUI:rsi_reversion:short:local_chop:h24:#3,rsi_reversion,short,local_chop,24
2024-02-21 10:15:00+00:00,0.004718216318785495,fixed_hold,0.03774573055028396,XTZ,5min:XTZ:panic_snapback:long:market_contra:h24:#1,panic_snapback,long,market_contra,24
2024-02-21 21:45:00+00:00,-0.007085164186156401,fixed_hold,-0.056681313489251206,SUI,5min:SUI:rsi_reversion:short:local_chop:h24:#3,rsi_reversion,short,local_chop,24
2024-02-22 13:50:00+00:00,0.006392778993435433,fixed_hold,0.05114223194748346,AAVE,5min:AAVE:panic_snapback:long:market_contra:h24:#6,panic_snapback,long,market_contra,24
2024-02-25 14:45:00+00:00,0.00344789364540038,fixed_hold,0.02758314916320304,SOL,5min:SOL:panic_snapback:short:market_contra:h24:#2,panic_snapback,short,market_contra,24
2024-02-25 20:10:00+00:00,0.00498471734100131,fixed_hold,0.03987773872801048,SOL,5min:SOL:panic_snapback:short:market_contra:h24:#2,panic_snapback,short,market_contra,24
2024-02-26 07:45:00+00:00,-0.009484725965858032,fixed_hold,-0.07587780772686425,XTZ,5min:XTZ:panic_snapback:long:market_contra:h24:#1,panic_snapback,long,market_contra,24
2024-02-26 09:25:00+00:00,-0.001455448787944957,fixed_hold,-0.011643590303559655,LINK,5min:LINK:panic_snapback:long:market_contra:h24:#5,panic_snapback,long,market_contra,24
2024-02-26 09:25:00+00:00,-4.5454545454625805e-05,fixed_hold,-0.00036363636363700644,XTZ,5min:XTZ:panic_snapback:long:market_contra:h24:#1,panic_snapback,long,market_contra,24
2024-02-26 09:45:00+00:00,0.0018742170135381269,fixed_hold,0.014993736108305015,AAVE,5min:AAVE:panic_snapback:long:market_contra:h24:#6,panic_snapback,long,market_contra,24
2024-02-26 16:15:00+00:00,-0.003239726027397249,fixed_hold,-0.025917808219177992,XRP,5min:XRP:rsi_reversion:short:market_extreme:h24:#4,rsi_reversion,short,market_extreme,24
2024-02-27 02:40:00+00:00,0.003370387038703793,fixed_hold,0.026963096309630345,XRP,5min:XRP:rsi_reversion:short:market_extreme:h24:#4,rsi_reversion,short,market_extreme,24
2024-02-27 02:50:00+00:00,0.0025603060306030327,fixed_hold,0.020482448244824262,XRP,5min:XRP:rsi_reversion:short:market_extreme:h24:#4,rsi_reversion,short,market_extreme,24
2024-02-28 11:00:00+00:00,0.01365216363522831,fixed_hold,0.10921730908182647,SOL,5min:SOL:panic_snapback:short:market_contra:h24:#2,panic_snapback,short,market_contra,24
2024-02-28 16:30:00+00:00,0.03091082519964511,fixed_hold,0.24728660159716087,XRP,5min:XRP:rsi_reversion:short:market_extreme:h24:#4,rsi_reversion,short,market_extreme,24
2024-02-29 00:05:00+00:00,-0.020665636167678247,fixed_hold,-0.16532508934142598,SOL,5min:SOL:panic_snapback:short:market_contra:h24:#2,panic_snapback,short,market_contra,24
2024-02-29 05:35:00+00:00,0.003539858866745072,fixed_hold,0.028318870933960575,SOL,5min:SOL:panic_snapback:short:market_contra:h24:#2,panic_snapback,short,market_contra,24
2024-02-29 17:45:00+00:00,0.006787449392712419,fixed_hold,0.05429959514169935,XTZ,5min:XTZ:panic_snapback:long:market_contra:h24:#1,panic_snapback,long,market_contra,24
2024-03-01 14:05:00+00:00,0.005557203640231656,fixed_hold,0.04445762912185325,SUI,5min:SUI:rsi_reversion:short:local_chop:h24:#3,rsi_reversion,short,local_chop,24
2024-03-02 01:15:00+00:00,0.007787292817679592,fixed_hold,0.062298342541436735,XTZ,5min:XTZ:panic_snapback:long:market_contra:h24:#1,panic_snapback,long,market_contra,24
2024-03-04 08:30:00+00:00,-0.002357458905609344,fixed_hold,-0.01885967124487475,SOL,5min:SOL:panic_snapback:short:market_contra:h24:#2,panic_snapback,short,market_contra,24
2024-03-04 09:55:00+00:00,0.005085898709036696,fixed_hold,0.04068718967229357,SOL,5min:SOL:panic_snapback:short:market_contra:h24:#2,panic_snapback,short,market_contra,24
2024-03-05 19:20:00+00:00,-0.027187689792104675,fixed_hold,-0.2175015183368374,COMP,5min:COMP:rsi_reversion:long:market_extreme:h24:#7,rsi_reversion,long,market_extreme,24
2024-03-05 20:00:00+00:00,0.015618366672177253,fixed_hold,0.12494693337741802,LINK,5min:LINK:panic_snapback:long:market_contra:h24:#5,panic_snapback,long,market_contra,24
2024-03-05 20:00:00+00:00,0.012929137760158527,fixed_hold,0.10343310208126821,AAVE,5min:AAVE:panic_snapback:long:market_contra:h24:#6,panic_snapback,long,market_contra,24
2024-03-06 05:50:00+00:00,-0.013755894434329896,fixed_hold,-0.11004715547463917,SOL,5min:SOL:panic_snapback:short:market_contra:h24:#2,panic_snapback,short,market_contra,24
2024-03-06 07:55:00+00:00,0.0024406959647116926,fixed_hold,0.01952556771769354,XRP,5min:XRP:rsi_reversion:short:market_extreme:h24:#4,rsi_reversion,short,market_extreme,24
2024-03-06 08:20:00+00:00,0.007173469387755038,fixed_hold,0.057387755102040305,XRP,5min:XRP:rsi_reversion:short:market_extreme:h24:#4,rsi_reversion,short,market_extreme,24
2024-03-07 05:45:00+00:00,-0.00430886426592797,fixed_hold,-0.03447091412742376,XTZ,5min:XTZ:panic_snapback:long:market_contra:h24:#1,panic_snapback,long,market_contra,24
2024-03-08 05:05:00+00:00,0.0005198228057874958,fixed_hold,0.004158582446299967,SUI,5min:SUI:rsi_reversion:short:local_chop:h24:#3,rsi_reversion,short,local_chop,24
2024-03-10 07:35:00+00:00,0.009108138658628417,fixed_hold,0.07286510926902734,SUI,5min:SUI:rsi_reversion:short:local_chop:h24:#3,rsi_reversion,short,local_chop,24
2024-03-10 14:45:00+00:00,0.0035443607875056964,fixed_hold,0.02835488630004557,LINK,5min:LINK:panic_snapback:long:market_contra:h24:#5,panic_snapback,long,market_contra,24
2024-03-12 17:10:00+00:00,0.011322544773498755,fixed_hold,0.09058035818799004,COMP,5min:COMP:rsi_reversion:long:market_extreme:h24:#7,rsi_reversion,long,market_extreme,24
2024-03-12 17:25:00+00:00,0.027566528066528095,fixed_hold,0.22053222453222476,XTZ,5min:XTZ:panic_snapback:long:market_contra:h24:#1,panic_snapback,long,market_contra,24
2024-03-13 11:15:00+00:00,0.0033041950728483487,fixed_hold,0.02643356058278679,SOL,5min:SOL:panic_snapback:short:market_contra:h24:#2,panic_snapback,short,market_contra,24
2024-03-13 22:00:00+00:00,0.0041132681137266425,fixed_hold,0.03290614490981314,SOL,5min:SOL:panic_snapback:short:market_contra:h24:#2,panic_snapback,short,market_contra,24
2024-03-14 09:15:00+00:00,0.006811888242577113,fixed_hold,0.054495105940616906,SOL,5min:SOL:panic_snapback:short:market_contra:h24:#2,panic_snapback,short,market_contra,24
2024-03-15 02:50:00+00:00,-0.021212852590581865,fixed_hold,-0.16970282072465492,COMP,5min:COMP:rsi_reversion:long:market_extreme:h24:#7,rsi_reversion,long,market_extreme,24
2024-03-15 02:50:00+00:00,-0.014408701854493555,fixed_hold,-0.11526961483594844,XTZ,5min:XTZ:panic_snapback:long:market_contra:h24:#1,panic_snapback,long,market_contra,24
2024-03-15 02:50:00+00:00,-0.012628424570820862,fixed_hold,-0.1010273965665669,LINK,5min:LINK:panic_snapback:long:market_contra:h24:#5,panic_snapback,long,market_contra,24
2024-03-15 02:55:00+00:00,-0.01998663605322032,fixed_hold,-0.15989308842576255,COMP,5min:COMP:rsi_reversion:long:market_extreme:h24:#7,rsi_reversion,long,market_extreme,24
2024-03-15 03:30:00+00:00,-7.815615891998374e-05,fixed_hold,-0.0006252492713598699,AAVE,5min:AAVE:panic_snapback:long:market_contra:h24:#6,panic_snapback,long,market_contra,24
2024-03-15 03:30:00+00:00,-0.002988455618265717,fixed_hold,-0.023907644946125736,LINK,5min:LINK:panic_snapback:long:market_contra:h24:#5,panic_snapback,long,market_contra,24
2024-03-15 08:55:00+00:00,0.001661779734297653,fixed_hold,0.013294237874381224,AAVE,5min:AAVE:panic_snapback:long:market_contra:h24:#6,panic_snapback,long,market_contra,24
2024-03-15 18:55:00+00:00,0.015453182619849237,fixed_hold,0.1236254609587939,XRP,5min:XRP:rsi_reversion:short:market_extreme:h24:#4,rsi_reversion,short,market_extreme,24
2024-03-16 18:30:00+00:00,0.004169260700389088,fixed_hold,0.033354085603112704,XTZ,5min:XTZ:panic_snapback:long:market_contra:h24:#1,panic_snapback,long,market_contra,24
2024-03-16 18:45:00+00:00,0.007703124999999977,fixed_hold,0.06162499999999982,XTZ,5min:XTZ:panic_snapback:long:market_contra:h24:#1,panic_snapback,long,market_contra,24
2024-03-16 23:20:00+00:00,-0.001741105411219634,fixed_hold,-0.013928843289757072,LINK,5min:LINK:panic_snapback:long:market_contra:h24:#5,panic_snapback,long,market_contra,24
2024-03-17 07:25:00+00:00,0.015612618724559046,fixed_hold,0.12490094979647237,LINK,5min:LINK:panic_snapback:long:market_contra:h24:#5,panic_snapback,long,market_contra,24
2024-03-17 07:25:00+00:00,0.018596473833951188,fixed_hold,0.1487717906716095,AAVE,5min:AAVE:panic_snapback:long:market_contra:h24:#6,panic_snapback,long,market_contra,24
2024-03-17 10:25:00+00:00,0.003489891575613913,fixed_hold,0.027919132604911304,SOL,5min:SOL:panic_snapback:short:market_contra:h24:#2,panic_snapback,short,market_contra,24
2024-03-18 08:30:00+00:00,-0.0076428571428571734,fixed_hold,-0.06114285714285739,XTZ,5min:XTZ:panic_snapback:long:market_contra:h24:#1,panic_snapback,long,market_contra,24
2024-03-18 08:30:00+00:00,-0.0038078271959189887,fixed_hold,-0.03046261756735191,AAVE,5min:AAVE:panic_snapback:long:market_contra:h24:#6,panic_snapback,long,market_contra,24
2024-03-18 17:10:00+00:00,-0.004311805706817717,fixed_hold,-0.03449444565454174,LINK,5min:LINK:panic_snapback:long:market_contra:h24:#5,panic_snapback,long,market_contra,24
2024-03-18 17:10:00+00:00,-0.002869668246445522,fixed_hold,-0.022957345971564177,XTZ,5min:XTZ:panic_snapback:long:market_contra:h24:#1,panic_snapback,long,market_contra,24
2024-03-19 22:35:00+00:00,0.008686351706036655,fixed_hold,0.06949081364829324,XTZ,5min:XTZ:panic_snapback:long:market_contra:h24:#1,panic_snapback,long,market_contra,24
2024-03-20 04:40:00+00:00,0.005643610644929187,fixed_hold,0.045148885159433494,LINK,5min:LINK:panic_snapback:long:market_contra:h24:#5,panic_snapback,long,market_contra,24
2024-03-20 04:40:00+00:00,0.008988983521570015,fixed_hold,0.07191186817256012,AAVE,5min:AAVE:panic_snapback:long:market_contra:h24:#6,panic_snapback,long,market_contra,24
2024-03-20 05:30:00+00:00,0.022790416616057352,fixed_hold,0.18232333292845881,LINK,5min:LINK:panic_snapback:long:market_contra:h24:#5,panic_snapback,long,market_contra,24
2024-03-21 10:10:00+00:00,-0.003868421052631576,fixed_hold,-0.03094736842105261,SUI,5min:SUI:rsi_reversion:short:local_chop:h24:#3,rsi_reversion,short,local_chop,24
2024-03-22 23:55:00+00:00,-0.00029693664423296974,fixed_hold,-0.002375493153863758,SUI,5min:SUI:rsi_reversion:short:local_chop:h24:#3,rsi_reversion,short,local_chop,24
2024-03-23 00:00:00+00:00,-0.003129145960938384,fixed_hold,-0.02503316768750707,SUI,5min:SUI:rsi_reversion:short:local_chop:h24:#3,rsi_reversion,short,local_chop,24
2024-03-23 07:25:00+00:00,0.0025091787081353294,fixed_hold,0.020073429665082635,SOL,5min:SOL:panic_snapback:short:market_contra:h24:#2,panic_snapback,short,market_contra,24
2024-03-25 16:40:00+00:00,-0.0005,fixed_hold,-0.004,XRP,5min:XRP:rsi_reversion:short:market_extreme:h24:#4,rsi_reversion,short,market_extreme,24
2024-03-26 23:00:00+00:00,0.0004395218588478249,fixed_hold,0.003516174870782599,SOL,5min:SOL:panic_snapback:short:market_contra:h24:#2,panic_snapback,short,market_contra,24
2024-03-28 10:10:00+00:00,0.013751661003195192,fixed_hold,0.11001328802556154,SUI,5min:SUI:rsi_reversion:short:local_chop:h24:#3,rsi_reversion,short,local_chop,24
2024-03-28 10:15:00+00:00,0.017123158963941065,fixed_hold,0.13698527171152852,SUI,5min:SUI:rsi_reversion:short:local_chop:h24:#3,rsi_reversion,short,local_chop,24
2024-03-29 07:45:00+00:00,0.00426076172187545,fixed_hold,0.0340860937750036,AAVE,5min:AAVE:panic_snapback:long:market_contra:h24:#6,panic_snapback,long,market_contra,24
2024-03-30 08:45:00+00:00,0.002377697841726645,fixed_hold,0.01902158273381316,XTZ,5min:XTZ:panic_snapback:long:market_contra:h24:#1,panic_snapback,long,market_contra,24
2024-03-31 18:55:00+00:00,-0.0032426836721404224,fixed_hold,-0.02594146937712338,SOL,5min:SOL:panic_snapback:short:market_contra:h24:#2,panic_snapback,short,market_contra,24
2024-03-31 23:45:00+00:00,-0.0012038094300620412,fixed_hold,-0.00963047544049633,SOL,5min:SOL:panic_snapback:short:market_contra:h24:#2,panic_snapback,short,market_contra,24
2024-04-01 15:15:00+00:00,-0.015147820593809203,fixed_hold,-0.12118256475047362,AAVE,5min:AAVE:panic_snapback:long:market_contra:h24:#6,panic_snapback,long,market_contra,24
2024-04-02 02:45:00+00:00,-0.005947470817120604,fixed_hold,-0.04757976653696483,XTZ,5min:XTZ:panic_snapback:long:market_contra:h24:#1,panic_snapback,long,market_contra,24
2024-04-02 02:45:00+00:00,-0.01368159489110854,fixed_hold,-0.10945275912886832,AAVE,5min:AAVE:panic_snapback:long:market_contra:h24:#6,panic_snapback,long,market_contra,24
2024-04-03 21:10:00+00:00,0.010816010058675551,fixed_hold,0.08652808046940441,XTZ,5min:XTZ:panic_snapback:long:market_contra:h24:#1,panic_snapback,long,market_contra,24
2024-04-04 18:05:00+00:00,0.016545454545454585,fixed_hold,0.13236363636363668,SOL,5min:SOL:panic_snapback:short:market_contra:h24:#2,panic_snapback,short,market_contra,24
2024-04-05 02:50:00+00:00,0.001921307506053294,fixed_hold,0.015370460048426352,XTZ,5min:XTZ:panic_snapback:long:market_contra:h24:#1,panic_snapback,long,market_contra,24
2024-04-05 12:00:00+00:00,0.014450166112956853,fixed_hold,0.11560132890365482,XTZ,5min:XTZ:panic_snapback:long:market_contra:h24:#1,panic_snapback,long,market_contra,24
2024-04-07 01:40:00+00:00,0.0010585707574543583,fixed_hold,0.008468566059634867,SOL,5min:SOL:panic_snapback:short:market_contra:h24:#2,panic_snapback,short,market_contra,24
2024-04-08 07:40:00+00:00,-0.012832313102370374,fixed_hold,-0.10265850481896299,SOL,5min:SOL:panic_snapback:short:market_contra:h24:#2,panic_snapback,short,market_contra,24
2024-04-08 07:55:00+00:00,-0.008418027691284136,fixed_hold,-0.06734422153027309,SOL,5min:SOL:panic_snapback:short:market_contra:h24:#2,panic_snapback,short,market_contra,24
2024-04-08 09:00:00+00:00,0.0015638678249840225,fixed_hold,0.01251094259987218,SOL,5min:SOL:panic_snapback:short:market_contra:h24:#2,panic_snapback,short,market_contra,24
2024-04-09 06:45:00+00:00,-0.006164652567975881,fixed_hold,-0.04931722054380705,XTZ,5min:XTZ:panic_snapback:long:market_contra:h24:#1,panic_snapback,long,market_contra,24
2024-04-09 14:35:00+00:00,0.005185358255451689,fixed_hold,0.04148286604361351,AAVE,5min:AAVE:panic_snapback:long:market_contra:h24:#6,panic_snapback,long,market_contra,24
2024-04-09 15:15:00+00:00,0.0018382696804364889,fixed_hold,0.01470615744349191,XTZ,5min:XTZ:panic_snapback:long:market_contra:h24:#1,panic_snapback,long,market_contra,24
2024-04-10 22:30:00+00:00,0.007646238303542996,fixed_hold,0.06116990642834397,SOL,5min:SOL:panic_snapback:short:market_contra:h24:#2,panic_snapback,short,market_contra,24
2024-04-13 17:20:00+00:00,-0.0019634146341462873,fixed_hold,-0.015707317073170298,XTZ,5min:XTZ:panic_snapback:long:market_contra:h24:#1,panic_snapback,long,market_contra,24
2024-04-13 17:20:00+00:00,-0.0036145717463849088,fixed_hold,-0.02891657397107927,AAVE,5min:AAVE:panic_snapback:long:market_contra:h24:#6,panic_snapback,long,market_contra,24
2024-04-13 17:30:00+00:00,-0.0014775171065493638,fixed_hold,-0.01182013685239491,XTZ,5min:XTZ:panic_snapback:long:market_contra:h24:#1,panic_snapback,long,market_contra,24
2024-04-13 17:30:00+00:00,-0.004669586545199722,fixed_hold,-0.037356692361597776,LINK,5min:LINK:panic_snapback:long:market_contra:h24:#5,panic_snapback,long,market_contra,24
2024-04-13 17:30:00+00:00,-0.005884103019538178,fixed_hold,-0.047072824156305426,AAVE,5min:AAVE:panic_snapback:long:market_contra:h24:#6,panic_snapback,long,market_contra,24
2024-04-13 20:00:00+00:00,-0.021655830753353922,fixed_hold,-0.17324664602683137,XTZ,5min:XTZ:panic_snapback:long:market_contra:h24:#1,panic_snapback,long,market_contra,24
2024-04-14 03:15:00+00:00,0.015355604307937754,fixed_hold,0.12284483446350203,COMP,5min:COMP:rsi_reversion:long:market_extreme:h24:#7,rsi_reversion,long,market_extreme,24
2024-04-14 12:50:00+00:00,0.004259386567953383,fixed_hold,0.03407509254362706,SUI,5min:SUI:rsi_reversion:short:local_chop:h24:#3,rsi_reversion,short,local_chop,24
2024-04-15 19:05:00+00:00,0.009376065065840378,fixed_hold,0.07500852052672302,COMP,5min:COMP:rsi_reversion:long:market_extreme:h24:#7,rsi_reversion,long,market_extreme,24
2024-04-16 07:40:00+00:00,0.004678835092668032,fixed_hold,0.03743068074134426,SOL,5min:SOL:panic_snapback:short:market_contra:h24:#2,panic_snapback,short,market_contra,24
2024-04-16 10:35:00+00:00,0.005049949545913257,fixed_hold,0.040399596367306057,XTZ,5min:XTZ:panic_snapback:long:market_contra:h24:#1,panic_snapback,long,market_contra,24
2024-04-16 10:35:00+00:00,0.0026337310277127495,fixed_hold,0.021069848221701996,LINK,5min:LINK:panic_snapback:long:market_contra:h24:#5,panic_snapback,long,market_contra,24
2024-04-16 15:45:00+00:00,0.007954945564049132,fixed_hold,0.06363956451239305,LINK,5min:LINK:panic_snapback:long:market_contra:h24:#5,panic_snapback,long,market_contra,24
2024-04-17 12:45:00+00:00,-0.0005,fixed_hold,-0.004,XTZ,5min:XTZ:panic_snapback:long:market_contra:h24:#1,panic_snapback,long,market_contra,24
2024-04-17 14:25:00+00:00,-0.002072517237208193,fixed_hold,-0.016580137897665544,AAVE,5min:AAVE:panic_snapback:long:market_contra:h24:#6,panic_snapback,long,market_contra,24
2024-04-17 14:25:00+00:00,-0.006483430500153375,fixed_hold,-0.051867444001227,LINK,5min:LINK:panic_snapback:long:market_contra:h24:#5,panic_snapback,long,market_contra,24
2024-04-18 03:05:00+00:00,0.007281483245990039,fixed_hold,0.05825186596792031,SUI,5min:SUI:rsi_reversion:short:local_chop:h24:#3,rsi_reversion,short,local_chop,24
2024-04-18 03:10:00+00:00,0.0065004746084481035,fixed_hold,0.05200379686758483,SUI,5min:SUI:rsi_reversion:short:local_chop:h24:#3,rsi_reversion,short,local_chop,24
2024-04-18 03:15:00+00:00,0.0036416850741559097,fixed_hold,0.029133480593247277,SUI,5min:SUI:rsi_reversion:short:local_chop:h24:#3,rsi_reversion,short,local_chop,24
2024-04-18 06:45:00+00:00,0.004333512352309332,fixed_hold,0.03466809881847466,XTZ,5min:XTZ:panic_snapback:long:market_contra:h24:#1,panic_snapback,long,market_contra,24
2024-04-19 01:45:00+00:00,0.0059516129032257115,fixed_hold,0.04761290322580569,XTZ,5min:XTZ:panic_snapback:long:market_contra:h24:#1,panic_snapback,long,market_contra,24
2024-04-19 01:45:00+00:00,0.012565522620904768,fixed_hold,0.10052418096723814,COMP,5min:COMP:rsi_reversion:long:market_extreme:h24:#7,rsi_reversion,long,market_extreme,24
2024-04-19 01:50:00+00:00,0.007581896551724088,fixed_hold,0.0606551724137927,XTZ,5min:XTZ:panic_snapback:long:market_contra:h24:#1,panic_snapback,long,market_contra,24
2024-04-19 01:50:00+00:00,0.005009955920352638,fixed_hold,0.0400796473628211,LINK,5min:LINK:panic_snapback:long:market_contra:h24:#5,panic_snapback,long,market_contra,24
2024-04-19 01:50:00+00:00,0.011775915822291483,fixed_hold,0.09420732657833186,COMP,5min:COMP:rsi_reversion:long:market_extreme:h24:#7,rsi_reversion,long,market_extreme,24
2024-04-19 01:50:00+00:00,0.011791052114061007,fixed_hold,0.09432841691248806,AAVE,5min:AAVE:panic_snapback:long:market_contra:h24:#6,panic_snapback,long,market_contra,24
2024-04-19 02:25:00+00:00,0.02604867256637161,fixed_hold,0.2083893805309729,XTZ,5min:XTZ:panic_snapback:long:market_contra:h24:#1,panic_snapback,long,market_contra,24
2024-04-19 06:55:00+00:00,-0.0013987417615338722,fixed_hold,-0.011189934092270978,XRP,5min:XRP:rsi_reversion:short:market_extreme:h24:#4,rsi_reversion,short,market_extreme,24
2024-04-19 07:05:00+00:00,0.0011019223067681443,fixed_hold,0.008815378454145154,XRP,5min:XRP:rsi_reversion:short:market_extreme:h24:#4,rsi_reversion,short,market_extreme,24
2024-04-20 12:50:00+00:00,0.001963421916990227,fixed_hold,0.015707375335921817,SUI,5min:SUI:rsi_reversion:short:local_chop:h24:#3,rsi_reversion,short,local_chop,24
2024-04-21 03:15:00+00:00,0.002277154768658474,fixed_hold,0.018217238149267793,SOL,5min:SOL:panic_snapback:short:market_contra:h24:#2,panic_snapback,short,market_contra,24
2024-04-21 16:10:00+00:00,-0.0038621517771373344,fixed_hold,-0.030897214217098675,XTZ,5min:XTZ:panic_snapback:long:market_contra:h24:#1,panic_snapback,long,market_contra,24
2024-04-21 16:10:00+00:00,-0.0019235357917570246,fixed_hold,-0.015388286334056197,LINK,5min:LINK:panic_snapback:long:market_contra:h24:#5,panic_snapback,long,market_contra,24
2024-04-22 10:30:00+00:00,0.0019810377826610663,fixed_hold,0.01584830226128853,SUI,5min:SUI:rsi_reversion:short:local_chop:h24:#3,rsi_reversion,short,local_chop,24
2024-04-23 07:40:00+00:00,0.0009367816091953589,fixed_hold,0.007494252873562871,XTZ,5min:XTZ:panic_snapback:long:market_contra:h24:#1,panic_snapback,long,market_contra,24
2024-04-24 01:35:00+00:00,0.0032565740045079066,fixed_hold,0.026052592036063252,SOL,5min:SOL:panic_snapback:short:market_contra:h24:#2,panic_snapback,short,market_contra,24
2024-04-24 14:40:00+00:00,-0.002955795677799688,fixed_hold,-0.023646365422397505,XTZ,5min:XTZ:panic_snapback:long:market_contra:h24:#1,panic_snapback,long,market_contra,24
2024-04-24 14:40:00+00:00,-0.0030903249680414575,fixed_hold,-0.02472259974433166,LINK,5min:LINK:panic_snapback:long:market_contra:h24:#5,panic_snapback,long,market_contra,24
2024-04-27 01:15:00+00:00,0.008484777383541198,fixed_hold,0.06787821906832958,AAVE,5min:AAVE:panic_snapback:long:market_contra:h24:#6,panic_snapback,long,market_contra,24
2024-04-27 01:15:00+00:00,0.0013429259994329206,fixed_hold,0.010743407995463364,LINK,5min:LINK:panic_snapback:long:market_contra:h24:#5,panic_snapback,long,market_contra,24
2024-04-28 18:50:00+00:00,0.002588152723189186,fixed_hold,0.020705221785513487,SUI,5min:SUI:rsi_reversion:short:local_chop:h24:#3,rsi_reversion,short,local_chop,24
2024-04-29 22:20:00+00:00,-0.0002057339835211387,fixed_hold,-0.0016458718681691097,SUI,5min:SUI:rsi_reversion:short:local_chop:h24:#3,rsi_reversion,short,local_chop,24
2024-04-29 22:35:00+00:00,-0.0035990315978274286,fixed_hold,-0.02879225278261943,SOL,5min:SOL:panic_snapback:short:market_contra:h24:#2,panic_snapback,short,market_contra,24
2024-05-01 08:25:00+00:00,0.006020638136237044,fixed_hold,0.048165105089896354,AAVE,5min:AAVE:panic_snapback:long:market_contra:h24:#6,panic_snapback,long,market_contra,24
2024-05-01 08:25:00+00:00,0.005792906178489654,fixed_hold,0.04634324942791723,XTZ,5min:XTZ:panic_snapback:long:market_contra:h24:#1,panic_snapback,long,market_contra,24
2024-05-01 08:25:00+00:00,0.009881593714927084,fixed_hold,0.07905274971941667,LINK,5min:LINK:panic_snapback:long:market_contra:h24:#5,panic_snapback,long,market_contra,24
2024-05-02 11:55:00+00:00,0.009231096028710584,fixed_hold,0.07384876822968467,SOL,5min:SOL:panic_snapback:short:market_contra:h24:#2,panic_snapback,short,market_contra,24
2024-05-03 12:50:00+00:00,-0.004063694468389278,fixed_hold,-0.03250955574711423,SOL,5min:SOL:panic_snapback:short:market_contra:h24:#2,panic_snapback,short,market_contra,24
2024-05-03 20:30:00+00:00,0.008503273917788323,fixed_hold,0.06802619134230659,SUI,5min:SUI:rsi_reversion:short:local_chop:h24:#3,rsi_reversion,short,local_chop,24
2024-05-04 11:05:00+00:00,0.003877950616445303,fixed_hold,0.031023604931562424,SOL,5min:SOL:panic_snapback:short:market_contra:h24:#2,panic_snapback,short,market_contra,24
2024-05-07 08:25:00+00:00,0.0012238511923036714,fixed_hold,0.009790809538429372,SOL,5min:SOL:panic_snapback:short:market_contra:h24:#2,panic_snapback,short,market_contra,24
2024-05-08 00:35:00+00:00,0.0016739130434782483,fixed_hold,0.013391304347825986,XTZ,5min:XTZ:panic_snapback:long:market_contra:h24:#1,panic_snapback,long,market_contra,24
2024-05-08 18:30:00+00:00,0.017581727864199148,fixed_hold,0.14065382291359319,SOL,5min:SOL:panic_snapback:short:market_contra:h24:#2,panic_snapback,short,market_contra,24
2024-05-10 14:55:00+00:00,-0.005795279124035213,fixed_hold,-0.046362232992281704,COMP,5min:COMP:rsi_reversion:long:market_extreme:h24:#7,rsi_reversion,long,market_extreme,24
2024-05-11 01:15:00+00:00,0.006192254699340649,fixed_hold,0.04953803759472519,SUI,5min:SUI:rsi_reversion:short:local_chop:h24:#3,rsi_reversion,short,local_chop,24
2024-05-11 15:10:00+00:00,0.002415923628276529,fixed_hold,0.01932738902621223,SOL,5min:SOL:panic_snapback:short:market_contra:h24:#2,panic_snapback,short,market_contra,24
2024-05-12 16:25:00+00:00,0.001493620414673103,fixed_hold,0.011948963317384823,SOL,5min:SOL:panic_snapback:short:market_contra:h24:#2,panic_snapback,short,market_contra,24
2024-05-12 21:30:00+00:00,6.36978579481866e-05,fixed_hold,0.0005095828635854928,XTZ,5min:XTZ:panic_snapback:long:market_contra:h24:#1,panic_snapback,long,market_contra,24
2024-05-15 13:40:00+00:00,0.0007207159778888643,fixed_hold,0.0057657278231109145,SOL,5min:SOL:panic_snapback:short:market_contra:h24:#2,panic_snapback,short,market_contra,24
2024-05-16 00:15:00+00:00,-0.003800411931113245,fixed_hold,-0.03040329544890596,SOL,5min:SOL:panic_snapback:short:market_contra:h24:#2,panic_snapback,short,market_contra,24
2024-05-19 10:40:00+00:00,0.012404823974190349,fixed_hold,0.09923859179352279,SOL,5min:SOL:panic_snapback:short:market_contra:h24:#2,panic_snapback,short,market_contra,24
2024-05-20 01:20:00+00:00,0.006620998116760923,fixed_hold,0.052967984934087387,AAVE,5min:AAVE:panic_snapback:long:market_contra:h24:#6,panic_snapback,long,market_contra,24
2024-05-20 01:35:00+00:00,0.007778145695364225,fixed_hold,0.0622251655629138,XTZ,5min:XTZ:panic_snapback:long:market_contra:h24:#1,panic_snapback,long,market_contra,24
2024-05-20 05:15:00+00:00,0.0013326085728808117,fixed_hold,0.010660868583046493,SOL,5min:SOL:panic_snapback:short:market_contra:h24:#2,panic_snapback,short,market_contra,24
2024-05-21 16:00:00+00:00,-0.0003462642205595552,fixed_hold,-0.0027701137644764416,AAVE,5min:AAVE:panic_snapback:long:market_contra:h24:#6,panic_snapback,long,market_contra,24
2024-05-23 20:10:00+00:00,0.014767175572518998,fixed_hold,0.11813740458015198,XTZ,5min:XTZ:panic_snapback:long:market_contra:h24:#1,panic_snapback,long,market_contra,24
2024-05-24 14:35:00+00:00,0.004353906919196737,fixed_hold,0.0348312553535739,SUI,5min:SUI:rsi_reversion:short:local_chop:h24:#3,rsi_reversion,short,local_chop,24
2024-05-27 15:50:00+00:00,-0.0030484764542936245,fixed_hold,-0.024387811634348996,SOL,5min:SOL:panic_snapback:short:market_contra:h24:#2,panic_snapback,short,market_contra,24
2024-05-28 10:20:00+00:00,-0.003047576280538588,fixed_hold,-0.024380610244308706,SOL,5min:SOL:panic_snapback:short:market_contra:h24:#2,panic_snapback,short,market_contra,24
2024-06-04 16:05:00+00:00,-0.004292928518339401,fixed_hold,-0.034343428146715205,SOL,5min:SOL:panic_snapback:short:market_contra:h24:#2,panic_snapback,short,market_contra,24
2024-06-09 00:20:00+00:00,0.012699479457148166,fixed_hold,0.10159583565718533,SUI,5min:SUI:rsi_reversion:short:local_chop:h24:#3,rsi_reversion,short,local_chop,24
2024-06-11 06:10:00+00:00,0.0007799054839026658,fixed_hold,0.006239243871221326,SUI,5min:SUI:rsi_reversion:short:local_chop:h24:#3,rsi_reversion,short,local_chop,24
2024-06-12 01:45:00+00:00,0.011315920398009938,fixed_hold,0.0905273631840795,XTZ,5min:XTZ:panic_snapback:long:market_contra:h24:#1,panic_snapback,long,market_contra,24
2024-06-12 10:05:00+00:00,0.006469696969696959,fixed_hold,0.05175757575757567,SUI,5min:SUI:rsi_reversion:short:local_chop:h24:#3,rsi_reversion,short,local_chop,24
2024-06-12 10:15:00+00:00,0.0019589787194925217,fixed_hold,0.015671829755940173,SOL,5min:SOL:panic_snapback:short:market_contra:h24:#2,panic_snapback,short,market_contra,24
2024-06-12 19:55:00+00:00,0.010119977037887418,fixed_hold,0.08095981630309934,LINK,5min:LINK:panic_snapback:long:market_contra:h24:#5,panic_snapback,long,market_contra,24
2024-06-12 19:55:00+00:00,0.008939305267132325,fixed_hold,0.0715144421370586,COMP,5min:COMP:rsi_reversion:long:market_extreme:h24:#7,rsi_reversion,long,market_extreme,24
2024-06-12 19:55:00+00:00,0.007284296028880866,fixed_hold,0.058274368231046925,AAVE,5min:AAVE:panic_snapback:long:market_contra:h24:#6,panic_snapback,long,market_contra,24
2024-06-14 15:55:00+00:00,-0.011410815939278895,fixed_hold,-0.09128652751423116,AAVE,5min:AAVE:panic_snapback:long:market_contra:h24:#6,panic_snapback,long,market_contra,24
2024-06-14 15:55:00+00:00,-0.016525008226390248,fixed_hold,-0.13220006581112198,LINK,5min:LINK:panic_snapback:long:market_contra:h24:#5,panic_snapback,long,market_contra,24
2024-06-14 21:40:00+00:00,0.003375968992248069,fixed_hold,0.02700775193798455,SUI,5min:SUI:rsi_reversion:short:local_chop:h24:#3,rsi_reversion,short,local_chop,24
2024-06-21 09:00:00+00:00,0.01193113434100862,fixed_hold,0.09544907472806896,LINK,5min:LINK:panic_snapback:long:market_contra:h24:#5,panic_snapback,long,market_contra,24
2024-06-21 09:00:00+00:00,0.0025163236337827914,fixed_hold,0.02013058907026233,AAVE,5min:AAVE:panic_snapback:long:market_contra:h24:#6,panic_snapback,long,market_contra,24
2024-06-22 11:25:00+00:00,0.001335985312117483,fixed_hold,0.010687882496939864,SUI,5min:SUI:rsi_reversion:short:local_chop:h24:#3,rsi_reversion,short,local_chop,24
2024-06-27 10:35:00+00:00,-0.0018527284209318147,fixed_hold,-0.014821827367454517,SOL,5min:SOL:panic_snapback:short:market_contra:h24:#2,panic_snapback,short,market_contra,24
2024-07-03 03:20:00+00:00,0.0014230769230769162,fixed_hold,0.01138461538461533,XTZ,5min:XTZ:panic_snapback:long:market_contra:h24:#1,panic_snapback,long,market_contra,24
2024-07-03 03:20:00+00:00,-0.0009576497922973988,fixed_hold,-0.00766119833837919,LINK,5min:LINK:panic_snapback:long:market_contra:h24:#5,panic_snapback,long,market_contra,24
2024-07-04 04:20:00+00:00,-0.001231772219265625,fixed_hold,-0.009854177754125,SUI,5min:SUI:rsi_reversion:short:local_chop:h24:#3,rsi_reversion,short,local_chop,24
2024-07-05 00:40:00+00:00,-0.005583217184553513,fixed_hold,-0.0446657374764281,LINK,5min:LINK:panic_snapback:long:market_contra:h24:#5,panic_snapback,long,market_contra,24
2024-07-05 06:20:00+00:00,0.013472536738135477,fixed_hold,0.10778029390508381,COMP,5min:COMP:rsi_reversion:long:market_extreme:h24:#7,rsi_reversion,long,market_extreme,24
2024-07-08 01:15:00+00:00,0.01595430765336253,fixed_hold,0.12763446122690025,LINK,5min:LINK:panic_snapback:long:market_contra:h24:#5,panic_snapback,long,market_contra,24
2024-07-08 09:00:00+00:00,0.005936246418338065,fixed_hold,0.04748997134670452,SOL,5min:SOL:panic_snapback:short:market_contra:h24:#2,panic_snapback,short,market_contra,24
2024-07-09 08:45:00+00:00,0.005868391292055464,fixed_hold,0.04694713033644371,SOL,5min:SOL:panic_snapback:short:market_contra:h24:#2,panic_snapback,short,market_contra,24
2024-07-10 04:30:00+00:00,-0.00027215766689453426,fixed_hold,-0.002177261335156274,XRP,5min:XRP:rsi_reversion:short:market_extreme:h24:#4,rsi_reversion,short,market_extreme,24
2024-07-11 07:35:00+00:00,-0.002289348115921685,fixed_hold,-0.01831478492737348,SOL,5min:SOL:panic_snapback:short:market_contra:h24:#2,panic_snapback,short,market_contra,24
2024-07-11 15:55:00+00:00,0.004833333333333301,fixed_hold,0.038666666666666405,XTZ,5min:XTZ:panic_snapback:long:market_contra:h24:#1,panic_snapback,long,market_contra,24
2024-07-12 00:30:00+00:00,0.0006795543905636085,fixed_hold,0.005436435124508868,SUI,5min:SUI:rsi_reversion:short:local_chop:h24:#3,rsi_reversion,short,local_chop,24
2024-07-12 00:35:00+00:00,0.0022577150361129954,fixed_hold,0.018061720288903963,SUI,5min:SUI:rsi_reversion:short:local_chop:h24:#3,rsi_reversion,short,local_chop,24
2024-07-15 18:35:00+00:00,-0.004035959559855917,fixed_hold,-0.03228767647884734,SOL,5min:SOL:panic_snapback:short:market_contra:h24:#2,panic_snapback,short,market_contra,24
2024-07-16 07:00:00+00:00,-0.0005,fixed_hold,-0.004,XTZ,5min:XTZ:panic_snapback:long:market_contra:h24:#1,panic_snapback,long,market_contra,24
2024-07-16 07:00:00+00:00,0.008326684872720203,fixed_hold,0.06661347898176162,AAVE,5min:AAVE:panic_snapback:long:market_contra:h24:#6,panic_snapback,long,market_contra,24
2024-07-17 00:45:00+00:00,0.0020258323765786628,fixed_hold,0.016206659012629302,SUI,5min:SUI:rsi_reversion:short:local_chop:h24:#3,rsi_reversion,short,local_chop,24
2024-07-17 01:20:00+00:00,0.007785585889225899,fixed_hold,0.06228468711380719,SOL,5min:SOL:panic_snapback:short:market_contra:h24:#2,panic_snapback,short,market_contra,24
2024-07-17 08:25:00+00:00,-0.00039592006661121016,fixed_hold,-0.0031673605328896813,LINK,5min:LINK:panic_snapback:long:market_contra:h24:#5,panic_snapback,long,market_contra,24
2024-07-17 16:45:00+00:00,0.0007330456226880004,fixed_hold,0.0058643649815040035,XTZ,5min:XTZ:panic_snapback:long:market_contra:h24:#1,panic_snapback,long,market_contra,24
2024-07-19 14:25:00+00:00,-0.006461774504646689,fixed_hold,-0.05169419603717351,XRP,5min:XRP:rsi_reversion:short:market_extreme:h24:#4,rsi_reversion,short,market_extreme,24
2024-07-20 17:50:00+00:00,0.005855184182652684,fixed_hold,0.04684147346122147,SUI,5min:SUI:rsi_reversion:short:local_chop:h24:#3,rsi_reversion,short,local_chop,24
2024-07-21 20:35:00+00:00,-0.003163854216500672,fixed_hold,-0.025310833732005374,SOL,5min:SOL:panic_snapback:short:market_contra:h24:#2,panic_snapback,short,market_contra,24
2024-07-23 17:05:00+00:00,0.009116801768607241,fixed_hold,0.07293441414885793,LINK,5min:LINK:panic_snapback:long:market_contra:h24:#5,panic_snapback,long,market_contra,24
2024-07-25 20:15:00+00:00,0.012438928258619308,fixed_hold,0.09951142606895447,LINK,5min:LINK:panic_snapback:long:market_contra:h24:#5,panic_snapback,long,market_contra,24
2024-07-27 20:25:00+00:00,-0.0006936483346243745,fixed_hold,-0.005549186676994996,COMP,5min:COMP:rsi_reversion:long:market_extreme:h24:#7,rsi_reversion,long,market_extreme,24
2024-07-30 00:25:00+00:00,-0.0018262599469496261,fixed_hold,-0.014610079575597009,XTZ,5min:XTZ:panic_snapback:long:market_contra:h24:#1,panic_snapback,long,market_contra,24
2024-07-30 12:45:00+00:00,0.004445054945054927,fixed_hold,0.035560439560439416,SUI,5min:SUI:rsi_reversion:short:local_chop:h24:#3,rsi_reversion,short,local_chop,24
2024-07-30 17:10:00+00:00,-6.563706563705819e-05,fixed_hold,-0.0005250965250964655,AAVE,5min:AAVE:panic_snapback:long:market_contra:h24:#6,panic_snapback,long,market_contra,24
2024-07-31 13:45:00+00:00,0.0074853943308694215,fixed_hold,0.05988315464695537,SOL,5min:SOL:panic_snapback:short:market_contra:h24:#2,panic_snapback,short,market_contra,24
2024-07-31 19:55:00+00:00,-0.0025325203252032353,fixed_hold,-0.020260162601625883,XTZ,5min:XTZ:panic_snapback:long:market_contra:h24:#1,panic_snapback,long,market_contra,24
2024-08-01 12:20:00+00:00,0.00589129171681485,fixed_hold,0.0471303337345188,SOL,5min:SOL:panic_snapback:short:market_contra:h24:#2,panic_snapback,short,market_contra,24
2024-08-02 13:50:00+00:00,0.03168355601495604,fixed_hold,0.2534684481196483,SOL,5min:SOL:panic_snapback:short:market_contra:h24:#2,panic_snapback,short,market_contra,24
2024-08-02 15:15:00+00:00,0.007881064690026973,fixed_hold,0.06304851752021579,LINK,5min:LINK:panic_snapback:long:market_contra:h24:#5,panic_snapback,long,market_contra,24
2024-08-02 20:10:00+00:00,0.005887287739523239,fixed_hold,0.047098301916185914,SUI,5min:SUI:rsi_reversion:short:local_chop:h24:#3,rsi_reversion,short,local_chop,24
2024-08-04 17:05:00+00:00,0.00837645914396895,fixed_hold,0.0670116731517516,COMP,5min:COMP:rsi_reversion:long:market_extreme:h24:#7,rsi_reversion,long,market_extreme,24
2024-08-05 01:00:00+00:00,-0.029483910072735264,fixed_hold,-0.23587128058188211,AAVE,5min:AAVE:panic_snapback:long:market_contra:h24:#6,panic_snapback,long,market_contra,24
2024-08-05 10:40:00+00:00,-0.011806532663316605,fixed_hold,-0.09445226130653284,COMP,5min:COMP:rsi_reversion:long:market_extreme:h24:#7,rsi_reversion,long,market_extreme,24
2024-08-05 18:25:00+00:00,0.00016595631326593628,fixed_hold,0.0013276505061274903,COMP,5min:COMP:rsi_reversion:long:market_extreme:h24:#7,rsi_reversion,long,market_extreme,24
2024-08-05 20:10:00+00:00,0.000812335958005284,fixed_hold,0.006498687664042272,SUI,5min:SUI:rsi_reversion:short:local_chop:h24:#3,rsi_reversion,short,local_chop,24
2024-08-07 04:20:00+00:00,0.0011404049382070518,fixed_hold,0.009123239505656414,SOL,5min:SOL:panic_snapback:short:market_contra:h24:#2,panic_snapback,short,market_contra,24
2024-08-07 14:25:00+00:00,0.007382769075290507,fixed_hold,0.05906215260232406,AAVE,5min:AAVE:panic_snapback:long:market_contra:h24:#6,panic_snapback,long,market_contra,24
2024-08-07 20:55:00+00:00,-0.001760716086737279,fixed_hold,-0.014085728693898233,AAVE,5min:AAVE:panic_snapback:long:market_contra:h24:#6,panic_snapback,long,market_contra,24
2024-08-08 01:45:00+00:00,-0.011519283746556419,fixed_hold,-0.09215426997245135,XRP,5min:XRP:rsi_reversion:short:market_extreme:h24:#4,rsi_reversion,short,market_extreme,24
2024-08-09 22:35:00+00:00,-0.004520474878454528,fixed_hold,-0.03616379902763622,SOL,5min:SOL:panic_snapback:short:market_contra:h24:#2,panic_snapback,short,market_contra,24
2024-08-10 18:05:00+00:00,-0.004382152733460987,fixed_hold,-0.03505722186768789,SUI,5min:SUI:rsi_reversion:short:local_chop:h24:#3,rsi_reversion,short,local_chop,24
2024-08-11 03:30:00+00:00,0.005175467895005503,fixed_hold,0.041403743160044026,SOL,5min:SOL:panic_snapback:short:market_contra:h24:#2,panic_snapback,short,market_contra,24
2024-08-12 00:35:00+00:00,-0.003840635268346104,fixed_hold,-0.03072508214676883,AAVE,5min:AAVE:panic_snapback:long:market_contra:h24:#6,panic_snapback,long,market_contra,24
2024-08-13 06:55:00+00:00,0.0013465326220763467,fixed_hold,0.010772260976610774,SUI,5min:SUI:rsi_reversion:short:local_chop:h24:#3,rsi_reversion,short,local_chop,24
2024-08-14 14:05:00+00:00,0.008248011815496559,fixed_hold,0.06598409452397247,COMP,5min:COMP:rsi_reversion:long:market_extreme:h24:#7,rsi_reversion,long,market_extreme,24
2024-08-14 20:50:00+00:00,-0.01631902602310764,fixed_hold,-0.13055220818486113,SUI,5min:SUI:rsi_reversion:short:local_chop:h24:#3,rsi_reversion,short,local_chop,24
2024-08-14 20:55:00+00:00,-0.014186032673374427,fixed_hold,-0.11348826138699541,SUI,5min:SUI:rsi_reversion:short:local_chop:h24:#3,rsi_reversion,short,local_chop,24
2024-08-15 18:15:00+00:00,0.0022001643578304923,fixed_hold,0.01760131486264394,COMP,5min:COMP:rsi_reversion:long:market_extreme:h24:#7,rsi_reversion,long,market_extreme,24
2024-08-15 18:20:00+00:00,0.002081553625909394,fixed_hold,0.016652429007275153,COMP,5min:COMP:rsi_reversion:long:market_extreme:h24:#7,rsi_reversion,long,market_extreme,24
2024-08-15 23:35:00+00:00,-0.015165127020785207,fixed_hold,-0.12132101616628166,SUI,5min:SUI:rsi_reversion:short:local_chop:h24:#3,rsi_reversion,short,local_chop,24
2024-08-16 12:25:00+00:00,0.0037653552790044014,fixed_hold,0.03012284223203521,LINK,5min:LINK:panic_snapback:long:market_contra:h24:#5,panic_snapback,long,market_contra,24
2024-08-17 02:15:00+00:00,0.002030670429674031,fixed_hold,0.01624536343739225,SOL,5min:SOL:panic_snapback:short:market_contra:h24:#2,panic_snapback,short,market_contra,24
2024-08-20 08:05:00+00:00,0.004890086685930217,fixed_hold,0.03912069348744174,SUI,5min:SUI:rsi_reversion:short:local_chop:h24:#3,rsi_reversion,short,local_chop,24
2024-08-27 00:20:00+00:00,-0.010697710718002074,fixed_hold,-0.08558168574401659,SUI,5min:SUI:rsi_reversion:short:local_chop:h24:#3,rsi_reversion,short,local_chop,24
2024-08-27 16:05:00+00:00,-0.0008811390613089327,fixed_hold,-0.007049112490471462,SUI,5min:SUI:rsi_reversion:short:local_chop:h24:#3,rsi_reversion,short,local_chop,24
2024-08-27 21:50:00+00:00,-0.008838748104829985,fixed_hold,-0.07070998483863988,COMP,5min:COMP:rsi_reversion:long:market_extreme:h24:#7,rsi_reversion,long,market_extreme,24
2024-08-28 16:20:00+00:00,0.005341383958660961,fixed_hold,0.04273107166928769,COMP,5min:COMP:rsi_reversion:long:market_extreme:h24:#7,rsi_reversion,long,market_extreme,24
2024-08-28 16:25:00+00:00,0.003525944978751972,fixed_hold,0.028207559830015775,COMP,5min:COMP:rsi_reversion:long:market_extreme:h24:#7,rsi_reversion,long,market_extreme,24
2024-09-01 14:15:00+00:00,0.003369749882019824,fixed_hold,0.02695799905615859,LINK,5min:LINK:panic_snapback:long:market_contra:h24:#5,panic_snapback,long,market_contra,24
2024-09-01 22:25:00+00:00,-0.0034537249753855965,fixed_hold,-0.027629799803084772,AAVE,5min:AAVE:panic_snapback:long:market_contra:h24:#6,panic_snapback,long,market_contra,24
2024-09-02 10:05:00+00:00,-0.0010005612353244926,fixed_hold,-0.00800448988259594,SOL,5min:SOL:panic_snapback:short:market_contra:h24:#2,panic_snapback,short,market_contra,24
2024-09-04 01:05:00+00:00,0.011892755004766442,fixed_hold,0.09514204003813154,COMP,5min:COMP:rsi_reversion:long:market_extreme:h24:#7,rsi_reversion,long,market_extreme,24
2024-09-04 07:50:00+00:00,0.006320499745028074,fixed_hold,0.050563997960224594,SUI,5min:SUI:rsi_reversion:short:local_chop:h24:#3,rsi_reversion,short,local_chop,24
2024-09-08 00:05:00+00:00,0.0033685803991926892,fixed_hold,0.026948643193541514,SUI,5min:SUI:rsi_reversion:short:local_chop:h24:#3,rsi_reversion,short,local_chop,24
2024-09-08 17:20:00+00:00,0.0003014533019876646,fixed_hold,0.002411626415901317,SUI,5min:SUI:rsi_reversion:short:local_chop:h24:#3,rsi_reversion,short,local_chop,24
2024-09-09 08:10:00+00:00,-0.004194046066927415,fixed_hold,-0.03355236853541932,SUI,5min:SUI:rsi_reversion:short:local_chop:h24:#3,rsi_reversion,short,local_chop,24
2024-09-09 08:15:00+00:00,-0.004842633807404184,fixed_hold,-0.03874107045923347,SUI,5min:SUI:rsi_reversion:short:local_chop:h24:#3,rsi_reversion,short,local_chop,24
2024-09-09 17:10:00+00:00,-0.0030872010303874538,fixed_hold,-0.02469760824309963,SOL,5min:SOL:panic_snapback:short:market_contra:h24:#2,panic_snapback,short,market_contra,24
2024-09-13 03:10:00+00:00,8.394160583929987e-05,fixed_hold,0.000671532846714399,SUI,5min:SUI:rsi_reversion:short:local_chop:h24:#3,rsi_reversion,short,local_chop,24
2024-09-15 23:15:00+00:00,-0.012580490182425852,fixed_hold,-0.10064392145940682,AAVE,5min:AAVE:panic_snapback:long:market_contra:h24:#6,panic_snapback,long,market_contra,24
2024-09-16 23:50:00+00:00,0.0026404000386511255,fixed_hold,0.021123200309209004,SUI,5min:SUI:rsi_reversion:short:local_chop:h24:#3,rsi_reversion,short,local_chop,24
2024-09-20 06:45:00+00:00,-0.0008546898618366767,fixed_hold,-0.006837518894693414,SOL,5min:SOL:panic_snapback:short:market_contra:h24:#2,panic_snapback,short,market_contra,24
2024-09-21 00:45:00+00:00,0.00436980651276514,fixed_hold,0.03495845210212112,SOL,5min:SOL:panic_snapback:short:market_contra:h24:#2,panic_snapback,short,market_contra,24
2024-09-21 06:15:00+00:00,-0.0029612272420769243,fixed_hold,-0.023689817936615395,SUI,5min:SUI:rsi_reversion:short:local_chop:h24:#3,rsi_reversion,short,local_chop,24
2024-09-21 18:25:00+00:00,0.0018635872501350796,fixed_hold,0.014908698001080637,SUI,5min:SUI:rsi_reversion:short:local_chop:h24:#3,rsi_reversion,short,local_chop,24
2024-09-26 00:55:00+00:00,0.0059469914040115035,fixed_hold,0.04757593123209203,XTZ,5min:XTZ:panic_snapback:long:market_contra:h24:#1,panic_snapback,long,market_contra,24
2024-09-26 10:40:00+00:00,-0.0017697664676929454,fixed_hold,-0.014158131741543564,SOL,5min:SOL:panic_snapback:short:market_contra:h24:#2,panic_snapback,short,market_contra,24
2024-09-26 14:15:00+00:00,-0.01075513869550565,fixed_hold,-0.0860411095640452,SOL,5min:SOL:panic_snapback:short:market_contra:h24:#2,panic_snapback,short,market_contra,24
2024-09-26 15:50:00+00:00,0.0032888761165946194,fixed_hold,0.026311008932756955,SOL,5min:SOL:panic_snapback:short:market_contra:h24:#2,panic_snapback,short,market_contra,24
2024-09-27 06:10:00+00:00,-0.001049832522277638,fixed_hold,-0.008398660178221103,SOL,5min:SOL:panic_snapback:short:market_contra:h24:#2,panic_snapback,short,market_contra,24
2024-09-27 14:15:00+00:00,-0.0010734848341620302,fixed_hold,-0.008587878673296242,SOL,5min:SOL:panic_snapback:short:market_contra:h24:#2,panic_snapback,short,market_contra,24
2024-09-27 14:30:00+00:00,0.0053565015655061,fixed_hold,0.0428520125240488,SOL,5min:SOL:panic_snapback:short:market_contra:h24:#2,panic_snapback,short,market_contra,24
2024-09-30 23:45:00+00:00,0.0030460992907800914,fixed_hold,0.02436879432624073,XTZ,5min:XTZ:panic_snapback:long:market_contra:h24:#1,panic_snapback,long,market_contra,24
2024-10-01 17:25:00+00:00,0.003293626707132014,fixed_hold,0.026349013657056112,XTZ,5min:XTZ:panic_snapback:long:market_contra:h24:#1,panic_snapback,long,market_contra,24
2024-10-06 14:50:00+00:00,0.0027465745886756103,fixed_hold,0.021972596709404883,SOL,5min:SOL:panic_snapback:short:market_contra:h24:#2,panic_snapback,short,market_contra,24
2024-10-07 00:25:00+00:00,-0.009730215971070655,fixed_hold,-0.07784172776856524,SOL,5min:SOL:panic_snapback:short:market_contra:h24:#2,panic_snapback,short,market_contra,24
2024-10-07 00:45:00+00:00,-0.004312269848774475,fixed_hold,-0.0344981587901958,SOL,5min:SOL:panic_snapback:short:market_contra:h24:#2,panic_snapback,short,market_contra,24
2024-10-07 11:10:00+00:00,0.000994768310911776,fixed_hold,0.007958146487294208,XTZ,5min:XTZ:panic_snapback:long:market_contra:h24:#1,panic_snapback,long,market_contra,24
2024-10-07 23:05:00+00:00,0.0009290818149339524,fixed_hold,0.007432654519471619,LINK,5min:LINK:panic_snapback:long:market_contra:h24:#5,panic_snapback,long,market_contra,24
2024-10-10 05:55:00+00:00,0.007520090732339668,fixed_hold,0.060160725858717345,SUI,5min:SUI:rsi_reversion:short:local_chop:h24:#3,rsi_reversion,short,local_chop,24
2024-10-10 18:00:00+00:00,-0.0019416492467381747,fixed_hold,-0.015533193973905398,AAVE,5min:AAVE:panic_snapback:long:market_contra:h24:#6,panic_snapback,long,market_contra,24
2024-10-10 18:10:00+00:00,0.00800460666194186,fixed_hold,0.06403685329553488,COMP,5min:COMP:rsi_reversion:long:market_extreme:h24:#7,rsi_reversion,long,market_extreme,24
2024-10-10 19:00:00+00:00,-0.0029102393617020934,fixed_hold,-0.023281914893616747,SUI,5min:SUI:rsi_reversion:short:local_chop:h24:#3,rsi_reversion,short,local_chop,24
2024-10-10 19:05:00+00:00,-0.0024689406544647348,fixed_hold,-0.019751525235717878,SUI,5min:SUI:rsi_reversion:short:local_chop:h24:#3,rsi_reversion,short,local_chop,24
2024-10-14 13:50:00+00:00,-0.005118580394236738,fixed_hold,-0.040948643153893904,SUI,5min:SUI:rsi_reversion:short:local_chop:h24:#3,rsi_reversion,short,local_chop,24
2024-10-15 11:20:00+00:00,0.0038352601156069204,fixed_hold,0.030682080924855363,XTZ,5min:XTZ:panic_snapback:long:market_contra:h24:#1,panic_snapback,long,market_contra,24
2024-10-16 05:05:00+00:00,0.001917365564874152,fixed_hold,0.015338924518993217,SUI,5min:SUI:rsi_reversion:short:local_chop:h24:#3,rsi_reversion,short,local_chop,24
2024-10-16 17:30:00+00:00,-0.0013097364675859753,fixed_hold,-0.010477891740687802,SUI,5min:SUI:rsi_reversion:short:local_chop:h24:#3,rsi_reversion,short,local_chop,24
2024-10-17 11:30:00+00:00,-0.0019935064935065467,fixed_hold,-0.015948051948052374,AAVE,5min:AAVE:panic_snapback:long:market_contra:h24:#6,panic_snapback,long,market_contra,24
2024-10-20 20:55:00+00:00,-0.010466976883818757,fixed_hold,-0.08373581507055006,SOL,5min:SOL:panic_snapback:short:market_contra:h24:#2,panic_snapback,short,market_contra,24
2024-10-25 18:05:00+00:00,0.0031953614415429214,fixed_hold,0.02556289153234337,AAVE,5min:AAVE:panic_snapback:long:market_contra:h24:#6,panic_snapback,long,market_contra,24
2024-10-28 22:20:00+00:00,0.004625605497352747,fixed_hold,0.03700484397882198,SOL,5min:SOL:panic_snapback:short:market_contra:h24:#2,panic_snapback,short,market_contra,24
2024-10-29 16:55:00+00:00,0.0005180497468633698,fixed_hold,0.004144397974906958,SOL,5min:SOL:panic_snapback:short:market_contra:h24:#2,panic_snapback,short,market_contra,24
2024-10-30 10:25:00+00:00,0.010502688439709307,fixed_hold,0.08402150751767445,SUI,5min:SUI:rsi_reversion:short:local_chop:h24:#3,rsi_reversion,short,local_chop,24
2024-10-30 15:15:00+00:00,-0.0005,fixed_hold,-0.004,XTZ,5min:XTZ:panic_snapback:long:market_contra:h24:#1,panic_snapback,long,market_contra,24
2024-11-01 13:45:00+00:00,0.022401459854014594,fixed_hold,0.17921167883211675,SOL,5min:SOL:panic_snapback:short:market_contra:h24:#2,panic_snapback,short,market_contra,24
2024-11-03 02:45:00+00:00,0.004686817222069151,fixed_hold,0.037494537776553205,LINK,5min:LINK:panic_snapback:long:market_contra:h24:#5,panic_snapback,long,market_contra,24
2024-11-05 23:10:00+00:00,-0.031552084317988505,fixed_hold,-0.25241667454390804,SUI,5min:SUI:rsi_reversion:short:local_chop:h24:#3,rsi_reversion,short,local_chop,24
2024-11-06 19:25:00+00:00,-0.00309157628816592,fixed_hold,-0.02473261030532736,SUI,5min:SUI:rsi_reversion:short:local_chop:h24:#3,rsi_reversion,short,local_chop,24
2024-11-09 08:35:00+00:00,-0.0003270409171773343,fixed_hold,-0.0026163273374186745,SOL,5min:SOL:panic_snapback:short:market_contra:h24:#2,panic_snapback,short,market_contra,24
2024-11-10 05:10:00+00:00,0.0037650123588425792,fixed_hold,0.030120098870740634,SOL,5min:SOL:panic_snapback:short:market_contra:h24:#2,panic_snapback,short,market_contra,24
2024-11-10 07:25:00+00:00,-0.044706637365437285,fixed_hold,-0.3576530989234983,SUI,5min:SUI:rsi_reversion:short:local_chop:h24:#3,rsi_reversion,short,local_chop,24
2024-11-11 09:20:00+00:00,-0.015275032269961242,fixed_hold,-0.12220025815968993,SOL,5min:SOL:panic_snapback:short:market_contra:h24:#2,panic_snapback,short,market_contra,24
2024-11-12 09:05:00+00:00,0.017801511937232728,fixed_hold,0.14241209549786182,SUI,5min:SUI:rsi_reversion:short:local_chop:h24:#3,rsi_reversion,short,local_chop,24
2024-11-12 10:45:00+00:00,7.728387934763424e-05,fixed_hold,0.000618271034781074,LINK,5min:LINK:panic_snapback:long:market_contra:h24:#5,panic_snapback,long,market_contra,24
2024-11-12 10:45:00+00:00,0.002525632242964038,fixed_hold,0.020205057943712305,AAVE,5min:AAVE:panic_snapback:long:market_contra:h24:#6,panic_snapback,long,market_contra,24
2024-11-13 06:40:00+00:00,0.005399618432638753,fixed_hold,0.043196947461110025,AAVE,5min:AAVE:panic_snapback:long:market_contra:h24:#6,panic_snapback,long,market_contra,24
2024-11-13 21:10:00+00:00,0.005102240896358523,fixed_hold,0.040817927170868185,XTZ,5min:XTZ:panic_snapback:long:market_contra:h24:#1,panic_snapback,long,market_contra,24
2024-11-14 13:00:00+00:00,0.005475853910089146,fixed_hold,0.043806831280713165,SUI,5min:SUI:rsi_reversion:short:local_chop:h24:#3,rsi_reversion,short,local_chop,24
2024-11-14 14:50:00+00:00,0.003048445299813463,fixed_hold,0.024387562398507704,AAVE,5min:AAVE:panic_snapback:long:market_contra:h24:#6,panic_snapback,long,market_contra,24
2024-11-15 21:25:00+00:00,-0.002415883587263967,fixed_hold,-0.019327068698111734,SOL,5min:SOL:panic_snapback:short:market_contra:h24:#2,panic_snapback,short,market_contra,24
2024-11-17 17:20:00+00:00,-0.0036645569620253333,fixed_hold,-0.029316455696202667,XTZ,5min:XTZ:panic_snapback:long:market_contra:h24:#1,panic_snapback,long,market_contra,24
2024-11-21 15:35:00+00:00,0.01030351114112088,fixed_hold,0.08242808912896704,AAVE,5min:AAVE:panic_snapback:long:market_contra:h24:#6,panic_snapback,long,market_contra,24
2024-11-21 15:35:00+00:00,0.008876273950264968,fixed_hold,0.07101019160211974,LINK,5min:LINK:panic_snapback:long:market_contra:h24:#5,panic_snapback,long,market_contra,24
2024-11-22 13:30:00+00:00,-0.003952453058752248,fixed_hold,-0.03161962447001798,AAVE,5min:AAVE:panic_snapback:long:market_contra:h24:#6,panic_snapback,long,market_contra,24
2024-11-22 13:30:00+00:00,0.002748475205515855,fixed_hold,0.02198780164412684,LINK,5min:LINK:panic_snapback:long:market_contra:h24:#5,panic_snapback,long,market_contra,24
2024-11-24 10:50:00+00:00,-0.020837995337995352,fixed_hold,-0.16670396270396282,LINK,5min:LINK:panic_snapback:long:market_contra:h24:#5,panic_snapback,long,market_contra,24
2024-11-24 12:45:00+00:00,-0.02623529411764708,fixed_hold,-0.20988235294117663,XTZ,5min:XTZ:panic_snapback:long:market_contra:h24:#1,panic_snapback,long,market_contra,24
2024-11-25 15:00:00+00:00,0.009131584859036257,fixed_hold,0.07305267887229006,AAVE,5min:AAVE:panic_snapback:long:market_contra:h24:#6,panic_snapback,long,market_contra,24
2024-11-25 15:00:00+00:00,0.0006783189316575404,fixed_hold,0.005426551453260323,XTZ,5min:XTZ:panic_snapback:long:market_contra:h24:#1,panic_snapback,long,market_contra,24
2024-11-25 15:00:00+00:00,0.004591819699499122,fixed_hold,0.03673455759599298,LINK,5min:LINK:panic_snapback:long:market_contra:h24:#5,panic_snapback,long,market_contra,24
2024-11-26 08:35:00+00:00,0.00033472454090149916,fixed_hold,0.0026777963272119933,XTZ,5min:XTZ:panic_snapback:long:market_contra:h24:#1,panic_snapback,long,market_contra,24
2024-11-26 11:35:00+00:00,0.020125037418427805,fixed_hold,0.16100029934742244,AAVE,5min:AAVE:panic_snapback:long:market_contra:h24:#6,panic_snapback,long,market_contra,24
2024-11-29 12:10:00+00:00,0.007906477932995426,fixed_hold,0.06325182346396341,SOL,5min:SOL:panic_snapback:short:market_contra:h24:#2,panic_snapback,short,market_contra,24
2024-12-02 11:05:00+00:00,0.014712929707542288,fixed_hold,0.1177034376603383,LINK,5min:LINK:panic_snapback:long:market_contra:h24:#5,panic_snapback,long,market_contra,24
2024-12-03 11:00:00+00:00,0.007117306520414368,fixed_hold,0.056938452163314945,XTZ,5min:XTZ:panic_snapback:long:market_contra:h24:#1,panic_snapback,long,market_contra,24
2024-12-03 13:45:00+00:00,0.020369154057771677,fixed_hold,0.16295323246217341,AAVE,5min:AAVE:panic_snapback:long:market_contra:h24:#6,panic_snapback,long,market_contra,24
2024-12-03 21:25:00+00:00,0.007763136782992397,fixed_hold,0.062105094263939176,SUI,5min:SUI:rsi_reversion:short:local_chop:h24:#3,rsi_reversion,short,local_chop,24
2024-12-05 02:45:00+00:00,0.005504907236020762,fixed_hold,0.044039257888166095,XRP,5min:XRP:rsi_reversion:short:market_extreme:h24:#4,rsi_reversion,short,market_extreme,24
2024-12-05 03:25:00+00:00,-0.0002034149648335033,fixed_hold,-0.0016273197186680265,SOL,5min:SOL:panic_snapback:short:market_contra:h24:#2,panic_snapback,short,market_contra,24
2024-12-05 22:05:00+00:00,0.0019185244606211853,fixed_hold,0.015348195684969482,SUI,5min:SUI:rsi_reversion:short:local_chop:h24:#3,rsi_reversion,short,local_chop,24
2024-12-09 08:35:00+00:00,-0.008080351728320168,fixed_hold,-0.06464281382656134,XTZ,5min:XTZ:panic_snapback:long:market_contra:h24:#1,panic_snapback,long,market_contra,24
2024-12-09 09:00:00+00:00,-0.009945460085313829,fixed_hold,-0.07956368068251063,XTZ,5min:XTZ:panic_snapback:long:market_contra:h24:#1,panic_snapback,long,market_contra,24
2024-12-09 16:25:00+00:00,-0.0049198207171314845,fixed_hold,-0.039358565737051876,LINK,5min:LINK:panic_snapback:long:market_contra:h24:#5,panic_snapback,long,market_contra,24
2024-12-10 14:10:00+00:00,0.019024291010640904,fixed_hold,0.15219432808512723,SOL,5min:SOL:panic_snapback:short:market_contra:h24:#2,panic_snapback,short,market_contra,24
2024-12-11 08:45:00+00:00,-0.004258893811249831,fixed_hold,-0.03407115048999865,SOL,5min:SOL:panic_snapback:short:market_contra:h24:#2,panic_snapback,short,market_contra,24
2024-12-12 11:15:00+00:00,0.013474096796182666,fixed_hold,0.10779277436946133,XTZ,5min:XTZ:panic_snapback:long:market_contra:h24:#1,panic_snapback,long,market_contra,24
2024-12-14 01:20:00+00:00,0.006702616845945697,fixed_hold,0.053620934767565576,SUI,5min:SUI:rsi_reversion:short:local_chop:h24:#3,rsi_reversion,short,local_chop,24
2024-12-14 13:25:00+00:00,0.005919400855920076,fixed_hold,0.04735520684736061,XTZ,5min:XTZ:panic_snapback:long:market_contra:h24:#1,panic_snapback,long,market_contra,24
2024-12-14 13:30:00+00:00,0.004428583066311831,fixed_hold,0.03542866453049465,AAVE,5min:AAVE:panic_snapback:long:market_contra:h24:#6,panic_snapback,long,market_contra,24
2024-12-15 04:25:00+00:00,0.0032073764395663122,fixed_hold,0.025659011516530498,SUI,5min:SUI:rsi_reversion:short:local_chop:h24:#3,rsi_reversion,short,local_chop,24
2024-12-15 23:30:00+00:00,-0.004588036416670382,fixed_hold,-0.03670429133336306,SOL,5min:SOL:panic_snapback:short:market_contra:h24:#2,panic_snapback,short,market_contra,24
2024-12-17 20:45:00+00:00,0.009371132902329993,fixed_hold,0.07496906321863994,SUI,5min:SUI:rsi_reversion:short:local_chop:h24:#3,rsi_reversion,short,local_chop,24
2024-12-19 15:25:00+00:00,-0.0016961722488038618,fixed_hold,-0.013569377990430894,XTZ,5min:XTZ:panic_snapback:long:market_contra:h24:#1,panic_snapback,long,market_contra,24
2024-12-19 15:25:00+00:00,-0.010712595018849302,fixed_hold,-0.08570076015079442,AAVE,5min:AAVE:panic_snapback:long:market_contra:h24:#6,panic_snapback,long,market_contra,24
2024-12-19 15:25:00+00:00,-0.006096076458752597,fixed_hold,-0.04876861167002078,LINK,5min:LINK:panic_snapback:long:market_contra:h24:#5,panic_snapback,long,market_contra,24
2024-12-19 17:40:00+00:00,-0.02379856361149113,fixed_hold,-0.19038850889192904,LINK,5min:LINK:panic_snapback:long:market_contra:h24:#5,panic_snapback,long,market_contra,24
2024-12-19 18:25:00+00:00,-0.007778763887115292,fixed_hold,-0.062230111096922336,AAVE,5min:AAVE:panic_snapback:long:market_contra:h24:#6,panic_snapback,long,market_contra,24
2024-12-20 09:10:00+00:00,-0.013043252595155652,fixed_hold,-0.10434602076124522,XTZ,5min:XTZ:panic_snapback:long:market_contra:h24:#1,panic_snapback,long,market_contra,24
2024-12-20 10:05:00+00:00,-0.030755854880194944,fixed_hold,-0.24604683904155955,COMP,5min:COMP:rsi_reversion:long:market_extreme:h24:#7,rsi_reversion,long,market_extreme,24
2024-12-20 10:15:00+00:00,-0.011918918918918886,fixed_hold,-0.09535135135135109,COMP,5min:COMP:rsi_reversion:long:market_extreme:h24:#7,rsi_reversion,long,market_extreme,24
2024-12-20 11:45:00+00:00,0.029619887512950804,fixed_hold,0.23695910010360643,LINK,5min:LINK:panic_snapback:long:market_contra:h24:#5,panic_snapback,long,market_contra,24
2024-12-20 11:45:00+00:00,0.03819590600598405,fixed_hold,0.3055672480478724,AAVE,5min:AAVE:panic_snapback:long:market_contra:h24:#6,panic_snapback,long,market_contra,24
2024-12-20 11:45:00+00:00,0.02648993595608412,fixed_hold,0.21191948764867297,XTZ,5min:XTZ:panic_snapback:long:market_contra:h24:#1,panic_snapback,long,market_contra,24
2024-12-21 07:45:00+00:00,0.01065499025541089,fixed_hold,0.08523992204328712,SOL,5min:SOL:panic_snapback:short:market_contra:h24:#2,panic_snapback,short,market_contra,24
2024-12-22 14:40:00+00:00,0.013925337542822602,fixed_hold,0.11140270034258082,AAVE,5min:AAVE:panic_snapback:long:market_contra:h24:#6,panic_snapback,long,market_contra,24
2024-12-22 14:40:00+00:00,0.007167473769168653,fixed_hold,0.057339790153349224,XTZ,5min:XTZ:panic_snapback:long:market_contra:h24:#1,panic_snapback,long,market_contra,24
2024-12-23 14:55:00+00:00,0.01891747572815533,fixed_hold,0.15133980582524265,COMP,5min:COMP:rsi_reversion:long:market_extreme:h24:#7,rsi_reversion,long,market_extreme,24
2024-12-24 18:05:00+00:00,0.007774902041658038,fixed_hold,0.06219921633326431,SOL,5min:SOL:panic_snapback:short:market_contra:h24:#2,panic_snapback,short,market_contra,24
2024-12-24 22:15:00+00:00,0.008974468224933696,fixed_hold,0.07179574579946957,SUI,5min:SUI:rsi_reversion:short:local_chop:h24:#3,rsi_reversion,short,local_chop,24
2024-12-25 05:10:00+00:00,0.004755781359495448,fixed_hold,0.03804625087596358,SUI,5min:SUI:rsi_reversion:short:local_chop:h24:#3,rsi_reversion,short,local_chop,24
2024-12-25 10:25:00+00:00,0.00830012243648609,fixed_hold,0.06640097949188872,SOL,5min:SOL:panic_snapback:short:market_contra:h24:#2,panic_snapback,short,market_contra,24
2024-12-26 08:30:00+00:00,0.0017238695329873659,fixed_hold,0.013790956263898927,XTZ,5min:XTZ:panic_snapback:long:market_contra:h24:#1,panic_snapback,long,market_contra,24
2024-12-26 13:15:00+00:00,0.0032230081906179935,fixed_hold,0.025784065524943948,XTZ,5min:XTZ:panic_snapback:long:market_contra:h24:#1,panic_snapback,long,market_contra,24
2024-12-26 16:15:00+00:00,0.008969337383709919,fixed_hold,0.07175469906967935,SUI,5min:SUI:rsi_reversion:short:local_chop:h24:#3,rsi_reversion,short,local_chop,24
2024-12-27 14:50:00+00:00,-0.00907134110876423,fixed_hold,-0.07257072887011384,AAVE,5min:AAVE:panic_snapback:long:market_contra:h24:#6,panic_snapback,long,market_contra,24
2024-12-27 15:20:00+00:00,-0.0020455950540958496,fixed_hold,-0.016364760432766797,AAVE,5min:AAVE:panic_snapback:long:market_contra:h24:#6,panic_snapback,long,market_contra,24
2024-12-29 13:55:00+00:00,0.005510220974591473,fixed_hold,0.044081767796731786,SUI,5min:SUI:rsi_reversion:short:local_chop:h24:#3,rsi_reversion,short,local_chop,24
2024-12-30 13:55:00+00:00,0.0008659105558795348,fixed_hold,0.006927284447036278,AAVE,5min:AAVE:panic_snapback:long:market_contra:h24:#6,panic_snapback,long,market_contra,24
2025-01-01 01:00:00+00:00,-0.0027347570448625342,fixed_hold,-0.021878056358900274,SUI,5min:SUI:rsi_reversion:short:local_chop:h24:#3,rsi_reversion,short,local_chop,24
2025-01-02 11:40:00+00:00,0.0007008261684038901,fixed_hold,0.005606609347231121,SOL,5min:SOL:panic_snapback:short:market_contra:h24:#2,panic_snapback,short,market_contra,24
2025-01-03 14:45:00+00:00,-0.002034093511013468,fixed_hold,-0.016272748088107743,SOL,5min:SOL:panic_snapback:short:market_contra:h24:#2,panic_snapback,short,market_contra,24
2025-01-07 20:00:00+00:00,0.0062773110113196195,fixed_hold,0.050218488090556956,SUI,5min:SUI:rsi_reversion:short:local_chop:h24:#3,rsi_reversion,short,local_chop,24
2025-01-07 20:10:00+00:00,0.012259551495016618,fixed_hold,0.09807641196013295,SUI,5min:SUI:rsi_reversion:short:local_chop:h24:#3,rsi_reversion,short,local_chop,24
2025-01-08 17:35:00+00:00,0.007714841983620657,fixed_hold,0.06171873586896526,LINK,5min:LINK:panic_snapback:long:market_contra:h24:#5,panic_snapback,long,market_contra,24
2025-01-10 17:45:00+00:00,-0.012972374363409256,fixed_hold,-0.10377899490727405,SUI,5min:SUI:rsi_reversion:short:local_chop:h24:#3,rsi_reversion,short,local_chop,24
2025-01-11 20:20:00+00:00,-0.0066671722816541434,fixed_hold,-0.05333737825323315,SUI,5min:SUI:rsi_reversion:short:local_chop:h24:#3,rsi_reversion,short,local_chop,24
2025-01-11 20:25:00+00:00,-0.004483346010648925,fixed_hold,-0.0358667680851914,SUI,5min:SUI:rsi_reversion:short:local_chop:h24:#3,rsi_reversion,short,local_chop,24
2025-01-11 20:30:00+00:00,-0.004062493745622009,fixed_hold,-0.03249994996497607,SUI,5min:SUI:rsi_reversion:short:local_chop:h24:#3,rsi_reversion,short,local_chop,24
2025-01-14 22:05:00+00:00,0.0026636562671045754,fixed_hold,0.021309250136836603,SUI,5min:SUI:rsi_reversion:short:local_chop:h24:#3,rsi_reversion,short,local_chop,24
2025-01-16 14:50:00+00:00,0.009855029585798702,fixed_hold,0.07884023668638962,XTZ,5min:XTZ:panic_snapback:long:market_contra:h24:#1,panic_snapback,long,market_contra,24
2025-01-17 20:40:00+00:00,0.001057377049180353,fixed_hold,0.008459016393442823,SUI,5min:SUI:rsi_reversion:short:local_chop:h24:#3,rsi_reversion,short,local_chop,24
2025-01-18 03:45:00+00:00,-0.010718978102189802,fixed_hold,-0.08575182481751842,XTZ,5min:XTZ:panic_snapback:long:market_contra:h24:#1,panic_snapback,long,market_contra,24
2025-01-18 03:45:00+00:00,-0.01797612273928062,fixed_hold,-0.14380898191424496,LINK,5min:LINK:panic_snapback:long:market_contra:h24:#5,panic_snapback,long,market_contra,24
2025-01-18 06:00:00+00:00,-0.0072314884068810925,fixed_hold,-0.05785190725504874,XTZ,5min:XTZ:panic_snapback:long:market_contra:h24:#1,panic_snapback,long,market_contra,24
2025-01-18 16:00:00+00:00,0.016961317374699802,fixed_hold,0.13569053899759842,SOL,5min:SOL:panic_snapback:short:market_contra:h24:#2,panic_snapback,short,market_contra,24
2025-01-18 16:10:00+00:00,0.0072185283861616045,fixed_hold,0.057748227089292836,SOL,5min:SOL:panic_snapback:short:market_contra:h24:#2,panic_snapback,short,market_contra,24
2025-01-19 09:20:00+00:00,0.005333630210188789,fixed_hold,0.04266904168151031,LINK,5min:LINK:panic_snapback:long:market_contra:h24:#5,panic_snapback,long,market_contra,24
2025-01-19 09:20:00+00:00,0.005186023820738794,fixed_hold,0.041488190565910354,AAVE,5min:AAVE:panic_snapback:long:market_contra:h24:#6,panic_snapback,long,market_contra,24
2025-01-20 04:50:00+00:00,-0.026056722689075607,fixed_hold,-0.20845378151260485,SUI,5min:SUI:rsi_reversion:short:local_chop:h24:#3,rsi_reversion,short,local_chop,24
2025-01-20 08:25:00+00:00,-0.003857744082165992,fixed_hold,-0.030861952657327937,XRP,5min:XRP:rsi_reversion:short:market_extreme:h24:#4,rsi_reversion,short,market_extreme,24
2025-01-20 17:35:00+00:00,0.02953357791319483,fixed_hold,0.23626862330555864,COMP,5min:COMP:rsi_reversion:long:market_extreme:h24:#7,rsi_reversion,long,market_extreme,24
2025-01-20 17:45:00+00:00,0.013377551020408107,fixed_hold,0.10702040816326486,XTZ,5min:XTZ:panic_snapback:long:market_contra:h24:#1,panic_snapback,long,market_contra,24
2025-01-20 17:45:00+00:00,0.043795749061402545,fixed_hold,0.35036599249122036,AAVE,5min:AAVE:panic_snapback:long:market_contra:h24:#6,panic_snapback,long,market_contra,24
2025-01-20 17:45:00+00:00,0.024581854561623373,fixed_hold,0.19665483649298698,LINK,5min:LINK:panic_snapback:long:market_contra:h24:#5,panic_snapback,long,market_contra,24
2025-01-25 02:40:00+00:00,0.0030052578868302042,fixed_hold,0.024042063094641634,SUI,5min:SUI:rsi_reversion:short:local_chop:h24:#3,rsi_reversion,short,local_chop,24
2025-01-26 23:25:00+00:00,-0.01446727307122364,fixed_hold,-0.11573818456978913,AAVE,5min:AAVE:panic_snapback:long:market_contra:h24:#6,panic_snapback,long,market_contra,24
2025-01-27 09:55:00+00:00,0.0015474678255055778,fixed_hold,0.012379742604044622,SUI,5min:SUI:rsi_reversion:short:local_chop:h24:#3,rsi_reversion,short,local_chop,24
2025-01-28 21:00:00+00:00,-0.005674035747883277,fixed_hold,-0.045392285983066216,XTZ,5min:XTZ:panic_snapback:long:market_contra:h24:#1,panic_snapback,long,market_contra,24
2025-01-28 23:40:00+00:00,0.006697696737044068,fixed_hold,0.05358157389635254,XTZ,5min:XTZ:panic_snapback:long:market_contra:h24:#1,panic_snapback,long,market_contra,24
2025-01-29 20:35:00+00:00,0.0005968710310588214,fixed_hold,0.0047749682484705715,SOL,5min:SOL:panic_snapback:short:market_contra:h24:#2,panic_snapback,short,market_contra,24
2025-01-31 18:40:00+00:00,0.007176731042403295,fixed_hold,0.05741384833922636,AAVE,5min:AAVE:panic_snapback:long:market_contra:h24:#6,panic_snapback,long,market_contra,24
2025-02-02 03:20:00+00:00,0.00904906242417941,fixed_hold,0.07239249939343528,AAVE,5min:AAVE:panic_snapback:long:market_contra:h24:#6,panic_snapback,long,market_contra,24
2025-02-02 17:00:00+00:00,-0.02614102564102566,fixed_hold,-0.2091282051282053,XTZ,5min:XTZ:panic_snapback:long:market_contra:h24:#1,panic_snapback,long,market_contra,24
2025-02-02 19:05:00+00:00,0.0037778918548939115,fixed_hold,0.030223134839151292,LINK,5min:LINK:panic_snapback:long:market_contra:h24:#5,panic_snapback,long,market_contra,24
2025-02-03 01:50:00+00:00,0.04699163879598661,fixed_hold,0.3759331103678929,COMP,5min:COMP:rsi_reversion:long:market_extreme:h24:#7,rsi_reversion,long,market_extreme,24
2025-02-03 21:40:00+00:00,0.0019302699469079814,fixed_hold,0.015442159575263851,XRP,5min:XRP:rsi_reversion:short:market_extreme:h24:#4,rsi_reversion,short,market_extreme,24
2025-02-04 05:10:00+00:00,-0.0017004801920768582,fixed_hold,-0.013603841536614866,LINK,5min:LINK:panic_snapback:long:market_contra:h24:#5,panic_snapback,long,market_contra,24
2025-02-04 05:20:00+00:00,-0.0004748667940082658,fixed_hold,-0.0037989343520661266,LINK,5min:LINK:panic_snapback:long:market_contra:h24:#5,panic_snapback,long,market_contra,24
2025-02-04 05:20:00+00:00,0.0004664313044850381,fixed_hold,0.003731450435880305,AAVE,5min:AAVE:panic_snapback:long:market_contra:h24:#6,panic_snapback,long,market_contra,24
2025-02-04 05:20:00+00:00,-0.003964203233256358,fixed_hold,-0.031713625866050865,XTZ,5min:XTZ:panic_snapback:long:market_contra:h24:#1,panic_snapback,long,market_contra,24
2025-02-04 21:45:00+00:00,0.015106824350523407,fixed_hold,0.12085459480418725,COMP,5min:COMP:rsi_reversion:long:market_extreme:h24:#7,rsi_reversion,long,market_extreme,24
2025-02-05 17:25:00+00:00,0.0027450674974039417,fixed_hold,0.021960539979231534,LINK,5min:LINK:panic_snapback:long:market_contra:h24:#5,panic_snapback,long,market_contra,24
2025-02-06 20:50:00+00:00,0.004939423168147716,fixed_hold,0.03951538534518173,SUI,5min:SUI:rsi_reversion:short:local_chop:h24:#3,rsi_reversion,short,local_chop,24
2025-02-07 02:30:00+00:00,-0.001987484612228196,fixed_hold,-0.015899876897825568,SOL,5min:SOL:panic_snapback:short:market_contra:h24:#2,panic_snapback,short,market_contra,24
2025-02-07 23:40:00+00:00,0.0011263161424451278,fixed_hold,0.009010529139561022,SUI,5min:SUI:rsi_reversion:short:local_chop:h24:#3,rsi_reversion,short,local_chop,24
2025-02-11 22:05:00+00:00,0.006224707295106546,fixed_hold,0.04979765836085237,SUI,5min:SUI:rsi_reversion:short:local_chop:h24:#3,rsi_reversion,short,local_chop,24
2025-02-14 08:35:00+00:00,-0.007225117066852693,fixed_hold,-0.057800936534821545,SOL,5min:SOL:panic_snapback:short:market_contra:h24:#2,panic_snapback,short,market_contra,24
2025-02-15 12:55:00+00:00,0.005195391248616177,fixed_hold,0.041563129988929415,SUI,5min:SUI:rsi_reversion:short:local_chop:h24:#3,rsi_reversion,short,local_chop,24
2025-02-17 18:10:00+00:00,6.561085972850477e-05,fixed_hold,0.0005248868778280381,XTZ,5min:XTZ:panic_snapback:long:market_contra:h24:#1,panic_snapback,long,market_contra,24
2025-02-18 12:15:00+00:00,-0.009329320968049282,fixed_hold,-0.07463456774439425,SUI,5min:SUI:rsi_reversion:short:local_chop:h24:#3,rsi_reversion,short,local_chop,24
2025-02-20 04:25:00+00:00,0.0028964235949837107,fixed_hold,0.023171388759869686,SOL,5min:SOL:panic_snapback:short:market_contra:h24:#2,panic_snapback,short,market_contra,24
2025-02-21 15:45:00+00:00,-0.01787399083569713,fixed_hold,-0.14299192668557703,LINK,5min:LINK:panic_snapback:long:market_contra:h24:#5,panic_snapback,long,market_contra,24
2025-02-21 15:45:00+00:00,-0.01624464760118771,fixed_hold,-0.1299571808095017,AAVE,5min:AAVE:panic_snapback:long:market_contra:h24:#6,panic_snapback,long,market_contra,24
2025-02-21 15:45:00+00:00,-0.007264374295377685,fixed_hold,-0.05811499436302148,XTZ,5min:XTZ:panic_snapback:long:market_contra:h24:#1,panic_snapback,long,market_contra,24
2025-02-23 17:55:00+00:00,-0.001251382543880741,fixed_hold,-0.010011060351045927,SUI,5min:SUI:rsi_reversion:short:local_chop:h24:#3,rsi_reversion,short,local_chop,24
2025-02-24 04:40:00+00:00,0.0007014670545086314,fixed_hold,0.0056117364360690515,AAVE,5min:AAVE:panic_snapback:long:market_contra:h24:#6,panic_snapback,long,market_contra,24
2025-02-24 15:00:00+00:00,0.001950980392156854,fixed_hold,0.015607843137254832,XTZ,5min:XTZ:panic_snapback:long:market_contra:h24:#1,panic_snapback,long,market_contra,24
2025-02-25 06:15:00+00:00,-0.003274064171123025,fixed_hold,-0.0261925133689842,LINK,5min:LINK:panic_snapback:long:market_contra:h24:#5,panic_snapback,long,market_contra,24
2025-02-26 09:45:00+00:00,0.008774902013785668,fixed_hold,0.07019921611028535,SUI,5min:SUI:rsi_reversion:short:local_chop:h24:#3,rsi_reversion,short,local_chop,24
2025-02-26 14:10:00+00:00,0.00753083043262065,fixed_hold,0.0602466434609652,AAVE,5min:AAVE:panic_snapback:long:market_contra:h24:#6,panic_snapback,long,market_contra,24
2025-02-26 18:40:00+00:00,0.0046244509516837895,fixed_hold,0.036995607613470316,LINK,5min:LINK:panic_snapback:long:market_contra:h24:#5,panic_snapback,long,market_contra,24
2025-02-26 18:40:00+00:00,0.007434093789607077,fixed_hold,0.059472750316856615,AAVE,5min:AAVE:panic_snapback:long:market_contra:h24:#6,panic_snapback,long,market_contra,24
2025-02-27 06:45:00+00:00,0.009048424151051726,fixed_hold,0.07238739320841381,SOL,5min:SOL:panic_snapback:short:market_contra:h24:#2,panic_snapback,short,market_contra,24
2025-02-28 01:35:00+00:00,-0.015636427006572418,fixed_hold,-0.12509141605257934,COMP,5min:COMP:rsi_reversion:long:market_extreme:h24:#7,rsi_reversion,long,market_extreme,24
2025-02-28 04:05:00+00:00,-0.006012793842313291,fixed_hold,-0.04810235073850633,COMP,5min:COMP:rsi_reversion:long:market_extreme:h24:#7,rsi_reversion,long,market_extreme,24
2025-02-28 04:15:00+00:00,-0.011295100685073667,fixed_hold,-0.09036080548058933,COMP,5min:COMP:rsi_reversion:long:market_extreme:h24:#7,rsi_reversion,long,market_extreme,24
2025-03-01 09:20:00+00:00,0.005719214004748674,fixed_hold,0.04575371203798939,SUI,5min:SUI:rsi_reversion:short:local_chop:h24:#3,rsi_reversion,short,local_chop,24
2025-03-03 13:45:00+00:00,0.022224403484408628,fixed_hold,0.17779522787526902,SOL,5min:SOL:panic_snapback:short:market_contra:h24:#2,panic_snapback,short,market_contra,24
2025-03-03 20:00:00+00:00,-0.008515422077922108,fixed_hold,-0.06812337662337686,LINK,5min:LINK:panic_snapback:long:market_contra:h24:#5,panic_snapback,long,market_contra,24
2025-03-04 02:10:00+00:00,0.00942546675522099,fixed_hold,0.07540373404176792,LINK,5min:LINK:panic_snapback:long:market_contra:h24:#5,panic_snapback,long,market_contra,24
2025-03-04 13:15:00+00:00,-0.00301182033096925,fixed_hold,-0.024094562647754,LINK,5min:LINK:panic_snapback:long:market_contra:h24:#5,panic_snapback,long,market_contra,24
2025-03-04 16:40:00+00:00,0.05782892649391852,fixed_hold,0.46263141195134816,AAVE,5min:AAVE:panic_snapback:long:market_contra:h24:#6,panic_snapback,long,market_contra,24
2025-03-04 19:10:00+00:00,0.008784899820817704,fixed_hold,0.07027919856654163,XRP,5min:XRP:rsi_reversion:short:market_extreme:h24:#4,rsi_reversion,short,market_extreme,24
2025-03-04 19:15:00+00:00,0.007572715441864275,fixed_hold,0.0605817235349142,XRP,5min:XRP:rsi_reversion:short:market_extreme:h24:#4,rsi_reversion,short,market_extreme,24
2025-03-05 10:35:00+00:00,0.0054556036816459375,fixed_hold,0.0436448294531675,SOL,5min:SOL:panic_snapback:short:market_contra:h24:#2,panic_snapback,short,market_contra,24
2025-03-05 10:40:00+00:00,0.0061070421400370445,fixed_hold,0.048856337120296356,XRP,5min:XRP:rsi_reversion:short:market_extreme:h24:#4,rsi_reversion,short,market_extreme,24
2025-03-05 17:20:00+00:00,-0.01606255763910236,fixed_hold,-0.12850046111281888,SUI,5min:SUI:rsi_reversion:short:local_chop:h24:#3,rsi_reversion,short,local_chop,24
2025-03-05 19:10:00+00:00,0.0017094869847406606,fixed_hold,0.013675895877925285,SOL,5min:SOL:panic_snapback:short:market_contra:h24:#2,panic_snapback,short,market_contra,24
2025-03-06 01:50:00+00:00,-0.0025555178396319818,fixed_hold,-0.020444142717055854,SUI,5min:SUI:rsi_reversion:short:local_chop:h24:#3,rsi_reversion,short,local_chop,24
2025-03-06 14:05:00+00:00,-0.0026116415717958304,fixed_hold,-0.020893132574366643,AAVE,5min:AAVE:panic_snapback:long:market_contra:h24:#6,panic_snapback,long,market_contra,24
2025-03-06 14:40:00+00:00,0.004667958656330795,fixed_hold,0.03734366925064636,XTZ,5min:XTZ:panic_snapback:long:market_contra:h24:#1,panic_snapback,long,market_contra,24
2025-03-06 21:15:00+00:00,0.01245759333091695,fixed_hold,0.0996607466473356,SUI,5min:SUI:rsi_reversion:short:local_chop:h24:#3,rsi_reversion,short,local_chop,24
2025-03-07 00:30:00+00:00,0.014858720807910786,fixed_hold,0.11886976646328629,COMP,5min:COMP:rsi_reversion:long:market_extreme:h24:#7,rsi_reversion,long,market_extreme,24
2025-03-07 02:45:00+00:00,0.002841115852185772,fixed_hold,0.022728926817486176,XRP,5min:XRP:rsi_reversion:short:market_extreme:h24:#4,rsi_reversion,short,market_extreme,24
2025-03-07 19:00:00+00:00,0.016984489565707805,fixed_hold,0.13587591652566244,SUI,5min:SUI:rsi_reversion:short:local_chop:h24:#3,rsi_reversion,short,local_chop,24
2025-03-09 05:35:00+00:00,-0.003963237928426455,fixed_hold,-0.03170590342741164,SUI,5min:SUI:rsi_reversion:short:local_chop:h24:#3,rsi_reversion,short,local_chop,24
2025-03-09 15:50:00+00:00,-0.02859783177961661,fixed_hold,-0.2287826542369329,AAVE,5min:AAVE:panic_snapback:long:market_contra:h24:#6,panic_snapback,long,market_contra,24
2025-03-10 12:00:00+00:00,0.02941799951286833,fixed_hold,0.23534399610294665,SOL,5min:SOL:panic_snapback:short:market_contra:h24:#2,panic_snapback,short,market_contra,24
2025-03-10 14:15:00+00:00,-0.0005,fixed_hold,-0.004,COMP,5min:COMP:rsi_reversion:long:market_extreme:h24:#7,rsi_reversion,long,market_extreme,24
2025-03-10 17:10:00+00:00,-0.003348326608117735,fixed_hold,-0.02678661286494188,COMP,5min:COMP:rsi_reversion:long:market_extreme:h24:#7,rsi_reversion,long,market_extreme,24
2025-03-10 19:00:00+00:00,0.002595975232198178,fixed_hold,0.020767801857585425,XTZ,5min:XTZ:panic_snapback:long:market_contra:h24:#1,panic_snapback,long,market_contra,24
2025-03-10 19:00:00+00:00,0.00560193826274219,fixed_hold,0.04481550610193752,LINK,5min:LINK:panic_snapback:long:market_contra:h24:#5,panic_snapback,long,market_contra,24
2025-03-10 19:00:00+00:00,0.005822682623913333,fixed_hold,0.04658146099130667,AAVE,5min:AAVE:panic_snapback:long:market_contra:h24:#6,panic_snapback,long,market_contra,24
2025-03-11 00:40:00+00:00,0.015350738875588188,fixed_hold,0.1228059110047055,LINK,5min:LINK:panic_snapback:long:market_contra:h24:#5,panic_snapback,long,market_contra,24
2025-03-11 00:55:00+00:00,0.012631137063505882,fixed_hold,0.10104909650804705,AAVE,5min:AAVE:panic_snapback:long:market_contra:h24:#6,panic_snapback,long,market_contra,24
2025-03-11 00:55:00+00:00,0.01835463285264377,fixed_hold,0.14683706282115017,LINK,5min:LINK:panic_snapback:long:market_contra:h24:#5,panic_snapback,long,market_contra,24
2025-03-11 01:10:00+00:00,0.024127483443708575,fixed_hold,0.1930198675496686,AAVE,5min:AAVE:panic_snapback:long:market_contra:h24:#6,panic_snapback,long,market_contra,24
2025-03-11 14:45:00+00:00,0.02415577969900734,fixed_hold,0.19324623759205872,LINK,5min:LINK:panic_snapback:long:market_contra:h24:#5,panic_snapback,long,market_contra,24
2025-03-12 11:20:00+00:00,-0.005815456044432898,fixed_hold,-0.04652364835546319,SUI,5min:SUI:rsi_reversion:short:local_chop:h24:#3,rsi_reversion,short,local_chop,24
2025-03-12 12:40:00+00:00,0.01696235181031719,fixed_hold,0.1356988144825375,SOL,5min:SOL:panic_snapback:short:market_contra:h24:#2,panic_snapback,short,market_contra,24
2025-03-13 22:10:00+00:00,-0.0033410403289138575,fixed_hold,-0.02672832263131086,SUI,5min:SUI:rsi_reversion:short:local_chop:h24:#3,rsi_reversion,short,local_chop,24
2025-03-14 14:45:00+00:00,-0.010593401626996013,fixed_hold,-0.0847472130159681,SOL,5min:SOL:panic_snapback:short:market_contra:h24:#2,panic_snapback,short,market_contra,24
2025-03-16 11:25:00+00:00,-0.005482780098190143,fixed_hold,-0.043862240785521145,LINK,5min:LINK:panic_snapback:long:market_contra:h24:#5,panic_snapback,long,market_contra,24
2025-03-22 03:55:00+00:00,-0.003679931101492839,fixed_hold,-0.02943944881194271,SUI,5min:SUI:rsi_reversion:short:local_chop:h24:#3,rsi_reversion,short,local_chop,24
2025-03-23 11:30:00+00:00,-0.0007621330137808076,fixed_hold,-0.0060970641102464605,SOL,5min:SOL:panic_snapback:short:market_contra:h24:#2,panic_snapback,short,market_contra,24
2025-03-24 03:10:00+00:00,-0.0090294752753185,fixed_hold,-0.072235802202548,SOL,5min:SOL:panic_snapback:short:market_contra:h24:#2,panic_snapback,short,market_contra,24
2025-03-25 14:35:00+00:00,0.008998956158663918,fixed_hold,0.07199164926931134,SOL,5min:SOL:panic_snapback:short:market_contra:h24:#2,panic_snapback,short,market_contra,24
2025-03-30 18:10:00+00:00,-0.0003296277366045537,fixed_hold,-0.0026370218928364296,SUI,5min:SUI:rsi_reversion:short:local_chop:h24:#3,rsi_reversion,short,local_chop,24
2025-04-01 08:25:00+00:00,0.0031555961732908093,fixed_hold,0.025244769386326475,SOL,5min:SOL:panic_snapback:short:market_contra:h24:#2,panic_snapback,short,market_contra,24
2025-04-02 09:15:00+00:00,-0.0007379252914584962,fixed_hold,-0.005903402331667969,SOL,5min:SOL:panic_snapback:short:market_contra:h24:#2,panic_snapback,short,market_contra,24
2025-04-02 15:45:00+00:00,0.0013932076346496185,fixed_hold,0.011145661077196948,SOL,5min:SOL:panic_snapback:short:market_contra:h24:#2,panic_snapback,short,market_contra,24
2025-04-02 22:15:00+00:00,0.003024329240563895,fixed_hold,0.02419463392451116,COMP,5min:COMP:rsi_reversion:long:market_extreme:h24:#7,rsi_reversion,long,market_extreme,24
2025-04-04 11:30:00+00:00,-0.005816742081448056,fixed_hold,-0.04653393665158445,COMP,5min:COMP:rsi_reversion:long:market_extreme:h24:#7,rsi_reversion,long,market_extreme,24
2025-04-06 13:30:00+00:00,-0.005837214944201807,fixed_hold,-0.04669771955361446,LINK,5min:LINK:panic_snapback:long:market_contra:h24:#5,panic_snapback,long,market_contra,24
2025-04-06 14:05:00+00:00,0.00290526790842699,fixed_hold,0.02324214326741592,LINK,5min:LINK:panic_snapback:long:market_contra:h24:#5,panic_snapback,long,market_contra,24
2025-04-06 18:05:00+00:00,-0.01033384198033227,fixed_hold,-0.08267073584265816,LINK,5min:LINK:panic_snapback:long:market_contra:h24:#5,panic_snapback,long,market_contra,24
2025-04-06 18:25:00+00:00,-0.005406180065415767,fixed_hold,-0.04324944052332613,LINK,5min:LINK:panic_snapback:long:market_contra:h24:#5,panic_snapback,long,market_contra,24
2025-04-06 20:40:00+00:00,-0.005602040816326537,fixed_hold,-0.044816326530612294,XTZ,5min:XTZ:panic_snapback:long:market_contra:h24:#1,panic_snapback,long,market_contra,24
2025-04-06 20:40:00+00:00,-0.0032777777777778234,fixed_hold,-0.026222222222222587,LINK,5min:LINK:panic_snapback:long:market_contra:h24:#5,panic_snapback,long,market_contra,24
2025-04-07 01:25:00+00:00,0.017628748928877502,fixed_hold,0.14102999143102002,XRP,5min:XRP:rsi_reversion:short:market_extreme:h24:#4,rsi_reversion,short,market_extreme,24
2025-04-07 06:30:00+00:00,0.011459150765923132,fixed_hold,0.09167320612738505,COMP,5min:COMP:rsi_reversion:long:market_extreme:h24:#7,rsi_reversion,long,market_extreme,24
2025-04-07 06:40:00+00:00,0.02075340599455039,fixed_hold,0.1660272479564031,COMP,5min:COMP:rsi_reversion:long:market_extreme:h24:#7,rsi_reversion,long,market_extreme,24
2025-04-07 06:50:00+00:00,0.028580675422138768,fixed_hold,0.22864540337711015,XTZ,5min:XTZ:panic_snapback:long:market_contra:h24:#1,panic_snapback,long,market_contra,24
2025-04-07 14:20:00+00:00,0.005832703213610568,fixed_hold,0.046661625708884547,SOL,5min:SOL:panic_snapback:short:market_contra:h24:#2,panic_snapback,short,market_contra,24
2025-04-09 01:30:00+00:00,0.009757672739208967,fixed_hold,0.07806138191367173,AAVE,5min:AAVE:panic_snapback:long:market_contra:h24:#6,panic_snapback,long,market_contra,24
2025-04-09 11:10:00+00:00,-0.0032056701435181907,fixed_hold,-0.025645361148145526,AAVE,5min:AAVE:panic_snapback:long:market_contra:h24:#6,panic_snapback,long,market_contra,24
2025-04-09 14:05:00+00:00,-0.0024210945553368997,fixed_hold,-0.019368756442695197,SOL,5min:SOL:panic_snapback:short:market_contra:h24:#2,panic_snapback,short,market_contra,24
2025-04-10 12:05:00+00:00,-0.004601969872537692,fixed_hold,-0.03681575898030154,SUI,5min:SUI:rsi_reversion:short:local_chop:h24:#3,rsi_reversion,short,local_chop,24
2025-04-10 13:45:00+00:00,-0.02212293488824102,fixed_hold,-0.17698347910592815,LINK,5min:LINK:panic_snapback:long:market_contra:h24:#5,panic_snapback,long,market_contra,24
2025-04-12 13:50:00+00:00,-0.00915568747606288,fixed_hold,-0.07324549980850303,SOL,5min:SOL:panic_snapback:short:market_contra:h24:#2,panic_snapback,short,market_contra,24
2025-04-14 14:55:00+00:00,0.01156403217075247,fixed_hold,0.09251225736601976,SOL,5min:SOL:panic_snapback:short:market_contra:h24:#2,panic_snapback,short,market_contra,24
2025-04-15 18:20:00+00:00,-0.0010167195689081972,fixed_hold,-0.008133756551265577,AAVE,5min:AAVE:panic_snapback:long:market_contra:h24:#6,panic_snapback,long,market_contra,24
2025-04-17 01:20:00+00:00,0.001246301236963399,fixed_hold,0.009970409895707192,SUI,5min:SUI:rsi_reversion:short:local_chop:h24:#3,rsi_reversion,short,local_chop,24
2025-04-23 15:25:00+00:00,0.00828512340192794,fixed_hold,0.06628098721542353,LINK,5min:LINK:panic_snapback:long:market_contra:h24:#5,panic_snapback,long,market_contra,24
2025-04-24 01:25:00+00:00,-0.0037240730789898087,fixed_hold,-0.02979258463191847,LINK,5min:LINK:panic_snapback:long:market_contra:h24:#5,panic_snapback,long,market_contra,24
2025-04-25 01:15:00+00:00,0.005724341146867984,fixed_hold,0.04579472917494387,SOL,5min:SOL:panic_snapback:short:market_contra:h24:#2,panic_snapback,short,market_contra,24
2025-04-26 00:05:00+00:00,-0.007074906471606468,fixed_hold,-0.056599251772851744,SUI,5min:SUI:rsi_reversion:short:local_chop:h24:#3,rsi_reversion,short,local_chop,24
2025-04-26 00:25:00+00:00,-0.001984708886052122,fixed_hold,-0.015877671088416975,SUI,5min:SUI:rsi_reversion:short:local_chop:h24:#3,rsi_reversion,short,local_chop,24
2025-04-28 01:45:00+00:00,0.01537467727304448,fixed_hold,0.12299741818435583,LINK,5min:LINK:panic_snapback:long:market_contra:h24:#5,panic_snapback,long,market_contra,24
2025-04-28 01:45:00+00:00,0.011581784386617111,fixed_hold,0.09265427509293689,XTZ,5min:XTZ:panic_snapback:long:market_contra:h24:#1,panic_snapback,long,market_contra,24
2025-04-29 04:55:00+00:00,0.014435815538115182,fixed_hold,0.11548652430492146,AAVE,5min:AAVE:panic_snapback:long:market_contra:h24:#6,panic_snapback,long,market_contra,24
2025-05-03 02:25:00+00:00,-0.005677214455594826,fixed_hold,-0.045417715644758605,SUI,5min:SUI:rsi_reversion:short:local_chop:h24:#3,rsi_reversion,short,local_chop,24
2025-05-04 08:25:00+00:00,-0.00018969155340403622,fixed_hold,-0.0015175324272322897,SUI,5min:SUI:rsi_reversion:short:local_chop:h24:#3,rsi_reversion,short,local_chop,24
2025-05-05 22:40:00+00:00,0.011610418521816601,fixed_hold,0.09288334817453281,SUI,5min:SUI:rsi_reversion:short:local_chop:h24:#3,rsi_reversion,short,local_chop,24
2025-05-09 06:15:00+00:00,-0.007870393504060047,fixed_hold,-0.06296314803248038,SUI,5min:SUI:rsi_reversion:short:local_chop:h24:#3,rsi_reversion,short,local_chop,24
2025-05-10 06:00:00+00:00,-0.004061431570528795,fixed_hold,-0.03249145256423036,SUI,5min:SUI:rsi_reversion:short:local_chop:h24:#3,rsi_reversion,short,local_chop,24
2025-05-12 01:15:00+00:00,0.002375215641173101,fixed_hold,0.01900172512938481,SOL,5min:SOL:panic_snapback:short:market_contra:h24:#2,panic_snapback,short,market_contra,24
2025-05-13 19:40:00+00:00,0.0027426490794174034,fixed_hold,0.021941192635339227,SOL,5min:SOL:panic_snapback:short:market_contra:h24:#2,panic_snapback,short,market_contra,24
2025-05-15 06:45:00+00:00,-4.4598943469586604e-05,fixed_hold,-0.00035679154775669283,LINK,5min:LINK:panic_snapback:long:market_contra:h24:#5,panic_snapback,long,market_contra,24
2025-05-15 12:30:00+00:00,0.013706561493531277,fixed_hold,0.10965249194825022,SUI,5min:SUI:rsi_reversion:short:local_chop:h24:#3,rsi_reversion,short,local_chop,24
2025-05-17 13:15:00+00:00,-0.0017105900310542261,fixed_hold,-0.01368472024843381,SUI,5min:SUI:rsi_reversion:short:local_chop:h24:#3,rsi_reversion,short,local_chop,24
2025-05-18 00:55:00+00:00,-0.00041023876488549505,fixed_hold,-0.0032819101190839604,SOL,5min:SOL:panic_snapback:short:market_contra:h24:#2,panic_snapback,short,market_contra,24
2025-05-18 05:10:00+00:00,-0.005162522202486641,fixed_hold,-0.04130017761989313,SUI,5min:SUI:rsi_reversion:short:local_chop:h24:#3,rsi_reversion,short,local_chop,24
2025-05-18 20:05:00+00:00,0.00814419176806963,fixed_hold,0.06515353414455705,LINK,5min:LINK:panic_snapback:long:market_contra:h24:#5,panic_snapback,long,market_contra,24
2025-05-18 20:05:00+00:00,0.007791873963515716,fixed_hold,0.06233499170812573,XTZ,5min:XTZ:panic_snapback:long:market_contra:h24:#1,panic_snapback,long,market_contra,24
2025-05-19 00:00:00+00:00,0.013068883610451276,fixed_hold,0.10455106888361021,SOL,5min:SOL:panic_snapback:short:market_contra:h24:#2,panic_snapback,short,market_contra,24
2025-05-19 00:10:00+00:00,0.009833796354758506,fixed_hold,0.07867037083806805,XRP,5min:XRP:rsi_reversion:short:market_extreme:h24:#4,rsi_reversion,short,market_extreme,24
2025-05-19 04:45:00+00:00,-0.0005,fixed_hold,-0.004,XTZ,5min:XTZ:panic_snapback:long:market_contra:h24:#1,panic_snapback,long,market_contra,24
2025-05-19 17:10:00+00:00,0.002014389578915477,fixed_hold,0.016115116631323815,SOL,5min:SOL:panic_snapback:short:market_contra:h24:#2,panic_snapback,short,market_contra,24
2025-05-20 02:25:00+00:00,0.00725560949618137,fixed_hold,0.05804487596945096,SOL,5min:SOL:panic_snapback:short:market_contra:h24:#2,panic_snapback,short,market_contra,24
2025-05-21 23:30:00+00:00,-0.0011589502635801492,fixed_hold,-0.009271602108641194,SOL,5min:SOL:panic_snapback:short:market_contra:h24:#2,panic_snapback,short,market_contra,24
2025-05-23 12:20:00+00:00,0.010038495215460574,fixed_hold,0.0803079617236846,LINK,5min:LINK:panic_snapback:long:market_contra:h24:#5,panic_snapback,long,market_contra,24
2025-05-24 10:55:00+00:00,0.002532364110412078,fixed_hold,0.020258912883296624,SOL,5min:SOL:panic_snapback:short:market_contra:h24:#2,panic_snapback,short,market_contra,24
2025-05-25 22:15:00+00:00,-0.009057457212713893,fixed_hold,-0.07245965770171114,SOL,5min:SOL:panic_snapback:short:market_contra:h24:#2,panic_snapback,short,market_contra,24
2025-05-26 12:55:00+00:00,0.007402847287018954,fixed_hold,0.059222778296151635,SUI,5min:SUI:rsi_reversion:short:local_chop:h24:#3,rsi_reversion,short,local_chop,24
2025-05-26 13:00:00+00:00,0.008807604994324592,fixed_hold,0.07046083995459673,SUI,5min:SUI:rsi_reversion:short:local_chop:h24:#3,rsi_reversion,short,local_chop,24
2025-06-01 14:15:00+00:00,-0.006497291545753459,fixed_hold,-0.05197833236602767,SOL,5min:SOL:panic_snapback:short:market_contra:h24:#2,panic_snapback,short,market_contra,24
2025-06-02 06:45:00+00:00,0.0003502368516943859,fixed_hold,0.002801894813555087,SUI,5min:SUI:rsi_reversion:short:local_chop:h24:#3,rsi_reversion,short,local_chop,24
2025-06-02 06:50:00+00:00,0.000733026852584751,fixed_hold,0.005864214820678008,SUI,5min:SUI:rsi_reversion:short:local_chop:h24:#3,rsi_reversion,short,local_chop,24
2025-06-02 18:30:00+00:00,0.00102646963299774,fixed_hold,0.00821175706398192,SOL,5min:SOL:panic_snapback:short:market_contra:h24:#2,panic_snapback,short,market_contra,24
2025-06-04 20:25:00+00:00,0.00044257540603248645,fixed_hold,0.0035406032482598916,LINK,5min:LINK:panic_snapback:long:market_contra:h24:#5,panic_snapback,long,market_contra,24
2025-06-05 20:25:00+00:00,-0.002345623820851461,fixed_hold,-0.018764990566811687,AAVE,5min:AAVE:panic_snapback:long:market_contra:h24:#6,panic_snapback,long,market_contra,24
2025-06-07 06:55:00+00:00,-0.0005658241179567476,fixed_hold,-0.004526592943653981,SOL,5min:SOL:panic_snapback:short:market_contra:h24:#2,panic_snapback,short,market_contra,24
2025-06-09 09:50:00+00:00,-0.006605790860595151,fixed_hold,-0.05284632688476121,SOL,5min:SOL:panic_snapback:short:market_contra:h24:#2,panic_snapback,short,market_contra,24
2025-06-11 22:05:00+00:00,-0.003540224508886802,fixed_hold,-0.028321796071094415,LINK,5min:LINK:panic_snapback:long:market_contra:h24:#5,panic_snapback,long,market_contra,24
2025-06-13 00:40:00+00:00,-0.016373015873015817,fixed_hold,-0.13098412698412654,XTZ,5min:XTZ:panic_snapback:long:market_contra:h24:#1,panic_snapback,long,market_contra,24
2025-06-13 01:15:00+00:00,0.006528112449799173,fixed_hold,0.05222489959839338,LINK,5min:LINK:panic_snapback:long:market_contra:h24:#5,panic_snapback,long,market_contra,24
2025-06-13 01:15:00+00:00,-0.006779377203290249,fixed_hold,-0.05423501762632199,AAVE,5min:AAVE:panic_snapback:long:market_contra:h24:#6,panic_snapback,long,market_contra,24
2025-06-14 04:35:00+00:00,0.0016270982422583184,fixed_hold,0.013016785938066548,SUI,5min:SUI:rsi_reversion:short:local_chop:h24:#3,rsi_reversion,short,local_chop,24
2025-06-15 22:10:00+00:00,0.0011262860935944978,fixed_hold,0.009010288748755983,SUI,5min:SUI:rsi_reversion:short:local_chop:h24:#3,rsi_reversion,short,local_chop,24
2025-06-17 15:05:00+00:00,-0.006551784893519208,fixed_hold,-0.052414279148153664,LINK,5min:LINK:panic_snapback:long:market_contra:h24:#5,panic_snapback,long,market_contra,24
2025-06-18 11:00:00+00:00,-0.004335479145786747,fixed_hold,-0.034683833166293976,AAVE,5min:AAVE:panic_snapback:long:market_contra:h24:#6,panic_snapback,long,market_contra,24
2025-06-18 14:15:00+00:00,0.005254198031268087,fixed_hold,0.042033584250144695,SUI,5min:SUI:rsi_reversion:short:local_chop:h24:#3,rsi_reversion,short,local_chop,24
2025-06-20 20:20:00+00:00,0.007307885410513915,fixed_hold,0.05846308328411132,SUI,5min:SUI:rsi_reversion:short:local_chop:h24:#3,rsi_reversion,short,local_chop,24
2025-06-21 23:35:00+00:00,0.008884548232213019,fixed_hold,0.07107638585770415,AAVE,5min:AAVE:panic_snapback:long:market_contra:h24:#6,panic_snapback,long,market_contra,24
2025-06-24 20:55:00+00:00,0.000253850019743707,fixed_hold,0.002030800157949656,SUI,5min:SUI:rsi_reversion:short:local_chop:h24:#3,rsi_reversion,short,local_chop,24
2025-06-24 21:00:00+00:00,0.0005469314079422087,fixed_hold,0.00437545126353767,SUI,5min:SUI:rsi_reversion:short:local_chop:h24:#3,rsi_reversion,short,local_chop,24
2025-06-25 13:25:00+00:00,0.01090076468543627,fixed_hold,0.08720611748349016,SOL,5min:SOL:panic_snapback:short:market_contra:h24:#2,panic_snapback,short,market_contra,24
2025-06-28 12:15:00+00:00,0.0006343261736617149,fixed_hold,0.0050746093892937195,SUI,5min:SUI:rsi_reversion:short:local_chop:h24:#3,rsi_reversion,short,local_chop,24
2025-06-28 16:10:00+00:00,-0.007846128391793494,fixed_hold,-0.06276902713434795,SOL,5min:SOL:panic_snapback:short:market_contra:h24:#2,panic_snapback,short,market_contra,24
2025-07-02 14:30:00+00:00,-0.01046394624713215,fixed_hold,-0.0837115699770572,SOL,5min:SOL:panic_snapback:short:market_contra:h24:#2,panic_snapback,short,market_contra,24
2025-07-03 05:00:00+00:00,-0.021104802846130977,fixed_hold,-0.1688384227690478,SUI,5min:SUI:rsi_reversion:short:local_chop:h24:#3,rsi_reversion,short,local_chop,24
2025-07-06 06:20:00+00:00,0.0035047360356595396,fixed_hold,0.028037888285276317,SUI,5min:SUI:rsi_reversion:short:local_chop:h24:#3,rsi_reversion,short,local_chop,24
2025-07-10 07:20:00+00:00,-0.000815895880717676,fixed_hold,-0.006527167045741408,SOL,5min:SOL:panic_snapback:short:market_contra:h24:#2,panic_snapback,short,market_contra,24
2025-07-10 17:15:00+00:00,-0.0012528703180876284,fixed_hold,-0.010022962544701027,SOL,5min:SOL:panic_snapback:short:market_contra:h24:#2,panic_snapback,short,market_contra,24
2025-07-10 21:35:00+00:00,0.0020418719211821594,fixed_hold,0.016334975369457275,XRP,5min:XRP:rsi_reversion:short:market_extreme:h24:#4,rsi_reversion,short,market_extreme,24
2025-07-10 21:40:00+00:00,0.001112903225806428,fixed_hold,0.008903225806451424,XRP,5min:XRP:rsi_reversion:short:market_extreme:h24:#4,rsi_reversion,short,market_extreme,24
2025-07-12 01:15:00+00:00,-0.0028801230697782505,fixed_hold,-0.023040984558226004,SUI,5min:SUI:rsi_reversion:short:local_chop:h24:#3,rsi_reversion,short,local_chop,24
2025-07-12 15:45:00+00:00,0.00896777574896862,fixed_hold,0.07174220599174896,LINK,5min:LINK:panic_snapback:long:market_contra:h24:#5,panic_snapback,long,market_contra,24
2025-07-14 14:40:00+00:00,-0.004028756268185385,fixed_hold,-0.03223005014548308,LINK,5min:LINK:panic_snapback:long:market_contra:h24:#5,panic_snapback,long,market_contra,24
2025-07-15 21:15:00+00:00,-0.012604556003419976,fixed_hold,-0.1008364480273598,SUI,5min:SUI:rsi_reversion:short:local_chop:h24:#3,rsi_reversion,short,local_chop,24
2025-07-18 14:30:00+00:00,-0.0027624434389140746,fixed_hold,-0.022099547511312597,LINK,5min:LINK:panic_snapback:long:market_contra:h24:#5,panic_snapback,long,market_contra,24
2025-07-20 06:50:00+00:00,0.01691521539871682,fixed_hold,0.13532172318973457,XTZ,5min:XTZ:panic_snapback:long:market_contra:h24:#1,panic_snapback,long,market_contra,24
2025-07-21 03:10:00+00:00,0.00039054404145083587,fixed_hold,0.003124352331606687,SOL,5min:SOL:panic_snapback:short:market_contra:h24:#2,panic_snapback,short,market_contra,24
2025-07-21 14:40:00+00:00,-0.0014979018473977308,fixed_hold,-0.011983214779181846,SOL,5min:SOL:panic_snapback:short:market_contra:h24:#2,panic_snapback,short,market_contra,24
2025-07-21 19:35:00+00:00,0.0026060723714863014,fixed_hold,0.02084857897189041,LINK,5min:LINK:panic_snapback:long:market_contra:h24:#5,panic_snapback,long,market_contra,24
2025-07-22 13:05:00+00:00,-0.003242409402546442,fixed_hold,-0.025939275220371535,SOL,5min:SOL:panic_snapback:short:market_contra:h24:#2,panic_snapback,short,market_contra,24
2025-07-25 17:00:00+00:00,-0.008861379890618415,fixed_hold,-0.07089103912494732,SUI,5min:SUI:rsi_reversion:short:local_chop:h24:#3,rsi_reversion,short,local_chop,24
2025-07-27 16:20:00+00:00,-0.0033370929640094134,fixed_hold,-0.026696743712075307,SUI,5min:SUI:rsi_reversion:short:local_chop:h24:#3,rsi_reversion,short,local_chop,24
2025-07-28 13:30:00+00:00,-0.007828072153325816,fixed_hold,-0.06262457722660653,XTZ,5min:XTZ:panic_snapback:long:market_contra:h24:#1,panic_snapback,long,market_contra,24
2025-07-28 14:30:00+00:00,-0.0020418740532353037,fixed_hold,-0.01633499242588243,LINK,5min:LINK:panic_snapback:long:market_contra:h24:#5,panic_snapback,long,market_contra,24
2025-07-29 22:00:00+00:00,0.0010797788309637184,fixed_hold,0.008638230647709747,SUI,5min:SUI:rsi_reversion:short:local_chop:h24:#3,rsi_reversion,short,local_chop,24
2025-08-01 22:35:00+00:00,0.01237262872628725,fixed_hold,0.098981029810298,XTZ,5min:XTZ:panic_snapback:long:market_contra:h24:#1,panic_snapback,long,market_contra,24
2025-08-01 22:35:00+00:00,0.010590757038747955,fixed_hold,0.08472605630998364,AAVE,5min:AAVE:panic_snapback:long:market_contra:h24:#6,panic_snapback,long,market_contra,24
2025-08-01 22:35:00+00:00,0.010801044634377976,fixed_hold,0.08640835707502381,LINK,5min:LINK:panic_snapback:long:market_contra:h24:#5,panic_snapback,long,market_contra,24
2025-08-02 21:05:00+00:00,0.0019293683642252484,fixed_hold,0.015434946913801987,SUI,5min:SUI:rsi_reversion:short:local_chop:h24:#3,rsi_reversion,short,local_chop,24
2025-08-04 14:10:00+00:00,0.0005228024787919399,fixed_hold,0.004182419830335519,SOL,5min:SOL:panic_snapback:short:market_contra:h24:#2,panic_snapback,short,market_contra,24
2025-08-10 00:55:00+00:00,0.005527347966894525,fixed_hold,0.0442187837351562,SUI,5min:SUI:rsi_reversion:short:local_chop:h24:#3,rsi_reversion,short,local_chop,24
2025-08-11 02:10:00+00:00,-0.0038331541314982616,fixed_hold,-0.030665233051986093,SOL,5min:SOL:panic_snapback:short:market_contra:h24:#2,panic_snapback,short,market_contra,24
2025-08-12 00:25:00+00:00,-0.0026657913260057504,fixed_hold,-0.021326330608046003,SUI,5min:SUI:rsi_reversion:short:local_chop:h24:#3,rsi_reversion,short,local_chop,24
2025-08-12 00:30:00+00:00,-0.004886793726210037,fixed_hold,-0.039094349809680295,SUI,5min:SUI:rsi_reversion:short:local_chop:h24:#3,rsi_reversion,short,local_chop,24
2025-08-14 03:00:00+00:00,-0.006458623319668233,fixed_hold,-0.051668986557345864,SOL,5min:SOL:panic_snapback:short:market_contra:h24:#2,panic_snapback,short,market_contra,24
2025-08-14 16:35:00+00:00,0.00015914279283629805,fixed_hold,0.0012731423426903844,AAVE,5min:AAVE:panic_snapback:long:market_contra:h24:#6,panic_snapback,long,market_contra,24
2025-08-15 15:50:00+00:00,0.0030651449208260466,fixed_hold,0.024521159366608373,LINK,5min:LINK:panic_snapback:long:market_contra:h24:#5,panic_snapback,long,market_contra,24
2025-08-19 14:35:00+00:00,-0.0030763973377227467,fixed_hold,-0.024611178701781974,AAVE,5min:AAVE:panic_snapback:long:market_contra:h24:#6,panic_snapback,long,market_contra,24
2025-08-23 02:40:00+00:00,0.0016584120254384276,fixed_hold,0.01326729620350742,LINK,5min:LINK:panic_snapback:long:market_contra:h24:#5,panic_snapback,long,market_contra,24
2025-08-23 15:20:00+00:00,-0.0012146460400201393,fixed_hold,-0.009717168320161115,AAVE,5min:AAVE:panic_snapback:long:market_contra:h24:#6,panic_snapback,long,market_contra,24
2025-08-24 00:35:00+00:00,-0.008858734997142348,fixed_hold,-0.07086987997713878,SOL,5min:SOL:panic_snapback:short:market_contra:h24:#2,panic_snapback,short,market_contra,24
2025-08-25 20:15:00+00:00,-0.00756033376123233,fixed_hold,-0.06048267008985864,XTZ,5min:XTZ:panic_snapback:long:market_contra:h24:#1,panic_snapback,long,market_contra,24
2025-08-28 08:10:00+00:00,0.007976970895733293,fixed_hold,0.06381576716586634,SOL,5min:SOL:panic_snapback:short:market_contra:h24:#2,panic_snapback,short,market_contra,24
2025-08-28 13:25:00+00:00,0.007384208048952734,fixed_hold,0.05907366439162187,SOL,5min:SOL:panic_snapback:short:market_contra:h24:#2,panic_snapback,short,market_contra,24
2025-09-01 08:05:00+00:00,0.004866192984199491,fixed_hold,0.03892954387359593,SOL,5min:SOL:panic_snapback:short:market_contra:h24:#2,panic_snapback,short,market_contra,24
2025-09-04 08:10:00+00:00,0.00040361445783138094,fixed_hold,0.0032289156626510475,SUI,5min:SUI:rsi_reversion:short:local_chop:h24:#3,rsi_reversion,short,local_chop,24
2025-09-04 15:25:00+00:00,-0.0037270898722425723,fixed_hold,-0.029816718977940578,LINK,5min:LINK:panic_snapback:long:market_contra:h24:#5,panic_snapback,long,market_contra,24
2025-09-05 14:40:00+00:00,-0.0003425763504700248,fixed_hold,-0.0027406108037601982,LINK,5min:LINK:panic_snapback:long:market_contra:h24:#5,panic_snapback,long,market_contra,24
2025-09-05 14:40:00+00:00,0.005569701517425363,fixed_hold,0.0445576121394029,AAVE,5min:AAVE:panic_snapback:long:market_contra:h24:#6,panic_snapback,long,market_contra,24
2025-09-08 10:55:00+00:00,0.0003156606851549286,fixed_hold,0.002525285481239429,SOL,5min:SOL:panic_snapback:short:market_contra:h24:#2,panic_snapback,short,market_contra,24
2025-09-10 07:35:00+00:00,0.0009936857828271588,fixed_hold,0.00794948626261727,SOL,5min:SOL:panic_snapback:short:market_contra:h24:#2,panic_snapback,short,market_contra,24
2025-09-16 13:55:00+00:00,0.002331159917639048,fixed_hold,0.018649279341112383,AAVE,5min:AAVE:panic_snapback:long:market_contra:h24:#6,panic_snapback,long,market_contra,24
2025-09-19 15:15:00+00:00,0.00031078774430320965,fixed_hold,0.002486301954425677,LINK,5min:LINK:panic_snapback:long:market_contra:h24:#5,panic_snapback,long,market_contra,24
2025-09-22 02:40:00+00:00,0.0015517174289859108,fixed_hold,0.012413739431887286,AAVE,5min:AAVE:panic_snapback:long:market_contra:h24:#6,panic_snapback,long,market_contra,24
2025-09-22 02:40:00+00:00,0.0023125567047722066,fixed_hold,0.018500453638177653,LINK,5min:LINK:panic_snapback:long:market_contra:h24:#5,panic_snapback,long,market_contra,24
2025-09-22 19:40:00+00:00,0.006746376811594235,fixed_hold,0.05397101449275388,XTZ,5min:XTZ:panic_snapback:long:market_contra:h24:#1,panic_snapback,long,market_contra,24
2025-09-25 05:00:00+00:00,0.004731689088191382,fixed_hold,0.037853512705531056,XTZ,5min:XTZ:panic_snapback:long:market_contra:h24:#1,panic_snapback,long,market_contra,24
2025-09-28 20:30:00+00:00,-0.00434891226392542,fixed_hold,-0.03479129811140336,SOL,5min:SOL:panic_snapback:short:market_contra:h24:#2,panic_snapback,short,market_contra,24
2025-09-29 14:20:00+00:00,0.00037944476136136983,fixed_hold,0.0030355580908909587,SOL,5min:SOL:panic_snapback:short:market_contra:h24:#2,panic_snapback,short,market_contra,24
2025-10-02 18:15:00+00:00,-0.003304141501294266,fixed_hold,-0.02643313201035413,SOL,5min:SOL:panic_snapback:short:market_contra:h24:#2,panic_snapback,short,market_contra,24
2025-10-05 03:05:00+00:00,-0.004183872349539541,fixed_hold,-0.03347097879631633,SOL,5min:SOL:panic_snapback:short:market_contra:h24:#2,panic_snapback,short,market_contra,24
2025-10-07 13:00:00+00:00,0.01130845326293678,fixed_hold,0.09046762610349424,SUI,5min:SUI:rsi_reversion:short:local_chop:h24:#3,rsi_reversion,short,local_chop,24
2025-10-07 14:15:00+00:00,-0.013264763641464505,fixed_hold,-0.10611810913171604,AAVE,5min:AAVE:panic_snapback:long:market_contra:h24:#6,panic_snapback,long,market_contra,24
2025-10-09 02:45:00+00:00,0.005962291959548283,fixed_hold,0.04769833567638626,LINK,5min:LINK:panic_snapback:long:market_contra:h24:#5,panic_snapback,long,market_contra,24
2025-10-09 12:45:00+00:00,0.006927875330540456,fixed_hold,0.05542300264432365,SUI,5min:SUI:rsi_reversion:short:local_chop:h24:#3,rsi_reversion,short,local_chop,24
2025-10-11 20:40:00+00:00,0.006897762916494077,fixed_hold,0.055182103331952614,LINK,5min:LINK:panic_snapback:long:market_contra:h24:#5,panic_snapback,long,market_contra,24
2025-10-12 11:10:00+00:00,-0.005633349067736604,fixed_hold,-0.04506679254189283,SUI,5min:SUI:rsi_reversion:short:local_chop:h24:#3,rsi_reversion,short,local_chop,24
2025-10-12 11:15:00+00:00,-0.004583250743310174,fixed_hold,-0.036666005946481395,SUI,5min:SUI:rsi_reversion:short:local_chop:h24:#3,rsi_reversion,short,local_chop,24
2025-10-12 15:10:00+00:00,-0.01800205002050026,fixed_hold,-0.14401640016400208,SOL,5min:SOL:panic_snapback:short:market_contra:h24:#2,panic_snapback,short,market_contra,24
2025-10-12 16:10:00+00:00,-0.003972758141688515,fixed_hold,-0.03178206513350812,SOL,5min:SOL:panic_snapback:short:market_contra:h24:#2,panic_snapback,short,market_contra,24
2025-10-14 05:45:00+00:00,-0.014781963770018391,fixed_hold,-0.11825571016014713,LINK,5min:LINK:panic_snapback:long:market_contra:h24:#5,panic_snapback,long,market_contra,24
2025-10-14 05:45:00+00:00,-0.01317452621413917,fixed_hold,-0.10539620971311336,AAVE,5min:AAVE:panic_snapback:long:market_contra:h24:#6,panic_snapback,long,market_contra,24
2025-10-15 17:20:00+00:00,0.0029499958433784616,fixed_hold,0.023599966747027693,AAVE,5min:AAVE:panic_snapback:long:market_contra:h24:#6,panic_snapback,long,market_contra,24
2025-10-16 16:05:00+00:00,-0.004427663181689745,fixed_hold,-0.03542130545351796,LINK,5min:LINK:panic_snapback:long:market_contra:h24:#5,panic_snapback,long,market_contra,24
2025-10-16 19:25:00+00:00,-0.003940564252537471,fixed_hold,-0.031524514020299765,LINK,5min:LINK:panic_snapback:long:market_contra:h24:#5,panic_snapback,long,market_contra,24
2025-10-16 19:25:00+00:00,-0.009096234849136076,fixed_hold,-0.0727698787930886,AAVE,5min:AAVE:panic_snapback:long:market_contra:h24:#6,panic_snapback,long,market_contra,24
2025-10-17 01:10:00+00:00,0.0028962264150944055,fixed_hold,0.023169811320755244,SUI,5min:SUI:rsi_reversion:short:local_chop:h24:#3,rsi_reversion,short,local_chop,24
2025-10-18 06:10:00+00:00,-0.0017869224169629323,fixed_hold,-0.014295379335703459,SUI,5min:SUI:rsi_reversion:short:local_chop:h24:#3,rsi_reversion,short,local_chop,24
2025-10-21 04:15:00+00:00,-0.0042878787878788405,fixed_hold,-0.034303030303030724,LINK,5min:LINK:panic_snapback:long:market_contra:h24:#5,panic_snapback,long,market_contra,24
2025-10-21 14:25:00+00:00,-0.02394859054958426,fixed_hold,-0.19158872439667407,SOL,5min:SOL:panic_snapback:short:market_contra:h24:#2,panic_snapback,short,market_contra,24
2025-10-21 15:00:00+00:00,-0.0029600984039361285,fixed_hold,-0.023680787231489028,XRP,5min:XRP:rsi_reversion:short:market_extreme:h24:#4,rsi_reversion,short,market_extreme,24
2025-10-22 05:30:00+00:00,0.00026980099218793007,fixed_hold,0.0021584079375034405,LINK,5min:LINK:panic_snapback:long:market_contra:h24:#5,panic_snapback,long,market_contra,24
2025-10-27 13:45:00+00:00,0.000508999181892567,fixed_hold,0.004071993455140536,LINK,5min:LINK:panic_snapback:long:market_contra:h24:#5,panic_snapback,long,market_contra,24
2025-10-27 13:45:00+00:00,-0.0005,fixed_hold,-0.004,XTZ,5min:XTZ:panic_snapback:long:market_contra:h24:#1,panic_snapback,long,market_contra,24
2025-10-30 02:35:00+00:00,0.013473639248230362,fixed_hold,0.1077891139858429,SUI,5min:SUI:rsi_reversion:short:local_chop:h24:#3,rsi_reversion,short,local_chop,24
2025-10-30 12:30:00+00:00,-0.014513833009357657,fixed_hold,-0.11611066407486126,AAVE,5min:AAVE:panic_snapback:long:market_contra:h24:#6,panic_snapback,long,market_contra,24
2025-10-31 00:55:00+00:00,0.0022131151988712965,fixed_hold,0.017704921590970372,SOL,5min:SOL:panic_snapback:short:market_contra:h24:#2,panic_snapback,short,market_contra,24
2025-10-31 12:05:00+00:00,-0.0012166365856247636,fixed_hold,-0.009733092684998109,SOL,5min:SOL:panic_snapback:short:market_contra:h24:#2,panic_snapback,short,market_contra,24
2025-10-31 14:00:00+00:00,-0.0020918497293855305,fixed_hold,-0.016734797835084244,SOL,5min:SOL:panic_snapback:short:market_contra:h24:#2,panic_snapback,short,market_contra,24
2025-10-31 19:35:00+00:00,0.0014525446750711106,fixed_hold,0.011620357400568885,SUI,5min:SUI:rsi_reversion:short:local_chop:h24:#3,rsi_reversion,short,local_chop,24
2025-11-03 06:50:00+00:00,0.003241123766858867,fixed_hold,0.025928990134870936,AAVE,5min:AAVE:panic_snapback:long:market_contra:h24:#6,panic_snapback,long,market_contra,24
2025-11-03 09:10:00+00:00,0.006619637379240817,fixed_hold,0.052957099033926536,SUI,5min:SUI:rsi_reversion:short:local_chop:h24:#3,rsi_reversion,short,local_chop,24
2025-11-04 08:25:00+00:00,-0.0020871465546710706,fixed_hold,-0.016697172437368565,SUI,5min:SUI:rsi_reversion:short:local_chop:h24:#3,rsi_reversion,short,local_chop,24
2025-11-04 16:25:00+00:00,-0.027848274993704403,fixed_hold,-0.22278619994963522,AAVE,5min:AAVE:panic_snapback:long:market_contra:h24:#6,panic_snapback,long,market_contra,24
2025-11-04 16:55:00+00:00,-0.009393485005170621,fixed_hold,-0.07514788004136497,AAVE,5min:AAVE:panic_snapback:long:market_contra:h24:#6,panic_snapback,long,market_contra,24
2025-11-04 17:05:00+00:00,0.0033535645472060898,fixed_hold,0.026828516377648718,COMP,5min:COMP:rsi_reversion:long:market_extreme:h24:#7,rsi_reversion,long,market_extreme,24
2025-11-04 17:15:00+00:00,0.0025380556443876383,fixed_hold,0.020304445155101106,COMP,5min:COMP:rsi_reversion:long:market_extreme:h24:#7,rsi_reversion,long,market_extreme,24
2025-11-10 00:55:00+00:00,-0.0013635064316340757,fixed_hold,-0.010908051453072606,SOL,5min:SOL:panic_snapback:short:market_contra:h24:#2,panic_snapback,short,market_contra,24
2025-11-11 17:45:00+00:00,-0.0054586776859504305,fixed_hold,-0.043669421487603444,XTZ,5min:XTZ:panic_snapback:long:market_contra:h24:#1,panic_snapback,long,market_contra,24
2025-11-12 16:00:00+00:00,-0.003912969283276446,fixed_hold,-0.03130375426621157,XTZ,5min:XTZ:panic_snapback:long:market_contra:h24:#1,panic_snapback,long,market_contra,24
2025-11-12 16:15:00+00:00,-0.019141618497109825,fixed_hold,-0.1531329479768786,COMP,5min:COMP:rsi_reversion:long:market_extreme:h24:#7,rsi_reversion,long,market_extreme,24
2025-11-12 16:15:00+00:00,0.0015662512299114422,fixed_hold,0.012530009839291537,LINK,5min:LINK:panic_snapback:long:market_contra:h24:#5,panic_snapback,long,market_contra,24
2025-11-13 13:40:00+00:00,-0.00768520275077067,fixed_hold,-0.06148162200616536,AAVE,5min:AAVE:panic_snapback:long:market_contra:h24:#6,panic_snapback,long,market_contra,24
2025-11-13 13:40:00+00:00,-0.0068176895306859,fixed_hold,-0.0545415162454872,LINK,5min:LINK:panic_snapback:long:market_contra:h24:#5,panic_snapback,long,market_contra,24
2025-11-14 20:50:00+00:00,0.004648188179077362,fixed_hold,0.03718550543261889,AAVE,5min:AAVE:panic_snapback:long:market_contra:h24:#6,panic_snapback,long,market_contra,24
2025-11-14 20:50:00+00:00,0.0009367816091954699,fixed_hold,0.007494252873563759,LINK,5min:LINK:panic_snapback:long:market_contra:h24:#5,panic_snapback,long,market_contra,24
2025-11-14 23:10:00+00:00,0.007662821070962111,fixed_hold,0.06130256856769689,LINK,5min:LINK:panic_snapback:long:market_contra:h24:#5,panic_snapback,long,market_contra,24
2025-11-14 23:10:00+00:00,0.0041168846065610665,fixed_hold,0.03293507685248853,AAVE,5min:AAVE:panic_snapback:long:market_contra:h24:#6,panic_snapback,long,market_contra,24
2025-11-14 23:10:00+00:00,0.011275362318840465,fixed_hold,0.09020289855072372,XTZ,5min:XTZ:panic_snapback:long:market_contra:h24:#1,panic_snapback,long,market_contra,24
2025-11-16 09:55:00+00:00,0.017480999009150844,fixed_hold,0.13984799207320675,SUI,5min:SUI:rsi_reversion:short:local_chop:h24:#3,rsi_reversion,short,local_chop,24
2025-11-18 03:05:00+00:00,0.009639379075192911,fixed_hold,0.07711503260154329,AAVE,5min:AAVE:panic_snapback:long:market_contra:h24:#6,panic_snapback,long,market_contra,24
2025-11-20 05:00:00+00:00,0.00284704906958172,fixed_hold,0.02277639255665376,SUI,5min:SUI:rsi_reversion:short:local_chop:h24:#3,rsi_reversion,short,local_chop,24
2025-11-20 16:25:00+00:00,-0.019388756266412066,fixed_hold,-0.15511005013129653,AAVE,5min:AAVE:panic_snapback:long:market_contra:h24:#6,panic_snapback,long,market_contra,24
2025-11-20 21:25:00+00:00,0.0024367122022041503,fixed_hold,0.019493697617633202,SUI,5min:SUI:rsi_reversion:short:local_chop:h24:#3,rsi_reversion,short,local_chop,24
2025-11-21 12:25:00+00:00,0.011582444918265822,fixed_hold,0.09265955934612657,COMP,5min:COMP:rsi_reversion:long:market_extreme:h24:#7,rsi_reversion,long,market_extreme,24
2025-11-21 14:40:00+00:00,0.009781158203944595,fixed_hold,0.07824926563155676,XRP,5min:XRP:rsi_reversion:short:market_extreme:h24:#4,rsi_reversion,short,market_extreme,24
2025-11-23 15:50:00+00:00,0.0041472649702880005,fixed_hold,0.033178119762304004,SOL,5min:SOL:panic_snapback:short:market_contra:h24:#2,panic_snapback,short,market_contra,24
2025-11-23 22:00:00+00:00,0.00824434302370175,fixed_hold,0.065954744189614,SOL,5min:SOL:panic_snapback:short:market_contra:h24:#2,panic_snapback,short,market_contra,24
2025-11-25 16:30:00+00:00,-0.00033294353491469765,fixed_hold,-0.002663548279317581,SUI,5min:SUI:rsi_reversion:short:local_chop:h24:#3,rsi_reversion,short,local_chop,24
2025-11-26 17:40:00+00:00,-0.015565456812357104,fixed_hold,-0.12452365449885683,SOL,5min:SOL:panic_snapback:short:market_contra:h24:#2,panic_snapback,short,market_contra,24
2025-11-26 17:50:00+00:00,-0.0008803642547098307,fixed_hold,-0.007042914037678646,XRP,5min:XRP:rsi_reversion:short:market_extreme:h24:#4,rsi_reversion,short,market_extreme,24
2025-11-27 09:35:00+00:00,0.0029476029402198405,fixed_hold,0.023580823521758724,SUI,5min:SUI:rsi_reversion:short:local_chop:h24:#3,rsi_reversion,short,local_chop,24
2025-12-01 00:40:00+00:00,-0.0010559782290630033,fixed_hold,-0.008447825832504027,AAVE,5min:AAVE:panic_snapback:long:market_contra:h24:#6,panic_snapback,long,market_contra,24
2025-12-01 01:00:00+00:00,-0.006672341455543018,fixed_hold,-0.053378731644344146,LINK,5min:LINK:panic_snapback:long:market_contra:h24:#5,panic_snapback,long,market_contra,24
2025-12-02 15:10:00+00:00,-0.004618961184026826,fixed_hold,-0.03695168947221461,XRP,5min:XRP:rsi_reversion:short:market_extreme:h24:#4,rsi_reversion,short,market_extreme,24
2025-12-02 15:15:00+00:00,-0.005945361015849471,fixed_hold,-0.047562888126795766,XRP,5min:XRP:rsi_reversion:short:market_extreme:h24:#4,rsi_reversion,short,market_extreme,24
2025-12-02 15:20:00+00:00,-0.005131344942571225,fixed_hold,-0.0410507595405698,XRP,5min:XRP:rsi_reversion:short:market_extreme:h24:#4,rsi_reversion,short,market_extreme,24
2025-12-02 15:25:00+00:00,-0.009488246139663536,fixed_hold,-0.07590596911730829,XRP,5min:XRP:rsi_reversion:short:market_extreme:h24:#4,rsi_reversion,short,market_extreme,24
2025-12-02 17:35:00+00:00,-0.003230359765051371,fixed_hold,-0.02584287812041097,XRP,5min:XRP:rsi_reversion:short:market_extreme:h24:#4,rsi_reversion,short,market_extreme,24
2025-12-03 04:30:00+00:00,-0.00850947207131919,fixed_hold,-0.06807577657055353,SOL,5min:SOL:panic_snapback:short:market_contra:h24:#2,panic_snapback,short,market_contra,24
2025-12-05 09:25:00+00:00,-0.0015282229470996995,fixed_hold,-0.012225783576797596,LINK,5min:LINK:panic_snapback:long:market_contra:h24:#5,panic_snapback,long,market_contra,24
2025-12-05 16:45:00+00:00,-0.00024043310590332557,fixed_hold,-0.0019234648472266046,LINK,5min:LINK:panic_snapback:long:market_contra:h24:#5,panic_snapback,long,market_contra,24
2025-12-07 14:35:00+00:00,0.0055024009603841795,fixed_hold,0.044019207683073436,AAVE,5min:AAVE:panic_snapback:long:market_contra:h24:#6,panic_snapback,long,market_contra,24
2025-12-07 22:10:00+00:00,-0.0004731802821434368,fixed_hold,-0.0037854422571474942,AAVE,5min:AAVE:panic_snapback:long:market_contra:h24:#6,panic_snapback,long,market_contra,24
2025-12-07 22:10:00+00:00,0.001454709744043659,fixed_hold,0.011637677952349271,LINK,5min:LINK:panic_snapback:long:market_contra:h24:#5,panic_snapback,long,market_contra,24
2025-12-08 09:10:00+00:00,-0.003563283840276876,fixed_hold,-0.028506270722215007,SOL,5min:SOL:panic_snapback:short:market_contra:h24:#2,panic_snapback,short,market_contra,24
2025-12-09 15:55:00+00:00,-0.007144981412639417,fixed_hold,-0.05715985130111534,XRP,5min:XRP:rsi_reversion:short:market_extreme:h24:#4,rsi_reversion,short,market_extreme,24
2025-12-09 16:40:00+00:00,0.0015012639561828305,fixed_hold,0.012010111649462644,SOL,5min:SOL:panic_snapback:short:market_contra:h24:#2,panic_snapback,short,market_contra,24
2025-12-11 14:55:00+00:00,0.006575096719487028,fixed_hold,0.052600773755896224,AAVE,5min:AAVE:panic_snapback:long:market_contra:h24:#6,panic_snapback,long,market_contra,24
2025-12-11 18:50:00+00:00,-0.004241849436870282,fixed_hold,-0.033934795494962255,SOL,5min:SOL:panic_snapback:short:market_contra:h24:#2,panic_snapback,short,market_contra,24
2025-12-11 21:10:00+00:00,0.00361401704378489,fixed_hold,0.02891213635027912,SOL,5min:SOL:panic_snapback:short:market_contra:h24:#2,panic_snapback,short,market_contra,24
2025-12-15 01:40:00+00:00,-0.002062976517230863,fixed_hold,-0.016503812137846904,SOL,5min:SOL:panic_snapback:short:market_contra:h24:#2,panic_snapback,short,market_contra,24
2025-12-15 02:25:00+00:00,0.005803484107579526,fixed_hold,0.04642787286063621,SOL,5min:SOL:panic_snapback:short:market_contra:h24:#2,panic_snapback,short,market_contra,24
2025-12-15 15:05:00+00:00,-0.01667938175727124,fixed_hold,-0.1334350540581699,LINK,5min:LINK:panic_snapback:long:market_contra:h24:#5,panic_snapback,long,market_contra,24
2025-12-15 16:45:00+00:00,-0.0017662807525325448,fixed_hold,-0.014130246020260358,COMP,5min:COMP:rsi_reversion:long:market_extreme:h24:#7,rsi_reversion,long,market_extreme,24
2025-12-15 23:15:00+00:00,0.0028434440920998565,fixed_hold,0.022747552736798852,SUI,5min:SUI:rsi_reversion:short:local_chop:h24:#3,rsi_reversion,short,local_chop,24
2025-12-16 16:00:00+00:00,0.0060108252274865825,fixed_hold,0.04808660181989266,SOL,5min:SOL:panic_snapback:short:market_contra:h24:#2,panic_snapback,short,market_contra,24
2025-12-17 11:15:00+00:00,0.00048592506969474857,fixed_hold,0.0038874005575579886,SUI,5min:SUI:rsi_reversion:short:local_chop:h24:#3,rsi_reversion,short,local_chop,24
2025-12-17 15:00:00+00:00,0.024956189817524066,fixed_hold,0.19964951854019253,XRP,5min:XRP:rsi_reversion:short:market_extreme:h24:#4,rsi_reversion,short,market_extreme,24
2025-12-17 15:10:00+00:00,0.04219086765424057,fixed_hold,0.33752694123392457,SOL,5min:SOL:panic_snapback:short:market_contra:h24:#2,panic_snapback,short,market_contra,24
2025-12-17 20:25:00+00:00,0.004275280898876466,fixed_hold,0.034202247191011725,SUI,5min:SUI:rsi_reversion:short:local_chop:h24:#3,rsi_reversion,short,local_chop,24
2025-12-17 20:30:00+00:00,0.0030525852972212446,fixed_hold,0.024420682377769957,SUI,5min:SUI:rsi_reversion:short:local_chop:h24:#3,rsi_reversion,short,local_chop,24
2025-12-18 17:25:00+00:00,-0.0014908838684106192,fixed_hold,-0.011927070947284953,COMP,5min:COMP:rsi_reversion:long:market_extreme:h24:#7,rsi_reversion,long,market_extreme,24
2025-12-20 03:40:00+00:00,0.002603260128222707,fixed_hold,0.020826081025781654,SUI,5min:SUI:rsi_reversion:short:local_chop:h24:#3,rsi_reversion,short,local_chop,24
2025-12-25 15:30:00+00:00,-0.0017070434535643715,fixed_hold,-0.013656347628514972,SUI,5min:SUI:rsi_reversion:short:local_chop:h24:#3,rsi_reversion,short,local_chop,24
2025-12-25 22:55:00+00:00,-0.0026686907780595344,fixed_hold,-0.021349526224476275,AAVE,5min:AAVE:panic_snapback:long:market_contra:h24:#6,panic_snapback,long,market_contra,24
2025-12-25 22:55:00+00:00,-0.0008304692663582132,fixed_hold,-0.006643754130865705,LINK,5min:LINK:panic_snapback:long:market_contra:h24:#5,panic_snapback,long,market_contra,24
2026-01-02 14:25:00+00:00,0.00981365883807167,fixed_hold,0.07850927070457336,LINK,5min:LINK:panic_snapback:long:market_contra:h24:#5,panic_snapback,long,market_contra,24
2026-01-03 07:25:00+00:00,0.0022698699699930662,fixed_hold,0.01815895975994453,LINK,5min:LINK:panic_snapback:long:market_contra:h24:#5,panic_snapback,long,market_contra,24
2026-01-05 00:45:00+00:00,0.0012881221785777113,fixed_hold,0.01030497742862169,SUI,5min:SUI:rsi_reversion:short:local_chop:h24:#3,rsi_reversion,short,local_chop,24
2026-01-05 01:00:00+00:00,-0.006236626717334104,fixed_hold,-0.04989301373867283,SOL,5min:SOL:panic_snapback:short:market_contra:h24:#2,panic_snapback,short,market_contra,24
2026-01-06 20:05:00+00:00,-0.006880942252472599,fixed_hold,-0.055047538019780795,SUI,5min:SUI:rsi_reversion:short:local_chop:h24:#3,rsi_reversion,short,local_chop,24
2026-01-19 00:05:00+00:00,-0.001899580125962252,fixed_hold,-0.015196641007698016,LINK,5min:LINK:panic_snapback:long:market_contra:h24:#5,panic_snapback,long,market_contra,24
2026-01-19 00:05:00+00:00,-0.0016893144669432032,fixed_hold,-0.013514515735545626,AAVE,5min:AAVE:panic_snapback:long:market_contra:h24:#6,panic_snapback,long,market_contra,24
2026-01-21 00:40:00+00:00,-0.005244525547445256,fixed_hold,-0.041956204379562045,SUI,5min:SUI:rsi_reversion:short:local_chop:h24:#3,rsi_reversion,short,local_chop,24
2026-01-22 15:30:00+00:00,0.0030899737162639056,fixed_hold,0.024719789730111245,AAVE,5min:AAVE:panic_snapback:long:market_contra:h24:#6,panic_snapback,long,market_contra,24
2026-01-27 01:30:00+00:00,-0.0008796507213363887,fixed_hold,-0.007037205770691109,SUI,5min:SUI:rsi_reversion:short:local_chop:h24:#3,rsi_reversion,short,local_chop,24
2026-01-27 01:35:00+00:00,-0.001051838311374786,fixed_hold,-0.008414706490998288,SUI,5min:SUI:rsi_reversion:short:local_chop:h24:#3,rsi_reversion,short,local_chop,24
2026-01-27 01:40:00+00:00,0.0001909894969596708,fixed_hold,0.0015279159756773665,SUI,5min:SUI:rsi_reversion:short:local_chop:h24:#3,rsi_reversion,short,local_chop,24
2026-01-28 17:55:00+00:00,-0.002935924592247396,fixed_hold,-0.023487396737979168,SUI,5min:SUI:rsi_reversion:short:local_chop:h24:#3,rsi_reversion,short,local_chop,24
2026-01-29 15:20:00+00:00,0.0014877123238164485,fixed_hold,0.011901698590531588,LINK,5min:LINK:panic_snapback:long:market_contra:h24:#5,panic_snapback,long,market_contra,24
2026-01-29 15:20:00+00:00,0.00214622065409148,fixed_hold,0.01716976523273184,AAVE,5min:AAVE:panic_snapback:long:market_contra:h24:#6,panic_snapback,long,market_contra,24
2026-01-30 14:45:00+00:00,-0.0011984324072636938,fixed_hold,-0.00958745925810955,SUI,5min:SUI:rsi_reversion:short:local_chop:h24:#3,rsi_reversion,short,local_chop,24
2026-01-30 18:25:00+00:00,0.006327807799036134,fixed_hold,0.05062246239228907,AAVE,5min:AAVE:panic_snapback:long:market_contra:h24:#6,panic_snapback,long,market_contra,24
2026-01-30 18:25:00+00:00,0.007780015054572875,fixed_hold,0.062240120436583,LINK,5min:LINK:panic_snapback:long:market_contra:h24:#5,panic_snapback,long,market_contra,24
2026-01-31 08:45:00+00:00,0.007185962807438495,fixed_hold,0.05748770245950796,AAVE,5min:AAVE:panic_snapback:long:market_contra:h24:#6,panic_snapback,long,market_contra,24
2026-01-31 08:45:00+00:00,0.0057938406841549495,fixed_hold,0.046350725473239596,LINK,5min:LINK:panic_snapback:long:market_contra:h24:#5,panic_snapback,long,market_contra,24
2026-01-31 14:15:00+00:00,-0.006311114366637449,fixed_hold,-0.05048891493309959,LINK,5min:LINK:panic_snapback:long:market_contra:h24:#5,panic_snapback,long,market_contra,24
2026-02-01 18:10:00+00:00,0.008252932683631087,fixed_hold,0.0660234614690487,SUI,5min:SUI:rsi_reversion:short:local_chop:h24:#3,rsi_reversion,short,local_chop,24
2026-02-02 03:25:00+00:00,0.005879585326953818,fixed_hold,0.04703668261563054,COMP,5min:COMP:rsi_reversion:long:market_extreme:h24:#7,rsi_reversion,long,market_extreme,24
2026-02-02 05:40:00+00:00,0.009477827050997811,fixed_hold,0.07582261640798249,XTZ,5min:XTZ:panic_snapback:long:market_contra:h24:#1,panic_snapback,long,market_contra,24
2026-02-03 16:35:00+00:00,-0.017524309129780702,fixed_hold,-0.14019447303824562,AAVE,5min:AAVE:panic_snapback:long:market_contra:h24:#6,panic_snapback,long,market_contra,24
2026-02-03 17:20:00+00:00,0.00021684587813625188,fixed_hold,0.001734767025090015,AAVE,5min:AAVE:panic_snapback:long:market_contra:h24:#6,panic_snapback,long,market_contra,24
2026-02-03 20:35:00+00:00,0.005651252107662541,fixed_hold,0.04521001686130033,XRP,5min:XRP:rsi_reversion:short:market_extreme:h24:#4,rsi_reversion,short,market_extreme,24
2026-02-04 01:15:00+00:00,0.0016287919105907882,fixed_hold,0.013030335284726306,SUI,5min:SUI:rsi_reversion:short:local_chop:h24:#3,rsi_reversion,short,local_chop,24
2026-02-04 15:05:00+00:00,-0.013746899661781331,fixed_hold,-0.10997519729425065,AAVE,5min:AAVE:panic_snapback:long:market_contra:h24:#6,panic_snapback,long,market_contra,24
2026-02-04 15:05:00+00:00,-0.01123998496402101,fixed_hold,-0.08991987971216808,LINK,5min:LINK:panic_snapback:long:market_contra:h24:#5,panic_snapback,long,market_contra,24
2026-02-05 14:40:00+00:00,0.028170084754630065,fixed_hold,0.22536067803704052,SUI,5min:SUI:rsi_reversion:short:local_chop:h24:#3,rsi_reversion,short,local_chop,24
2026-02-06 05:55:00+00:00,0.012272875058058463,fixed_hold,0.0981830004644677,XRP,5min:XRP:rsi_reversion:short:market_extreme:h24:#4,rsi_reversion,short,market_extreme,24
2026-02-06 06:05:00+00:00,0.008849749903809101,fixed_hold,0.07079799923047281,XRP,5min:XRP:rsi_reversion:short:market_extreme:h24:#4,rsi_reversion,short,market_extreme,24
2026-02-06 13:25:00+00:00,-0.008532845412352719,fixed_hold,-0.06826276329882175,SOL,5min:SOL:panic_snapback:short:market_contra:h24:#2,panic_snapback,short,market_contra,24
2026-02-06 16:25:00+00:00,0.0011334150040835382,fixed_hold,0.009067320032668306,SOL,5min:SOL:panic_snapback:short:market_contra:h24:#2,panic_snapback,short,market_contra,24
2026-02-06 16:40:00+00:00,0.0008293260894693404,fixed_hold,0.006634608715754723,SOL,5min:SOL:panic_snapback:short:market_contra:h24:#2,panic_snapback,short,market_contra,24
2026-02-07 07:10:00+00:00,0.002731492361927102,fixed_hold,0.021851938895416815,COMP,5min:COMP:rsi_reversion:long:market_extreme:h24:#7,rsi_reversion,long,market_extreme,24
2026-02-07 07:20:00+00:00,0.0021457399103139156,fixed_hold,0.017165919282511325,AAVE,5min:AAVE:panic_snapback:long:market_contra:h24:#6,panic_snapback,long,market_contra,24
2026-02-08 08:30:00+00:00,0.00958413045983636,fixed_hold,0.07667304367869088,SOL,5min:SOL:panic_snapback:short:market_contra:h24:#2,panic_snapback,short,market_contra,24
2026-02-09 16:50:00+00:00,-0.006000802200320898,fixed_hold,-0.048006417602567186,SOL,5min:SOL:panic_snapback:short:market_contra:h24:#2,panic_snapback,short,market_contra,24
2026-02-09 17:45:00+00:00,-0.0032260336210813696,fixed_hold,-0.025808268968650957,SOL,5min:SOL:panic_snapback:short:market_contra:h24:#2,panic_snapback,short,market_contra,24
2026-02-09 18:10:00+00:00,0.0019554591137505577,fixed_hold,0.01564367291000446,SOL,5min:SOL:panic_snapback:short:market_contra:h24:#2,panic_snapback,short,market_contra,24
2026-02-10 06:55:00+00:00,0.002967732455624817,fixed_hold,0.023741859644998534,LINK,5min:LINK:panic_snapback:long:market_contra:h24:#5,panic_snapback,long,market_contra,24
2026-02-10 14:45:00+00:00,0.003075615474794791,fixed_hold,0.024604923798358328,LINK,5min:LINK:panic_snapback:long:market_contra:h24:#5,panic_snapback,long,market_contra,24
2026-02-10 14:45:00+00:00,0.00604317574417107,fixed_hold,0.04834540595336856,AAVE,5min:AAVE:panic_snapback:long:market_contra:h24:#6,panic_snapback,long,market_contra,24
2026-02-11 04:35:00+00:00,-0.0047770583343233475,fixed_hold,-0.03821646667458678,LINK,5min:LINK:panic_snapback:long:market_contra:h24:#5,panic_snapback,long,market_contra,24
2026-02-15 13:00:00+00:00,-0.003459513850524842,fixed_hold,-0.027676110804198736,AAVE,5min:AAVE:panic_snapback:long:market_contra:h24:#6,panic_snapback,long,market_contra,24
2026-02-15 13:55:00+00:00,0.004526729434293497,fixed_hold,0.03621383547434798,AAVE,5min:AAVE:panic_snapback:long:market_contra:h24:#6,panic_snapback,long,market_contra,24
2026-02-17 14:55:00+00:00,0.010624401913875536,fixed_hold,0.08499521531100429,AAVE,5min:AAVE:panic_snapback:long:market_contra:h24:#6,panic_snapback,long,market_contra,24
2026-02-19 13:50:00+00:00,0.0012869907076483171,fixed_hold,0.010295925661186537,LINK,5min:LINK:panic_snapback:long:market_contra:h24:#5,panic_snapback,long,market_contra,24
2026-02-20 14:05:00+00:00,0.0075020650490448815,fixed_hold,0.06001652039235905,AAVE,5min:AAVE:panic_snapback:long:market_contra:h24:#6,panic_snapback,long,market_contra,24
2026-02-23 01:10:00+00:00,0.003909171075837714,fixed_hold,0.03127336860670171,COMP,5min:COMP:rsi_reversion:long:market_extreme:h24:#7,rsi_reversion,long,market_extreme,24
2026-02-23 09:50:00+00:00,0.0018145252095583268,fixed_hold,0.014516201676466615,SOL,5min:SOL:panic_snapback:short:market_contra:h24:#2,panic_snapback,short,market_contra,24
2026-02-25 01:25:00+00:00,0.005371626549963537,fixed_hold,0.0429730123997083,XRP,5min:XRP:rsi_reversion:short:market_extreme:h24:#4,rsi_reversion,short,market_extreme,24
2026-02-25 17:20:00+00:00,0.0016153190037529468,fixed_hold,0.012922552030023574,XRP,5min:XRP:rsi_reversion:short:market_extreme:h24:#4,rsi_reversion,short,market_extreme,24
2026-02-25 21:40:00+00:00,0.01638609044075562,fixed_hold,0.13108872352604495,SOL,5min:SOL:panic_snapback:short:market_contra:h24:#2,panic_snapback,short,market_contra,24
2026-02-27 13:40:00+00:00,-0.004847070074769588,fixed_hold,-0.038776560598156706,AAVE,5min:AAVE:panic_snapback:long:market_contra:h24:#6,panic_snapback,long,market_contra,24
2026-02-28 06:40:00+00:00,-0.005913105413105468,fixed_hold,-0.04730484330484375,COMP,5min:COMP:rsi_reversion:long:market_extreme:h24:#7,rsi_reversion,long,market_extreme,24
2026-02-28 07:00:00+00:00,-0.004459208158368366,fixed_hold,-0.03567366526694693,LINK,5min:LINK:panic_snapback:long:market_contra:h24:#5,panic_snapback,long,market_contra,24
2026-02-28 20:25:00+00:00,-0.001226849832824561,fixed_hold,-0.009814798662596488,XRP,5min:XRP:rsi_reversion:short:market_extreme:h24:#4,rsi_reversion,short,market_extreme,24
2026-03-02 15:15:00+00:00,0.0019232057586771605,fixed_hold,0.015385646069417284,XRP,5min:XRP:rsi_reversion:short:market_extreme:h24:#4,rsi_reversion,short,market_extreme,24
2026-03-03 12:15:00+00:00,0.005981895395619052,fixed_hold,0.04785516316495242,SUI,5min:SUI:rsi_reversion:short:local_chop:h24:#3,rsi_reversion,short,local_chop,24
2026-03-05 15:15:00+00:00,-0.007565803667745452,fixed_hold,-0.06052642934196362,LINK,5min:LINK:panic_snapback:long:market_contra:h24:#5,panic_snapback,long,market_contra,24
2026-03-05 15:20:00+00:00,-0.004188454280322551,fixed_hold,-0.03350763424258041,AAVE,5min:AAVE:panic_snapback:long:market_contra:h24:#6,panic_snapback,long,market_contra,24
2026-03-07 17:05:00+00:00,0.003062680917390315,fixed_hold,0.02450144733912252,SUI,5min:SUI:rsi_reversion:short:local_chop:h24:#3,rsi_reversion,short,local_chop,24
2026-03-10 02:45:00+00:00,0.0045222034256713894,fixed_hold,0.036177627405371116,SUI,5min:SUI:rsi_reversion:short:local_chop:h24:#3,rsi_reversion,short,local_chop,24
2026-03-11 10:40:00+00:00,-0.001387265135699311,fixed_hold,-0.011098121085594489,SUI,5min:SUI:rsi_reversion:short:local_chop:h24:#3,rsi_reversion,short,local_chop,24
2026-03-13 00:35:00+00:00,0.0043148940723303775,fixed_hold,0.03451915257864302,XRP,5min:XRP:rsi_reversion:short:market_extreme:h24:#4,rsi_reversion,short,market_extreme,24
2026-03-13 08:40:00+00:00,-0.004783012570920009,fixed_hold,-0.03826410056736007,SOL,5min:SOL:panic_snapback:short:market_contra:h24:#2,panic_snapback,short,market_contra,24
2026-03-13 12:50:00+00:00,0.007976227591582286,fixed_hold,0.06380982073265828,SUI,5min:SUI:rsi_reversion:short:local_chop:h24:#3,rsi_reversion,short,local_chop,24
2026-03-15 22:55:00+00:00,0.004174929332463606,fixed_hold,0.03339943465970885,SOL,5min:SOL:panic_snapback:short:market_contra:h24:#2,panic_snapback,short,market_contra,24
2026-03-16 04:55:00+00:00,0.00019563356164381583,fixed_hold,0.0015650684931505267,SOL,5min:SOL:panic_snapback:short:market_contra:h24:#2,panic_snapback,short,market_contra,24
2026-03-18 17:40:00+00:00,0.0011872890888638414,fixed_hold,0.009498312710910731,SUI,5min:SUI:rsi_reversion:short:local_chop:h24:#3,rsi_reversion,short,local_chop,24
2026-03-18 18:10:00+00:00,0.0035562743889915875,fixed_hold,0.0284501951119327,SUI,5min:SUI:rsi_reversion:short:local_chop:h24:#3,rsi_reversion,short,local_chop,24
2026-03-20 14:25:00+00:00,-0.0014059612248595306,fixed_hold,-0.011247689798876245,AAVE,5min:AAVE:panic_snapback:long:market_contra:h24:#6,panic_snapback,long,market_contra,24
2026-03-23 11:15:00+00:00,-0.00042984425424447094,fixed_hold,-0.0034387540339557675,XRP,5min:XRP:rsi_reversion:short:market_extreme:h24:#4,rsi_reversion,short,market_extreme,24
2026-03-23 14:10:00+00:00,0.00335791741971353,fixed_hold,0.02686333935770824,XRP,5min:XRP:rsi_reversion:short:market_extreme:h24:#4,rsi_reversion,short,market_extreme,24
2026-03-27 11:05:00+00:00,-0.001489868405729566,fixed_hold,-0.011918947245836527,LINK,5min:LINK:panic_snapback:long:market_contra:h24:#5,panic_snapback,long,market_contra,24
2026-03-27 11:05:00+00:00,-0.0020761993892227655,fixed_hold,-0.016609595113782124,AAVE,5min:AAVE:panic_snapback:long:market_contra:h24:#6,panic_snapback,long,market_contra,24
2026-03-30 07:55:00+00:00,-0.0005,fixed_hold,-0.004,SOL,5min:SOL:panic_snapback:short:market_contra:h24:#2,panic_snapback,short,market_contra,24
2026-03-30 21:15:00+00:00,0.0028039647577092213,fixed_hold,0.02243171806167377,SUI,5min:SUI:rsi_reversion:short:local_chop:h24:#3,rsi_reversion,short,local_chop,24
2026-03-30 21:25:00+00:00,0.003557030253854177,fixed_hold,0.028456242030833415,SUI,5min:SUI:rsi_reversion:short:local_chop:h24:#3,rsi_reversion,short,local_chop,24
2026-03-31 10:00:00+00:00,0.004404006677796335,fixed_hold,0.03523205342237068,AAVE,5min:AAVE:panic_snapback:long:market_contra:h24:#6,panic_snapback,long,market_contra,24
2026-03-31 10:00:00+00:00,0.004357778298021808,fixed_hold,0.034862226384174466,LINK,5min:LINK:panic_snapback:long:market_contra:h24:#5,panic_snapback,long,market_contra,24
2026-04-06 23:10:00+00:00,0.000983340940209965,fixed_hold,0.00786672752167972,LINK,5min:LINK:panic_snapback:long:market_contra:h24:#5,panic_snapback,long,market_contra,24
2026-04-08 21:15:00+00:00,0.005565573770491772,fixed_hold,0.044524590163934175,SUI,5min:SUI:rsi_reversion:short:local_chop:h24:#3,rsi_reversion,short,local_chop,24
2026-04-08 21:25:00+00:00,0.0072799693184308345,fixed_hold,0.058239754547446676,SUI,5min:SUI:rsi_reversion:short:local_chop:h24:#3,rsi_reversion,short,local_chop,24
2026-04-08 21:30:00+00:00,0.007274857643451538,fixed_hold,0.0581988611476123,SUI,5min:SUI:rsi_reversion:short:local_chop:h24:#3,rsi_reversion,short,local_chop,24
2026-04-09 16:05:00+00:00,-0.0030534441805226127,fixed_hold,-0.0244275534441809,SOL,5min:SOL:panic_snapback:short:market_contra:h24:#2,panic_snapback,short,market_contra,24
2026-04-11 19:35:00+00:00,0.004014540337711037,fixed_hold,0.032116322701688294,SOL,5min:SOL:panic_snapback:short:market_contra:h24:#2,panic_snapback,short,market_contra,24
2026-04-13 16:35:00+00:00,0.0018499638467100459,fixed_hold,0.014799710773680367,SOL,5min:SOL:panic_snapback:short:market_contra:h24:#2,panic_snapback,short,market_contra,24
2026-04-14 08:40:00+00:00,-0.0021820857863751315,fixed_hold,-0.017456686291001052,SUI,5min:SUI:rsi_reversion:short:local_chop:h24:#3,rsi_reversion,short,local_chop,24
2026-04-16 12:15:00+00:00,0.009795808508414383,fixed_hold,0.07836646806731506,SUI,5min:SUI:rsi_reversion:short:local_chop:h24:#3,rsi_reversion,short,local_chop,24
2026-04-16 14:05:00+00:00,0.024519098548510254,fixed_hold,0.19615278838808203,AAVE,5min:AAVE:panic_snapback:long:market_contra:h24:#6,panic_snapback,long,market_contra,24
2026-04-18 08:45:00+00:00,-0.007002698398655194,fixed_hold,-0.05602158718924155,AAVE,5min:AAVE:panic_snapback:long:market_contra:h24:#6,panic_snapback,long,market_contra,24
2026-04-19 22:25:00+00:00,0.009088582896643993,fixed_hold,0.07270866317315194,AAVE,5min:AAVE:panic_snapback:long:market_contra:h24:#6,panic_snapback,long,market_contra,24
2026-04-24 06:00:00+00:00,0.0004555154474997218,fixed_hold,0.0036441235799977746,SUI,5min:SUI:rsi_reversion:short:local_chop:h24:#3,rsi_reversion,short,local_chop,24
2026-04-28 09:40:00+00:00,-0.004067787971457737,fixed_hold,-0.032542303771661896,XTZ,5min:XTZ:panic_snapback:long:market_contra:h24:#1,panic_snapback,long,market_contra,24
2026-04-28 13:50:00+00:00,-0.0007717982170036826,fixed_hold,-0.006174385736029461,SUI,5min:SUI:rsi_reversion:short:local_chop:h24:#3,rsi_reversion,short,local_chop,24
2026-05-06 09:00:00+00:00,-0.005136871508379881,fixed_hold,-0.04109497206703905,SOL,5min:SOL:panic_snapback:short:market_contra:h24:#2,panic_snapback,short,market_contra,24
2026-05-06 11:25:00+00:00,0.00577189512939319,fixed_hold,0.04617516103514552,SOL,5min:SOL:panic_snapback:short:market_contra:h24:#2,panic_snapback,short,market_contra,24
2026-05-08 17:40:00+00:00,-0.005854245538128744,fixed_hold,-0.04683396430502995,SOL,5min:SOL:panic_snapback:short:market_contra:h24:#2,panic_snapback,short,market_contra,24
2026-05-11 10:15:00+00:00,1.1931952429600646e-05,fixed_hold,9.545561943680517e-05,SUI,5min:SUI:rsi_reversion:short:local_chop:h24:#3,rsi_reversion,short,local_chop,24
2026-05-11 14:35:00+00:00,0.00038900177800355084,fixed_hold,0.0031120142240284067,XTZ,5min:XTZ:panic_snapback:long:market_contra:h24:#1,panic_snapback,long,market_contra,24
2026-05-11 16:15:00+00:00,-0.0008589375448672105,fixed_hold,-0.006871500358937684,SOL,5min:SOL:panic_snapback:short:market_contra:h24:#2,panic_snapback,short,market_contra,24
2026-05-13 01:15:00+00:00,0.0031363636363635487,fixed_hold,0.02509090909090839,SUI,5min:SUI:rsi_reversion:short:local_chop:h24:#3,rsi_reversion,short,local_chop,24
2026-05-15 13:50:00+00:00,-0.0022903322060870974,fixed_hold,-0.01832265764869678,LINK,5min:LINK:panic_snapback:long:market_contra:h24:#5,panic_snapback,long,market_contra,24
2026-05-15 14:05:00+00:00,-0.0012482789583957428,fixed_hold,-0.009986231667165942,LINK,5min:LINK:panic_snapback:long:market_contra:h24:#5,panic_snapback,long,market_contra,24
2026-05-18 16:20:00+00:00,0.0021267146609593173,fixed_hold,0.017013717287674538,SUI,5min:SUI:rsi_reversion:short:local_chop:h24:#3,rsi_reversion,short,local_chop,24
2026-05-20 05:15:00+00:00,-0.0035320257722190602,fixed_hold,-0.028256206177752482,SUI,5min:SUI:rsi_reversion:short:local_chop:h24:#3,rsi_reversion,short,local_chop,24
2026-05-21 08:10:00+00:00,0.007129107981220739,fixed_hold,0.057032863849765913,SUI,5min:SUI:rsi_reversion:short:local_chop:h24:#3,rsi_reversion,short,local_chop,24
2026-05-22 09:25:00+00:00,0.002085737615677708,fixed_hold,0.016685900925421663,SUI,5min:SUI:rsi_reversion:short:local_chop:h24:#3,rsi_reversion,short,local_chop,24
2026-05-22 23:50:00+00:00,-0.0011367398917542233,fixed_hold,-0.009093919134033786,LINK,5min:LINK:panic_snapback:long:market_contra:h24:#5,panic_snapback,long,market_contra,24
2026-05-23 20:45:00+00:00,0.003926840633737105,fixed_hold,0.03141472506989684,SOL,5min:SOL:panic_snapback:short:market_contra:h24:#2,panic_snapback,short,market_contra,24
2026-05-24 00:35:00+00:00,0.0029843205574912606,fixed_hold,0.023874564459930084,SUI,5min:SUI:rsi_reversion:short:local_chop:h24:#3,rsi_reversion,short,local_chop,24
2026-05-24 21:40:00+00:00,0.00998243001786775,fixed_hold,0.079859440142942,AAVE,5min:AAVE:panic_snapback:long:market_contra:h24:#6,panic_snapback,long,market_contra,24
2026-05-28 14:10:00+00:00,0.0010171948752529252,fixed_hold,0.008137559002023401,LINK,5min:LINK:panic_snapback:long:market_contra:h24:#5,panic_snapback,long,market_contra,24
2026-05-29 14:30:00+00:00,0.013800248699977369,fixed_hold,0.11040198959981895,LINK,5min:LINK:panic_snapback:long:market_contra:h24:#5,panic_snapback,long,market_contra,24
