date,profit,exit_reason,raw_profit,candidate_id,pair,template,side,regime,hold,tp,sl,candidate_key
2023-06-03 01:28:00+00:00,-0.002969401222561868,fixed_hold,-0.023755209780494942,1m:OP:ma_offset_reversion:long:market_contra:h12:tp0.0:sl0.0:764d46ed63,OP,ma_offset_reversion,long,market_contra,12,0.0,0.0,"OP|ma_offset_reversion|long|market_contra|12|0.0|0.0|atr_ceiling=0.03,atr_floor=0.0006,bb_width=0.0025,ema20_offset=0.0035,ema50_guard=0.02,macro_limit=0.055,range_mult=0.6,rsi_2=10,slope_guard=0.003,volume_mult=0.7"
2023-06-06 12:12:00+00:00,0.004464576547231273,fixed_hold,0.03571661237785018,1m:LTC:ma_offset_reversion:long:market_contra:h3:tp0.0:sl0.0:b59bbcfd6a,LTC,ma_offset_reversion,long,market_contra,3,0.0,0.0,"LTC|ma_offset_reversion|long|market_contra|3|0.0|0.0|atr_ceiling=0.018,atr_floor=0.0012,bb_width=0.0025,ema20_offset=0.0035,ema50_guard=0.02,macro_limit=0.055,range_mult=0.6,rsi_2=10,slope_guard=0.003,volume_mult=0.7"
2023-06-06 12:12:00+00:00,0.010325739623725447,fixed_hold,0.08260591698980357,1m:OP:ma_offset_reversion:long:market_contra:h12:tp0.0:sl0.0:764d46ed63,OP,ma_offset_reversion,long,market_contra,12,0.0,0.0,"OP|ma_offset_reversion|long|market_contra|12|0.0|0.0|atr_ceiling=0.03,atr_floor=0.0006,bb_width=0.0025,ema20_offset=0.0035,ema50_guard=0.02,macro_limit=0.055,range_mult=0.6,rsi_2=10,slope_guard=0.003,volume_mult=0.7"
2023-06-10 08:01:00+00:00,0.00232997847717166,fixed_hold,0.01863982781737328,1m:ETC:ma_offset_reversion:long:market_chop:h18:tp0.0:sl0.0:8e314e8647,ETC,ma_offset_reversion,long,market_chop,18,0.0,0.0,"ETC|ma_offset_reversion|long|market_chop|18|0.0|0.0|atr_ceiling=0.018,atr_floor=0.0012,bb_width=0.0025,ema20_offset=0.0035,ema50_guard=0.02,macro_limit=0.055,range_mult=0.6,rsi_2=10,slope_guard=0.003,volume_mult=0.7"
2023-06-11 03:47:00+00:00,-0.00010320037105764014,fixed_hold,-0.0008256029684611211,1m:OP:ma_offset_reversion:long:market_contra:h12:tp0.0:sl0.0:764d46ed63,OP,ma_offset_reversion,long,market_contra,12,0.0,0.0,"OP|ma_offset_reversion|long|market_contra|12|0.0|0.0|atr_ceiling=0.03,atr_floor=0.0006,bb_width=0.0025,ema20_offset=0.0035,ema50_guard=0.02,macro_limit=0.055,range_mult=0.6,rsi_2=10,slope_guard=0.003,volume_mult=0.7"
2023-06-12 02:23:00+00:00,-0.0013692445091294243,fixed_hold,-0.010953956073035395,1m:LTC:ma_offset_reversion:long:market_contra:h3:tp0.0:sl0.0:b59bbcfd6a,LTC,ma_offset_reversion,long,market_contra,3,0.0,0.0,"LTC|ma_offset_reversion|long|market_contra|3|0.0|0.0|atr_ceiling=0.018,atr_floor=0.0012,bb_width=0.0025,ema20_offset=0.0035,ema50_guard=0.02,macro_limit=0.055,range_mult=0.6,rsi_2=10,slope_guard=0.003,volume_mult=0.7"
2023-06-13 15:03:00+00:00,-0.0017841451028879208,fixed_hold,-0.014273160823103367,1m:OP:ma_offset_reversion:long:market_contra:h12:tp0.0:sl0.0:764d46ed63,OP,ma_offset_reversion,long,market_contra,12,0.0,0.0,"OP|ma_offset_reversion|long|market_contra|12|0.0|0.0|atr_ceiling=0.03,atr_floor=0.0006,bb_width=0.0025,ema20_offset=0.0035,ema50_guard=0.02,macro_limit=0.055,range_mult=0.6,rsi_2=10,slope_guard=0.003,volume_mult=0.7"
2023-06-16 14:47:00+00:00,0.009690813739050216,fixed_hold,0.07752650991240173,1m:OP:ma_offset_reversion:long:market_contra:h12:tp0.0:sl0.0:764d46ed63,OP,ma_offset_reversion,long,market_contra,12,0.0,0.0,"OP|ma_offset_reversion|long|market_contra|12|0.0|0.0|atr_ceiling=0.03,atr_floor=0.0006,bb_width=0.0025,ema20_offset=0.0035,ema50_guard=0.02,macro_limit=0.055,range_mult=0.6,rsi_2=10,slope_guard=0.003,volume_mult=0.7"
2023-06-24 21:14:00+00:00,0.001412727061015293,fixed_hold,0.011301816488122344,1m:OP:ma_offset_reversion:long:market_contra:h12:tp0.0:sl0.0:764d46ed63,OP,ma_offset_reversion,long,market_contra,12,0.0,0.0,"OP|ma_offset_reversion|long|market_contra|12|0.0|0.0|atr_ceiling=0.03,atr_floor=0.0006,bb_width=0.0025,ema20_offset=0.0035,ema50_guard=0.02,macro_limit=0.055,range_mult=0.6,rsi_2=10,slope_guard=0.003,volume_mult=0.7"
2023-06-26 20:31:00+00:00,0.0002584402522563123,fixed_hold,0.002067522018050498,1m:ETC:ma_offset_reversion:long:market_chop:h18:tp0.0:sl0.0:8e314e8647,ETC,ma_offset_reversion,long,market_chop,18,0.0,0.0,"ETC|ma_offset_reversion|long|market_chop|18|0.0|0.0|atr_ceiling=0.018,atr_floor=0.0012,bb_width=0.0025,ema20_offset=0.0035,ema50_guard=0.02,macro_limit=0.055,range_mult=0.6,rsi_2=10,slope_guard=0.003,volume_mult=0.7"
2023-06-28 17:37:00+00:00,-0.0002560507674143753,fixed_hold,-0.0020484061393150023,1m:LTC:ma_offset_reversion:long:market_contra:h3:tp0.0:sl0.0:b59bbcfd6a,LTC,ma_offset_reversion,long,market_contra,3,0.0,0.0,"LTC|ma_offset_reversion|long|market_contra|3|0.0|0.0|atr_ceiling=0.018,atr_floor=0.0012,bb_width=0.0025,ema20_offset=0.0035,ema50_guard=0.02,macro_limit=0.055,range_mult=0.6,rsi_2=10,slope_guard=0.003,volume_mult=0.7"
2023-06-29 08:35:00+00:00,0.002083825847123758,fixed_hold,0.016670606776990064,1m:XLM:ma_offset_reversion:long:market_aligned:h12:tp0.0:sl0.0:c967453033,XLM,ma_offset_reversion,long,market_aligned,12,0.0,0.0,"XLM|ma_offset_reversion|long|market_aligned|12|0.0|0.0|atr_ceiling=0.018,atr_floor=0.0012,bb_width=0.0025,ema20_offset=0.002,ema50_guard=0.02,macro_limit=0.055,range_mult=0.6,rsi_2=10,slope_guard=0.003,volume_mult=0.7"
2023-07-01 04:17:00+00:00,-0.004935344827586146,fixed_hold,-0.039482758620689166,1m:LTC:ma_offset_reversion:long:market_contra:h3:tp0.0:sl0.0:b59bbcfd6a,LTC,ma_offset_reversion,long,market_contra,3,0.0,0.0,"LTC|ma_offset_reversion|long|market_contra|3|0.0|0.0|atr_ceiling=0.018,atr_floor=0.0012,bb_width=0.0025,ema20_offset=0.0035,ema50_guard=0.02,macro_limit=0.055,range_mult=0.6,rsi_2=10,slope_guard=0.003,volume_mult=0.7"
2023-07-02 03:38:00+00:00,-3.7538772440989256e-05,fixed_hold,-0.00030031017952791405,1m:LTC:ma_offset_reversion:long:market_contra:h3:tp0.0:sl0.0:b59bbcfd6a,LTC,ma_offset_reversion,long,market_contra,3,0.0,0.0,"LTC|ma_offset_reversion|long|market_contra|3|0.0|0.0|atr_ceiling=0.018,atr_floor=0.0012,bb_width=0.0025,ema20_offset=0.0035,ema50_guard=0.02,macro_limit=0.055,range_mult=0.6,rsi_2=10,slope_guard=0.003,volume_mult=0.7"
2023-07-10 22:04:00+00:00,0.0005445602453477838,fixed_hold,0.00435648196278227,1m:LTC:ma_offset_reversion:long:market_contra:h3:tp0.0:sl0.0:b59bbcfd6a,LTC,ma_offset_reversion,long,market_contra,3,0.0,0.0,"LTC|ma_offset_reversion|long|market_contra|3|0.0|0.0|atr_ceiling=0.018,atr_floor=0.0012,bb_width=0.0025,ema20_offset=0.0035,ema50_guard=0.02,macro_limit=0.055,range_mult=0.6,rsi_2=10,slope_guard=0.003,volume_mult=0.7"
2023-07-14 16:24:00+00:00,-0.00725457103304454,fixed_hold,-0.05803656826435632,1m:SOL:vwap_stretch_reversion:long:market_chop:h12:tp0.0:sl0.0:936b55a31d,SOL,vwap_stretch_reversion,long,market_chop,12,0.0,0.0,"SOL|vwap_stretch_reversion|long|market_chop|12|0.0|0.0|atr_ceiling=0.03,atr_floor=0.0012,bb_width=0.0025,close_pos=0.35,macro_limit=0.055,min_dist=0.0035,rsi_2=10,volume_mult=0.7,z_entry=1.8"
2023-07-15 13:02:00+00:00,-0.0013048404641044504,fixed_hold,-0.010438723712835603,1m:ETC:vwap_stretch_reversion:long:market_chop:h12:tp0.0:sl0.0:3984b37f3e,ETC,vwap_stretch_reversion,long,market_chop,12,0.0,0.0,"ETC|vwap_stretch_reversion|long|market_chop|12|0.0|0.0|atr_ceiling=0.03,atr_floor=0.0006,bb_width=0.0025,close_pos=0.35,macro_limit=0.055,min_dist=0.002,rsi_2=10,volume_mult=0.7,z_entry=2.4"
2023-07-15 19:25:00+00:00,-0.003071277820414497,fixed_hold,-0.024570222563315976,1m:XLM:ma_offset_reversion:long:market_aligned:h12:tp0.0:sl0.0:c967453033,XLM,ma_offset_reversion,long,market_aligned,12,0.0,0.0,"XLM|ma_offset_reversion|long|market_aligned|12|0.0|0.0|atr_ceiling=0.018,atr_floor=0.0012,bb_width=0.0025,ema20_offset=0.002,ema50_guard=0.02,macro_limit=0.055,range_mult=0.6,rsi_2=10,slope_guard=0.003,volume_mult=0.7"
2023-07-16 15:40:00+00:00,-0.0008680960715674863,fixed_hold,-0.00694476857253989,1m:XRP:ma_offset_reversion:long:market_aligned:h18:tp0.0:sl0.0:28df47896b,XRP,ma_offset_reversion,long,market_aligned,18,0.0,0.0,"XRP|ma_offset_reversion|long|market_aligned|18|0.0|0.0|atr_ceiling=0.03,atr_floor=0.0012,bb_width=0.0025,ema20_offset=0.002,ema50_guard=0.02,macro_limit=0.055,range_mult=0.6,rsi_2=14,slope_guard=0.003,volume_mult=0.7"
2023-07-17 19:16:00+00:00,-0.0002622079524016574,fixed_hold,-0.0020976636192132593,1m:DOGE:vwap_stretch_reversion:short:market_chop:h12:tp0.0:sl0.0:ee0491755a,DOGE,vwap_stretch_reversion,short,market_chop,12,0.0,0.0,"DOGE|vwap_stretch_reversion|short|market_chop|12|0.0|0.0|atr_ceiling=0.03,atr_floor=0.0012,bb_width=0.0025,close_pos=0.35,macro_limit=0.055,min_dist=0.002,rsi_2=10,volume_mult=0.7,z_entry=2.4"
2023-07-22 00:32:00+00:00,-0.000903875573686832,fixed_hold,-0.007231004589494656,1m:XLM:ma_offset_reversion:long:market_aligned:h12:tp0.0:sl0.0:c967453033,XLM,ma_offset_reversion,long,market_aligned,12,0.0,0.0,"XLM|ma_offset_reversion|long|market_aligned|12|0.0|0.0|atr_ceiling=0.018,atr_floor=0.0012,bb_width=0.0025,ema20_offset=0.002,ema50_guard=0.02,macro_limit=0.055,range_mult=0.6,rsi_2=10,slope_guard=0.003,volume_mult=0.7"
2023-07-22 01:07:00+00:00,-0.0011056767929244755,fixed_hold,-0.008845414343395804,1m:XLM:ma_offset_reversion:long:market_aligned:h12:tp0.0:sl0.0:c967453033,XLM,ma_offset_reversion,long,market_aligned,12,0.0,0.0,"XLM|ma_offset_reversion|long|market_aligned|12|0.0|0.0|atr_ceiling=0.018,atr_floor=0.0012,bb_width=0.0025,ema20_offset=0.002,ema50_guard=0.02,macro_limit=0.055,range_mult=0.6,rsi_2=10,slope_guard=0.003,volume_mult=0.7"
2023-07-30 19:50:00+00:00,0.0025513624567474057,fixed_hold,0.020410899653979245,1m:LTC:ma_offset_reversion:long:market_contra:h3:tp0.0:sl0.0:b59bbcfd6a,LTC,ma_offset_reversion,long,market_contra,3,0.0,0.0,"LTC|ma_offset_reversion|long|market_contra|3|0.0|0.0|atr_ceiling=0.018,atr_floor=0.0012,bb_width=0.0025,ema20_offset=0.0035,ema50_guard=0.02,macro_limit=0.055,range_mult=0.6,rsi_2=10,slope_guard=0.003,volume_mult=0.7"
2023-07-31 07:15:00+00:00,0.003178926248582834,fixed_hold,0.02543140998866267,1m:OP:ma_offset_reversion:long:market_contra:h12:tp0.0:sl0.0:764d46ed63,OP,ma_offset_reversion,long,market_contra,12,0.0,0.0,"OP|ma_offset_reversion|long|market_contra|12|0.0|0.0|atr_ceiling=0.03,atr_floor=0.0006,bb_width=0.0025,ema20_offset=0.0035,ema50_guard=0.02,macro_limit=0.055,range_mult=0.6,rsi_2=10,slope_guard=0.003,volume_mult=0.7"
2023-08-02 16:17:00+00:00,0.001288699251530898,fixed_hold,0.010309594012247184,1m:LTC:ma_offset_reversion:long:market_contra:h3:tp0.0:sl0.0:b59bbcfd6a,LTC,ma_offset_reversion,long,market_contra,3,0.0,0.0,"LTC|ma_offset_reversion|long|market_contra|3|0.0|0.0|atr_ceiling=0.018,atr_floor=0.0012,bb_width=0.0025,ema20_offset=0.0035,ema50_guard=0.02,macro_limit=0.055,range_mult=0.6,rsi_2=10,slope_guard=0.003,volume_mult=0.7"
2023-08-05 16:34:00+00:00,0.000922870733917267,fixed_hold,0.007382965871338136,1m:OP:ma_offset_reversion:long:market_contra:h12:tp0.0:sl0.0:764d46ed63,OP,ma_offset_reversion,long,market_contra,12,0.0,0.0,"OP|ma_offset_reversion|long|market_contra|12|0.0|0.0|atr_ceiling=0.03,atr_floor=0.0006,bb_width=0.0025,ema20_offset=0.0035,ema50_guard=0.02,macro_limit=0.055,range_mult=0.6,rsi_2=10,slope_guard=0.003,volume_mult=0.7"
2023-08-21 09:44:00+00:00,0.0007560767376455646,fixed_hold,0.006048613901164517,1m:OP:ma_offset_reversion:long:market_contra:h12:tp0.0:sl0.0:764d46ed63,OP,ma_offset_reversion,long,market_contra,12,0.0,0.0,"OP|ma_offset_reversion|long|market_contra|12|0.0|0.0|atr_ceiling=0.03,atr_floor=0.0006,bb_width=0.0025,ema20_offset=0.0035,ema50_guard=0.02,macro_limit=0.055,range_mult=0.6,rsi_2=10,slope_guard=0.003,volume_mult=0.7"
2023-09-09 00:55:00+00:00,0.004199185248713531,fixed_hold,0.03359348198970825,1m:OP:ma_offset_reversion:long:market_contra:h12:tp0.0:sl0.0:764d46ed63,OP,ma_offset_reversion,long,market_contra,12,0.0,0.0,"OP|ma_offset_reversion|long|market_contra|12|0.0|0.0|atr_ceiling=0.03,atr_floor=0.0006,bb_width=0.0025,ema20_offset=0.0035,ema50_guard=0.02,macro_limit=0.055,range_mult=0.6,rsi_2=10,slope_guard=0.003,volume_mult=0.7"
2023-09-09 23:05:00+00:00,-0.0011469008578153523,fixed_hold,-0.009175206862522819,1m:XLM:ma_offset_reversion:long:market_aligned:h12:tp0.0:sl0.0:c967453033,XLM,ma_offset_reversion,long,market_aligned,12,0.0,0.0,"XLM|ma_offset_reversion|long|market_aligned|12|0.0|0.0|atr_ceiling=0.018,atr_floor=0.0012,bb_width=0.0025,ema20_offset=0.002,ema50_guard=0.02,macro_limit=0.055,range_mult=0.6,rsi_2=10,slope_guard=0.003,volume_mult=0.7"
2023-09-10 14:31:00+00:00,-7.162719273985597e-05,fixed_hold,-0.0005730175419188478,1m:SOL:vwap_stretch_reversion:long:market_chop:h12:tp0.0:sl0.0:936b55a31d,SOL,vwap_stretch_reversion,long,market_chop,12,0.0,0.0,"SOL|vwap_stretch_reversion|long|market_chop|12|0.0|0.0|atr_ceiling=0.03,atr_floor=0.0012,bb_width=0.0025,close_pos=0.35,macro_limit=0.055,min_dist=0.0035,rsi_2=10,volume_mult=0.7,z_entry=1.8"
2023-09-14 19:01:00+00:00,-0.0011816688933422022,fixed_hold,-0.009453351146737617,1m:OP:ma_offset_reversion:long:market_contra:h12:tp0.0:sl0.0:764d46ed63,OP,ma_offset_reversion,long,market_contra,12,0.0,0.0,"OP|ma_offset_reversion|long|market_contra|12|0.0|0.0|atr_ceiling=0.03,atr_floor=0.0006,bb_width=0.0025,ema20_offset=0.0035,ema50_guard=0.02,macro_limit=0.055,range_mult=0.6,rsi_2=10,slope_guard=0.003,volume_mult=0.7"
2023-09-20 12:26:00+00:00,-0.003606686672822448,fixed_hold,-0.028853493382579583,1m:LTC:ma_offset_reversion:long:market_chop:h12:tp0.0:sl0.0:6a49d5d264,LTC,ma_offset_reversion,long,market_chop,12,0.0,0.0,"LTC|ma_offset_reversion|long|market_chop|12|0.0|0.0|atr_ceiling=0.03,atr_floor=0.0006,bb_width=0.0025,ema20_offset=0.0035,ema50_guard=0.02,macro_limit=0.055,range_mult=0.6,rsi_2=10,slope_guard=0.003,volume_mult=0.7"
2023-09-24 23:28:00+00:00,-0.003340673882129899,fixed_hold,-0.02672539105703919,1m:OP:ma_offset_reversion:long:market_contra:h12:tp0.0:sl0.0:764d46ed63,OP,ma_offset_reversion,long,market_contra,12,0.0,0.0,"OP|ma_offset_reversion|long|market_contra|12|0.0|0.0|atr_ceiling=0.03,atr_floor=0.0006,bb_width=0.0025,ema20_offset=0.0035,ema50_guard=0.02,macro_limit=0.055,range_mult=0.6,rsi_2=10,slope_guard=0.003,volume_mult=0.7"
2023-10-02 21:13:00+00:00,0.0024862473847484666,fixed_hold,0.019889979077987733,1m:OP:ma_offset_reversion:long:market_contra:h12:tp0.0:sl0.0:764d46ed63,OP,ma_offset_reversion,long,market_contra,12,0.0,0.0,"OP|ma_offset_reversion|long|market_contra|12|0.0|0.0|atr_ceiling=0.03,atr_floor=0.0006,bb_width=0.0025,ema20_offset=0.0035,ema50_guard=0.02,macro_limit=0.055,range_mult=0.6,rsi_2=10,slope_guard=0.003,volume_mult=0.7"
2023-10-12 08:50:00+00:00,-0.00133694049852584,fixed_hold,-0.01069552398820672,1m:ETC:ma_offset_reversion:long:market_chop:h18:tp0.0:sl0.0:8e314e8647,ETC,ma_offset_reversion,long,market_chop,18,0.0,0.0,"ETC|ma_offset_reversion|long|market_chop|18|0.0|0.0|atr_ceiling=0.018,atr_floor=0.0012,bb_width=0.0025,ema20_offset=0.0035,ema50_guard=0.02,macro_limit=0.055,range_mult=0.6,rsi_2=10,slope_guard=0.003,volume_mult=0.7"
2023-10-16 21:07:00+00:00,-0.0018103959222380557,fixed_hold,-0.014483167377904445,1m:LTC:ma_offset_reversion:long:market_contra:h3:tp0.0:sl0.0:b59bbcfd6a,LTC,ma_offset_reversion,long,market_contra,3,0.0,0.0,"LTC|ma_offset_reversion|long|market_contra|3|0.0|0.0|atr_ceiling=0.018,atr_floor=0.0012,bb_width=0.0025,ema20_offset=0.0035,ema50_guard=0.02,macro_limit=0.055,range_mult=0.6,rsi_2=10,slope_guard=0.003,volume_mult=0.7"
2023-10-18 23:50:00+00:00,-0.0010789240398171441,fixed_hold,-0.008631392318537153,1m:SOL:vwap_stretch_reversion:long:market_chop:h12:tp0.0:sl0.0:936b55a31d,SOL,vwap_stretch_reversion,long,market_chop,12,0.0,0.0,"SOL|vwap_stretch_reversion|long|market_chop|12|0.0|0.0|atr_ceiling=0.03,atr_floor=0.0012,bb_width=0.0025,close_pos=0.35,macro_limit=0.055,min_dist=0.0035,rsi_2=10,volume_mult=0.7,z_entry=1.8"
2023-10-19 16:47:00+00:00,-0.001999395266082948,fixed_hold,-0.015995162128663584,1m:SOL:vwap_stretch_reversion:long:market_chop:h12:tp0.0:sl0.0:936b55a31d,SOL,vwap_stretch_reversion,long,market_chop,12,0.0,0.0,"SOL|vwap_stretch_reversion|long|market_chop|12|0.0|0.0|atr_ceiling=0.03,atr_floor=0.0012,bb_width=0.0025,close_pos=0.35,macro_limit=0.055,min_dist=0.0035,rsi_2=10,volume_mult=0.7,z_entry=1.8"
2023-10-20 06:22:00+00:00,0.0013397306881349912,fixed_hold,0.01071784550507993,1m:SOL:vwap_stretch_reversion:long:market_chop:h12:tp0.0:sl0.0:936b55a31d,SOL,vwap_stretch_reversion,long,market_chop,12,0.0,0.0,"SOL|vwap_stretch_reversion|long|market_chop|12|0.0|0.0|atr_ceiling=0.03,atr_floor=0.0012,bb_width=0.0025,close_pos=0.35,macro_limit=0.055,min_dist=0.0035,rsi_2=10,volume_mult=0.7,z_entry=1.8"
2023-10-23 13:21:00+00:00,-0.00835577316250384,fixed_hold,-0.06684618530003072,1m:SOL:vwap_stretch_reversion:long:market_chop:h12:tp0.0:sl0.0:936b55a31d,SOL,vwap_stretch_reversion,long,market_chop,12,0.0,0.0,"SOL|vwap_stretch_reversion|long|market_chop|12|0.0|0.0|atr_ceiling=0.03,atr_floor=0.0012,bb_width=0.0025,close_pos=0.35,macro_limit=0.055,min_dist=0.0035,rsi_2=10,volume_mult=0.7,z_entry=1.8"
2023-10-24 15:24:00+00:00,-0.0019737268018990557,fixed_hold,-0.015789814415192446,1m:LTC:ma_offset_reversion:long:market_contra:h3:tp0.0:sl0.0:b59bbcfd6a,LTC,ma_offset_reversion,long,market_contra,3,0.0,0.0,"LTC|ma_offset_reversion|long|market_contra|3|0.0|0.0|atr_ceiling=0.018,atr_floor=0.0012,bb_width=0.0025,ema20_offset=0.0035,ema50_guard=0.02,macro_limit=0.055,range_mult=0.6,rsi_2=10,slope_guard=0.003,volume_mult=0.7"
2023-10-24 22:51:00+00:00,0.0011591213202497706,fixed_hold,0.009272970561998165,1m:XRP:ma_offset_reversion:long:market_aligned:h18:tp0.0:sl0.0:28df47896b,XRP,ma_offset_reversion,long,market_aligned,18,0.0,0.0,"XRP|ma_offset_reversion|long|market_aligned|18|0.0|0.0|atr_ceiling=0.03,atr_floor=0.0012,bb_width=0.0025,ema20_offset=0.002,ema50_guard=0.02,macro_limit=0.055,range_mult=0.6,rsi_2=14,slope_guard=0.003,volume_mult=0.7"
2023-10-25 02:23:00+00:00,-0.001163947973555623,fixed_hold,-0.009311583788444985,1m:LTC:ma_offset_reversion:long:market_chop:h12:tp0.0:sl0.0:6a49d5d264,LTC,ma_offset_reversion,long,market_chop,12,0.0,0.0,"LTC|ma_offset_reversion|long|market_chop|12|0.0|0.0|atr_ceiling=0.03,atr_floor=0.0006,bb_width=0.0025,ema20_offset=0.0035,ema50_guard=0.02,macro_limit=0.055,range_mult=0.6,rsi_2=10,slope_guard=0.003,volume_mult=0.7"
2023-10-25 15:10:00+00:00,0.006859476641040766,fixed_hold,0.05487581312832613,1m:DOGE:vwap_stretch_reversion:short:market_chop:h12:tp0.0:sl0.0:ee0491755a,DOGE,vwap_stretch_reversion,short,market_chop,12,0.0,0.0,"DOGE|vwap_stretch_reversion|short|market_chop|12|0.0|0.0|atr_ceiling=0.03,atr_floor=0.0012,bb_width=0.0025,close_pos=0.35,macro_limit=0.055,min_dist=0.002,rsi_2=10,volume_mult=0.7,z_entry=2.4"
2023-11-01 21:09:00+00:00,0.0018281850519257657,fixed_hold,0.014625480415406126,1m:XLM:ma_offset_reversion:long:market_aligned:h12:tp0.0:sl0.0:c967453033,XLM,ma_offset_reversion,long,market_aligned,12,0.0,0.0,"XLM|ma_offset_reversion|long|market_aligned|12|0.0|0.0|atr_ceiling=0.018,atr_floor=0.0012,bb_width=0.0025,ema20_offset=0.002,ema50_guard=0.02,macro_limit=0.055,range_mult=0.6,rsi_2=10,slope_guard=0.003,volume_mult=0.7"
2023-11-05 00:07:00+00:00,-0.0018107051388460689,fixed_hold,-0.014485641110768551,1m:SOL:vwap_stretch_reversion:long:market_chop:h12:tp0.0:sl0.0:936b55a31d,SOL,vwap_stretch_reversion,long,market_chop,12,0.0,0.0,"SOL|vwap_stretch_reversion|long|market_chop|12|0.0|0.0|atr_ceiling=0.03,atr_floor=0.0012,bb_width=0.0025,close_pos=0.35,macro_limit=0.055,min_dist=0.0035,rsi_2=10,volume_mult=0.7,z_entry=1.8"
2023-11-09 07:36:00+00:00,-0.0009447544285989118,fixed_hold,-0.007558035428791294,1m:OP:ma_offset_reversion:long:market_contra:h12:tp0.0:sl0.0:764d46ed63,OP,ma_offset_reversion,long,market_contra,12,0.0,0.0,"OP|ma_offset_reversion|long|market_contra|12|0.0|0.0|atr_ceiling=0.03,atr_floor=0.0006,bb_width=0.0025,ema20_offset=0.0035,ema50_guard=0.02,macro_limit=0.055,range_mult=0.6,rsi_2=10,slope_guard=0.003,volume_mult=0.7"
2023-11-09 15:27:00+00:00,0.022224462365591433,fixed_hold,0.17779569892473146,1m:OP:ma_offset_reversion:long:market_contra:h12:tp0.0:sl0.0:764d46ed63,OP,ma_offset_reversion,long,market_contra,12,0.0,0.0,"OP|ma_offset_reversion|long|market_contra|12|0.0|0.0|atr_ceiling=0.03,atr_floor=0.0006,bb_width=0.0025,ema20_offset=0.0035,ema50_guard=0.02,macro_limit=0.055,range_mult=0.6,rsi_2=10,slope_guard=0.003,volume_mult=0.7"
2023-11-12 23:21:00+00:00,-0.0014925254011437235,fixed_hold,-0.011940203209149788,1m:OP:ma_offset_reversion:long:market_contra:h12:tp0.0:sl0.0:764d46ed63,OP,ma_offset_reversion,long,market_contra,12,0.0,0.0,"OP|ma_offset_reversion|long|market_contra|12|0.0|0.0|atr_ceiling=0.03,atr_floor=0.0006,bb_width=0.0025,ema20_offset=0.0035,ema50_guard=0.02,macro_limit=0.055,range_mult=0.6,rsi_2=10,slope_guard=0.003,volume_mult=0.7"
2023-11-13 06:09:00+00:00,-0.0017697503097559987,fixed_hold,-0.01415800247804799,1m:OP:ma_offset_reversion:long:market_contra:h12:tp0.0:sl0.0:764d46ed63,OP,ma_offset_reversion,long,market_contra,12,0.0,0.0,"OP|ma_offset_reversion|long|market_contra|12|0.0|0.0|atr_ceiling=0.03,atr_floor=0.0006,bb_width=0.0025,ema20_offset=0.0035,ema50_guard=0.02,macro_limit=0.055,range_mult=0.6,rsi_2=10,slope_guard=0.003,volume_mult=0.7"
2023-11-13 20:35:00+00:00,5.955640744799483e-05,fixed_hold,0.0004764512595839586,1m:XTZ:vwap_stretch_reversion:long:market_chop:h8:tp0.0:sl0.0:5162f59369,XTZ,vwap_stretch_reversion,long,market_chop,8,0.0,0.0,"XTZ|vwap_stretch_reversion|long|market_chop|8|0.0|0.0|atr_ceiling=0.03,atr_floor=0.0006,bb_width=0.0025,close_pos=0.35,macro_limit=0.055,min_dist=0.0035,rsi_2=10,volume_mult=0.7,z_entry=1.8"
2023-11-17 23:53:00+00:00,0.0024172779889574535,fixed_hold,0.019338223911659628,1m:SOL:vwap_stretch_reversion:long:market_chop:h12:tp0.0:sl0.0:936b55a31d,SOL,vwap_stretch_reversion,long,market_chop,12,0.0,0.0,"SOL|vwap_stretch_reversion|long|market_chop|12|0.0|0.0|atr_ceiling=0.03,atr_floor=0.0012,bb_width=0.0025,close_pos=0.35,macro_limit=0.055,min_dist=0.0035,rsi_2=10,volume_mult=0.7,z_entry=1.8"
2023-11-21 08:43:00+00:00,0.0011202365308805172,fixed_hold,0.008961892247044138,1m:XRP:ma_offset_reversion:long:market_aligned:h18:tp0.0:sl0.0:28df47896b,XRP,ma_offset_reversion,long,market_aligned,18,0.0,0.0,"XRP|ma_offset_reversion|long|market_aligned|18|0.0|0.0|atr_ceiling=0.03,atr_floor=0.0012,bb_width=0.0025,ema20_offset=0.002,ema50_guard=0.02,macro_limit=0.055,range_mult=0.6,rsi_2=14,slope_guard=0.003,volume_mult=0.7"
2023-11-24 05:36:00+00:00,-0.000625,fixed_hold,-0.005,1m:XRP:ma_offset_reversion:long:market_aligned:h12:tp0.0:sl0.0:96ef77ad3d,XRP,ma_offset_reversion,long,market_aligned,12,0.0,0.0,"XRP|ma_offset_reversion|long|market_aligned|12|0.0|0.0|atr_ceiling=0.018,atr_floor=0.0006,bb_width=0.0025,ema20_offset=0.002,ema50_guard=0.02,macro_limit=0.055,range_mult=0.6,rsi_2=10,slope_guard=0.003,volume_mult=0.7"
2023-11-24 05:36:00+00:00,-0.00032262941461060014,fixed_hold,-0.002581035316884801,1m:XRP:ma_offset_reversion:long:market_aligned:h18:tp0.0:sl0.0:28df47896b,XRP,ma_offset_reversion,long,market_aligned,18,0.0,0.0,"XRP|ma_offset_reversion|long|market_aligned|18|0.0|0.0|atr_ceiling=0.03,atr_floor=0.0012,bb_width=0.0025,ema20_offset=0.002,ema50_guard=0.02,macro_limit=0.055,range_mult=0.6,rsi_2=14,slope_guard=0.003,volume_mult=0.7"
2023-11-28 15:30:00+00:00,0.003149127457675802,fixed_hold,0.025193019661406416,1m:SOL:vwap_stretch_reversion:long:market_chop:h12:tp0.0:sl0.0:936b55a31d,SOL,vwap_stretch_reversion,long,market_chop,12,0.0,0.0,"SOL|vwap_stretch_reversion|long|market_chop|12|0.0|0.0|atr_ceiling=0.03,atr_floor=0.0012,bb_width=0.0025,close_pos=0.35,macro_limit=0.055,min_dist=0.0035,rsi_2=10,volume_mult=0.7,z_entry=1.8"
2023-11-29 05:12:00+00:00,-0.0008296161401211139,fixed_hold,-0.006636929120968911,1m:XRP:ma_offset_reversion:long:market_aligned:h12:tp0.0:sl0.0:96ef77ad3d,XRP,ma_offset_reversion,long,market_aligned,12,0.0,0.0,"XRP|ma_offset_reversion|long|market_aligned|12|0.0|0.0|atr_ceiling=0.018,atr_floor=0.0006,bb_width=0.0025,ema20_offset=0.002,ema50_guard=0.02,macro_limit=0.055,range_mult=0.6,rsi_2=10,slope_guard=0.003,volume_mult=0.7"
2023-11-29 14:33:00+00:00,-0.0015573348648487135,fixed_hold,-0.012458678918789708,1m:OP:ma_offset_reversion:long:market_contra:h12:tp0.0:sl0.0:764d46ed63,OP,ma_offset_reversion,long,market_contra,12,0.0,0.0,"OP|ma_offset_reversion|long|market_contra|12|0.0|0.0|atr_ceiling=0.03,atr_floor=0.0006,bb_width=0.0025,ema20_offset=0.0035,ema50_guard=0.02,macro_limit=0.055,range_mult=0.6,rsi_2=10,slope_guard=0.003,volume_mult=0.7"
2023-12-11 03:58:00+00:00,-0.002230096799683903,fixed_hold,-0.017840774397471223,1m:DOGE:vwap_stretch_reversion:short:market_chop:h12:tp0.0:sl0.0:ee0491755a,DOGE,vwap_stretch_reversion,short,market_chop,12,0.0,0.0,"DOGE|vwap_stretch_reversion|short|market_chop|12|0.0|0.0|atr_ceiling=0.03,atr_floor=0.0012,bb_width=0.0025,close_pos=0.35,macro_limit=0.055,min_dist=0.002,rsi_2=10,volume_mult=0.7,z_entry=2.4"
2023-12-13 14:22:00+00:00,0.001981745281603512,fixed_hold,0.015853962252828094,1m:SOL:vwap_stretch_reversion:long:market_chop:h12:tp0.0:sl0.0:936b55a31d,SOL,vwap_stretch_reversion,long,market_chop,12,0.0,0.0,"SOL|vwap_stretch_reversion|long|market_chop|12|0.0|0.0|atr_ceiling=0.03,atr_floor=0.0012,bb_width=0.0025,close_pos=0.35,macro_limit=0.055,min_dist=0.0035,rsi_2=10,volume_mult=0.7,z_entry=1.8"
2023-12-14 07:46:00+00:00,0.001606454136730343,fixed_hold,0.012851633093842744,1m:OP:ma_offset_reversion:long:market_contra:h12:tp0.0:sl0.0:764d46ed63,OP,ma_offset_reversion,long,market_contra,12,0.0,0.0,"OP|ma_offset_reversion|long|market_contra|12|0.0|0.0|atr_ceiling=0.03,atr_floor=0.0006,bb_width=0.0025,ema20_offset=0.0035,ema50_guard=0.02,macro_limit=0.055,range_mult=0.6,rsi_2=10,slope_guard=0.003,volume_mult=0.7"
2023-12-24 00:20:00+00:00,-0.004503529647554848,fixed_hold,-0.03602823718043879,1m:OP:ma_offset_reversion:long:market_contra:h12:tp0.0:sl0.0:764d46ed63,OP,ma_offset_reversion,long,market_contra,12,0.0,0.0,"OP|ma_offset_reversion|long|market_contra|12|0.0|0.0|atr_ceiling=0.03,atr_floor=0.0006,bb_width=0.0025,ema20_offset=0.0035,ema50_guard=0.02,macro_limit=0.055,range_mult=0.6,rsi_2=10,slope_guard=0.003,volume_mult=0.7"
2023-12-25 20:13:00+00:00,-0.0019460991544965884,fixed_hold,-0.015568793235972708,1m:APT:vwap_stretch_reversion:long:market_chop:h12:tp0.0:sl0.0:e2e5fa91a1,APT,vwap_stretch_reversion,long,market_chop,12,0.0,0.0,"APT|vwap_stretch_reversion|long|market_chop|12|0.0|0.0|atr_ceiling=0.018,atr_floor=0.0006,bb_width=0.0025,close_pos=0.35,macro_limit=0.055,min_dist=0.0035,rsi_2=10,volume_mult=0.7,z_entry=2.4"
2023-12-26 03:26:00+00:00,-0.009543670479747884,fixed_hold,-0.07634936383798308,1m:OP:ma_offset_reversion:long:market_contra:h12:tp0.0:sl0.0:764d46ed63,OP,ma_offset_reversion,long,market_contra,12,0.0,0.0,"OP|ma_offset_reversion|long|market_contra|12|0.0|0.0|atr_ceiling=0.03,atr_floor=0.0006,bb_width=0.0025,ema20_offset=0.0035,ema50_guard=0.02,macro_limit=0.055,range_mult=0.6,rsi_2=10,slope_guard=0.003,volume_mult=0.7"
2023-12-27 22:54:00+00:00,0.0036943337822167165,fixed_hold,0.029554670257733732,1m:SOL:vwap_stretch_reversion:long:market_chop:h12:tp0.0:sl0.0:936b55a31d,SOL,vwap_stretch_reversion,long,market_chop,12,0.0,0.0,"SOL|vwap_stretch_reversion|long|market_chop|12|0.0|0.0|atr_ceiling=0.03,atr_floor=0.0012,bb_width=0.0025,close_pos=0.35,macro_limit=0.055,min_dist=0.0035,rsi_2=10,volume_mult=0.7,z_entry=1.8"
2023-12-30 00:31:00+00:00,0.0011548045101208303,fixed_hold,0.009238436080966642,1m:XLM:ma_offset_reversion:long:market_aligned:h12:tp0.0:sl0.0:c967453033,XLM,ma_offset_reversion,long,market_aligned,12,0.0,0.0,"XLM|ma_offset_reversion|long|market_aligned|12|0.0|0.0|atr_ceiling=0.018,atr_floor=0.0012,bb_width=0.0025,ema20_offset=0.002,ema50_guard=0.02,macro_limit=0.055,range_mult=0.6,rsi_2=10,slope_guard=0.003,volume_mult=0.7"
2023-12-31 22:15:00+00:00,-0.002288795803319712,fixed_hold,-0.018310366426557697,1m:OP:ma_offset_reversion:long:market_contra:h12:tp0.0:sl0.0:764d46ed63,OP,ma_offset_reversion,long,market_contra,12,0.0,0.0,"OP|ma_offset_reversion|long|market_contra|12|0.0|0.0|atr_ceiling=0.03,atr_floor=0.0006,bb_width=0.0025,ema20_offset=0.0035,ema50_guard=0.02,macro_limit=0.055,range_mult=0.6,rsi_2=10,slope_guard=0.003,volume_mult=0.7"
2024-01-03 00:28:00+00:00,0.00826241786800054,fixed_hold,0.06609934294400432,1m:APT:vwap_stretch_reversion:long:market_chop:h12:tp0.0:sl0.0:e2e5fa91a1,APT,vwap_stretch_reversion,long,market_chop,12,0.0,0.0,"APT|vwap_stretch_reversion|long|market_chop|12|0.0|0.0|atr_ceiling=0.018,atr_floor=0.0006,bb_width=0.0025,close_pos=0.35,macro_limit=0.055,min_dist=0.0035,rsi_2=10,volume_mult=0.7,z_entry=2.4"
2024-01-03 06:09:00+00:00,0.0010214359504132774,fixed_hold,0.008171487603306219,1m:OP:ma_offset_reversion:long:market_contra:h12:tp0.0:sl0.0:764d46ed63,OP,ma_offset_reversion,long,market_contra,12,0.0,0.0,"OP|ma_offset_reversion|long|market_contra|12|0.0|0.0|atr_ceiling=0.03,atr_floor=0.0006,bb_width=0.0025,ema20_offset=0.0035,ema50_guard=0.02,macro_limit=0.055,range_mult=0.6,rsi_2=10,slope_guard=0.003,volume_mult=0.7"
2024-01-03 07:44:00+00:00,-0.0031166513500219257,fixed_hold,-0.024933210800175406,1m:OP:ma_offset_reversion:long:market_contra:h12:tp0.0:sl0.0:764d46ed63,OP,ma_offset_reversion,long,market_contra,12,0.0,0.0,"OP|ma_offset_reversion|long|market_contra|12|0.0|0.0|atr_ceiling=0.03,atr_floor=0.0006,bb_width=0.0025,ema20_offset=0.0035,ema50_guard=0.02,macro_limit=0.055,range_mult=0.6,rsi_2=10,slope_guard=0.003,volume_mult=0.7"
2024-01-05 04:09:00+00:00,-0.006689047558958021,fixed_hold,-0.05351238047166417,1m:OP:ma_offset_reversion:long:market_contra:h12:tp0.0:sl0.0:764d46ed63,OP,ma_offset_reversion,long,market_contra,12,0.0,0.0,"OP|ma_offset_reversion|long|market_contra|12|0.0|0.0|atr_ceiling=0.03,atr_floor=0.0006,bb_width=0.0025,ema20_offset=0.0035,ema50_guard=0.02,macro_limit=0.055,range_mult=0.6,rsi_2=10,slope_guard=0.003,volume_mult=0.7"
2024-01-06 03:04:00+00:00,0.0019045360533285348,fixed_hold,0.015236288426628278,1m:OP:ma_offset_reversion:long:market_contra:h12:tp0.0:sl0.0:764d46ed63,OP,ma_offset_reversion,long,market_contra,12,0.0,0.0,"OP|ma_offset_reversion|long|market_contra|12|0.0|0.0|atr_ceiling=0.03,atr_floor=0.0006,bb_width=0.0025,ema20_offset=0.0035,ema50_guard=0.02,macro_limit=0.055,range_mult=0.6,rsi_2=10,slope_guard=0.003,volume_mult=0.7"
2024-01-07 23:24:00+00:00,-0.0012109375000000223,fixed_hold,-0.009687500000000179,1m:LTC:ma_offset_reversion:long:market_contra:h3:tp0.0:sl0.0:b59bbcfd6a,LTC,ma_offset_reversion,long,market_contra,3,0.0,0.0,"LTC|ma_offset_reversion|long|market_contra|3|0.0|0.0|atr_ceiling=0.018,atr_floor=0.0012,bb_width=0.0025,ema20_offset=0.0035,ema50_guard=0.02,macro_limit=0.055,range_mult=0.6,rsi_2=10,slope_guard=0.003,volume_mult=0.7"
2024-01-10 19:41:00+00:00,0.0058215310217261266,fixed_hold,0.04657224817380901,1m:SOL:vwap_stretch_reversion:long:market_chop:h12:tp0.0:sl0.0:936b55a31d,SOL,vwap_stretch_reversion,long,market_chop,12,0.0,0.0,"SOL|vwap_stretch_reversion|long|market_chop|12|0.0|0.0|atr_ceiling=0.03,atr_floor=0.0012,bb_width=0.0025,close_pos=0.35,macro_limit=0.055,min_dist=0.0035,rsi_2=10,volume_mult=0.7,z_entry=1.8"
2024-01-11 14:20:00+00:00,0.002445247257245806,fixed_hold,0.01956197805796645,1m:XRP:ma_offset_reversion:long:market_aligned:h18:tp0.0:sl0.0:28df47896b,XRP,ma_offset_reversion,long,market_aligned,18,0.0,0.0,"XRP|ma_offset_reversion|long|market_aligned|18|0.0|0.0|atr_ceiling=0.03,atr_floor=0.0012,bb_width=0.0025,ema20_offset=0.002,ema50_guard=0.02,macro_limit=0.055,range_mult=0.6,rsi_2=14,slope_guard=0.003,volume_mult=0.7"
2024-01-11 17:17:00+00:00,-0.001796446167028134,fixed_hold,-0.014371569336225073,1m:OP:ma_offset_reversion:long:market_contra:h12:tp0.0:sl0.0:764d46ed63,OP,ma_offset_reversion,long,market_contra,12,0.0,0.0,"OP|ma_offset_reversion|long|market_contra|12|0.0|0.0|atr_ceiling=0.03,atr_floor=0.0006,bb_width=0.0025,ema20_offset=0.0035,ema50_guard=0.02,macro_limit=0.055,range_mult=0.6,rsi_2=10,slope_guard=0.003,volume_mult=0.7"
2024-01-12 09:24:00+00:00,0.005125876637928698,fixed_hold,0.041007013103429586,1m:OP:ma_offset_reversion:long:market_contra:h12:tp0.0:sl0.0:764d46ed63,OP,ma_offset_reversion,long,market_contra,12,0.0,0.0,"OP|ma_offset_reversion|long|market_contra|12|0.0|0.0|atr_ceiling=0.03,atr_floor=0.0006,bb_width=0.0025,ema20_offset=0.0035,ema50_guard=0.02,macro_limit=0.055,range_mult=0.6,rsi_2=10,slope_guard=0.003,volume_mult=0.7"
2024-01-14 16:29:00+00:00,-0.0011765922629991539,fixed_hold,-0.009412738103993231,1m:ETC:vwap_stretch_reversion:long:market_chop:h12:tp0.0:sl0.0:3984b37f3e,ETC,vwap_stretch_reversion,long,market_chop,12,0.0,0.0,"ETC|vwap_stretch_reversion|long|market_chop|12|0.0|0.0|atr_ceiling=0.03,atr_floor=0.0006,bb_width=0.0025,close_pos=0.35,macro_limit=0.055,min_dist=0.002,rsi_2=10,volume_mult=0.7,z_entry=2.4"
2024-01-17 17:04:00+00:00,0.002259306452083929,fixed_hold,0.01807445161667143,1m:OP:ma_offset_reversion:long:market_contra:h12:tp0.0:sl0.0:764d46ed63,OP,ma_offset_reversion,long,market_contra,12,0.0,0.0,"OP|ma_offset_reversion|long|market_contra|12|0.0|0.0|atr_ceiling=0.03,atr_floor=0.0006,bb_width=0.0025,ema20_offset=0.0035,ema50_guard=0.02,macro_limit=0.055,range_mult=0.6,rsi_2=10,slope_guard=0.003,volume_mult=0.7"
2024-01-20 15:53:00+00:00,-0.0022693311682973195,fixed_hold,-0.018154649346378556,1m:ETC:ma_offset_reversion:long:market_chop:h18:tp0.0:sl0.0:8e314e8647,ETC,ma_offset_reversion,long,market_chop,18,0.0,0.0,"ETC|ma_offset_reversion|long|market_chop|18|0.0|0.0|atr_ceiling=0.018,atr_floor=0.0012,bb_width=0.0025,ema20_offset=0.0035,ema50_guard=0.02,macro_limit=0.055,range_mult=0.6,rsi_2=10,slope_guard=0.003,volume_mult=0.7"
2024-01-22 01:23:00+00:00,-0.0007260574653170088,fixed_hold,-0.00580845972253607,1m:OP:ma_offset_reversion:long:market_contra:h12:tp0.0:sl0.0:764d46ed63,OP,ma_offset_reversion,long,market_contra,12,0.0,0.0,"OP|ma_offset_reversion|long|market_contra|12|0.0|0.0|atr_ceiling=0.03,atr_floor=0.0006,bb_width=0.0025,ema20_offset=0.0035,ema50_guard=0.02,macro_limit=0.055,range_mult=0.6,rsi_2=10,slope_guard=0.003,volume_mult=0.7"
2024-01-23 21:20:00+00:00,0.002698479101591531,fixed_hold,0.021587832812732247,1m:OP:ma_offset_reversion:long:market_contra:h12:tp0.0:sl0.0:764d46ed63,OP,ma_offset_reversion,long,market_contra,12,0.0,0.0,"OP|ma_offset_reversion|long|market_contra|12|0.0|0.0|atr_ceiling=0.03,atr_floor=0.0006,bb_width=0.0025,ema20_offset=0.0035,ema50_guard=0.02,macro_limit=0.055,range_mult=0.6,rsi_2=10,slope_guard=0.003,volume_mult=0.7"
2024-01-28 20:11:00+00:00,-0.0016375640601752612,fixed_hold,-0.01310051248140209,1m:OP:ma_offset_reversion:long:market_contra:h12:tp0.0:sl0.0:764d46ed63,OP,ma_offset_reversion,long,market_contra,12,0.0,0.0,"OP|ma_offset_reversion|long|market_contra|12|0.0|0.0|atr_ceiling=0.03,atr_floor=0.0006,bb_width=0.0025,ema20_offset=0.0035,ema50_guard=0.02,macro_limit=0.055,range_mult=0.6,rsi_2=10,slope_guard=0.003,volume_mult=0.7"
2024-01-30 00:45:00+00:00,0.0001907272208172972,fixed_hold,0.0015258177665383775,1m:ETC:vwap_stretch_reversion:long:market_chop:h12:tp0.0:sl0.0:3984b37f3e,ETC,vwap_stretch_reversion,long,market_chop,12,0.0,0.0,"ETC|vwap_stretch_reversion|long|market_chop|12|0.0|0.0|atr_ceiling=0.03,atr_floor=0.0006,bb_width=0.0025,close_pos=0.35,macro_limit=0.055,min_dist=0.002,rsi_2=10,volume_mult=0.7,z_entry=2.4"
2024-02-05 15:03:00+00:00,-0.0013363821138211852,fixed_hold,-0.010691056910569482,1m:OP:ma_offset_reversion:long:market_contra:h12:tp0.0:sl0.0:764d46ed63,OP,ma_offset_reversion,long,market_contra,12,0.0,0.0,"OP|ma_offset_reversion|long|market_contra|12|0.0|0.0|atr_ceiling=0.03,atr_floor=0.0006,bb_width=0.0025,ema20_offset=0.0035,ema50_guard=0.02,macro_limit=0.055,range_mult=0.6,rsi_2=10,slope_guard=0.003,volume_mult=0.7"
2024-02-12 22:10:00+00:00,0.0038820937736785276,fixed_hold,0.03105675018942822,1m:OP:ma_offset_reversion:long:market_contra:h12:tp0.0:sl0.0:764d46ed63,OP,ma_offset_reversion,long,market_contra,12,0.0,0.0,"OP|ma_offset_reversion|long|market_contra|12|0.0|0.0|atr_ceiling=0.03,atr_floor=0.0006,bb_width=0.0025,ema20_offset=0.0035,ema50_guard=0.02,macro_limit=0.055,range_mult=0.6,rsi_2=10,slope_guard=0.003,volume_mult=0.7"
2024-02-15 15:27:00+00:00,-0.005172304688493694,fixed_hold,-0.041378437507949554,1m:OP:ma_offset_reversion:long:market_contra:h12:tp0.0:sl0.0:764d46ed63,OP,ma_offset_reversion,long,market_contra,12,0.0,0.0,"OP|ma_offset_reversion|long|market_contra|12|0.0|0.0|atr_ceiling=0.03,atr_floor=0.0006,bb_width=0.0025,ema20_offset=0.0035,ema50_guard=0.02,macro_limit=0.055,range_mult=0.6,rsi_2=10,slope_guard=0.003,volume_mult=0.7"
2024-02-23 02:31:00+00:00,0.00288075970667899,fixed_hold,0.02304607765343192,1m:OP:ma_offset_reversion:long:market_contra:h12:tp0.0:sl0.0:764d46ed63,OP,ma_offset_reversion,long,market_contra,12,0.0,0.0,"OP|ma_offset_reversion|long|market_contra|12|0.0|0.0|atr_ceiling=0.03,atr_floor=0.0006,bb_width=0.0025,ema20_offset=0.0035,ema50_guard=0.02,macro_limit=0.055,range_mult=0.6,rsi_2=10,slope_guard=0.003,volume_mult=0.7"
2024-02-27 07:04:00+00:00,-0.0003768117740494259,fixed_hold,-0.0030144941923954073,1m:APT:vwap_stretch_reversion:long:market_chop:h12:tp0.0:sl0.0:e2e5fa91a1,APT,vwap_stretch_reversion,long,market_chop,12,0.0,0.0,"APT|vwap_stretch_reversion|long|market_chop|12|0.0|0.0|atr_ceiling=0.018,atr_floor=0.0006,bb_width=0.0025,close_pos=0.35,macro_limit=0.055,min_dist=0.0035,rsi_2=10,volume_mult=0.7,z_entry=2.4"
2024-02-27 13:28:00+00:00,0.0007566318327974919,fixed_hold,0.006053054662379935,1m:APT:vwap_stretch_reversion:long:market_chop:h12:tp0.0:sl0.0:e2e5fa91a1,APT,vwap_stretch_reversion,long,market_chop,12,0.0,0.0,"APT|vwap_stretch_reversion|long|market_chop|12|0.0|0.0|atr_ceiling=0.018,atr_floor=0.0006,bb_width=0.0025,close_pos=0.35,macro_limit=0.055,min_dist=0.0035,rsi_2=10,volume_mult=0.7,z_entry=2.4"
2024-03-01 03:25:00+00:00,-0.0012966417910448276,fixed_hold,-0.01037313432835862,1m:LTC:ma_offset_reversion:long:market_contra:h3:tp0.0:sl0.0:b59bbcfd6a,LTC,ma_offset_reversion,long,market_contra,3,0.0,0.0,"LTC|ma_offset_reversion|long|market_contra|3|0.0|0.0|atr_ceiling=0.018,atr_floor=0.0012,bb_width=0.0025,ema20_offset=0.0035,ema50_guard=0.02,macro_limit=0.055,range_mult=0.6,rsi_2=10,slope_guard=0.003,volume_mult=0.7"
2024-03-02 10:43:00+00:00,-0.004361362277686408,fixed_hold,-0.034890898221491266,1m:XLM:ma_offset_reversion:long:market_aligned:h12:tp0.0:sl0.0:c967453033,XLM,ma_offset_reversion,long,market_aligned,12,0.0,0.0,"XLM|ma_offset_reversion|long|market_aligned|12|0.0|0.0|atr_ceiling=0.018,atr_floor=0.0012,bb_width=0.0025,ema20_offset=0.002,ema50_guard=0.02,macro_limit=0.055,range_mult=0.6,rsi_2=10,slope_guard=0.003,volume_mult=0.7"
2024-03-04 10:03:00+00:00,-0.0013081347688271429,fixed_hold,-0.010465078150617143,1m:LTC:ma_offset_reversion:long:market_chop:h12:tp0.0:sl0.0:6a49d5d264,LTC,ma_offset_reversion,long,market_chop,12,0.0,0.0,"LTC|ma_offset_reversion|long|market_chop|12|0.0|0.0|atr_ceiling=0.03,atr_floor=0.0006,bb_width=0.0025,ema20_offset=0.0035,ema50_guard=0.02,macro_limit=0.055,range_mult=0.6,rsi_2=10,slope_guard=0.003,volume_mult=0.7"
2024-03-04 10:39:00+00:00,-0.001678559114244096,fixed_hold,-0.013428472913952768,1m:OP:ma_offset_reversion:long:market_contra:h12:tp0.0:sl0.0:764d46ed63,OP,ma_offset_reversion,long,market_contra,12,0.0,0.0,"OP|ma_offset_reversion|long|market_contra|12|0.0|0.0|atr_ceiling=0.03,atr_floor=0.0006,bb_width=0.0025,ema20_offset=0.0035,ema50_guard=0.02,macro_limit=0.055,range_mult=0.6,rsi_2=10,slope_guard=0.003,volume_mult=0.7"
2024-03-04 13:21:00+00:00,-0.0041839359798258305,fixed_hold,-0.033471487838606644,1m:APT:vwap_stretch_reversion:long:market_aligned:h12:tp0.0:sl0.0:5bffc84553,APT,vwap_stretch_reversion,long,market_aligned,12,0.0,0.0,"APT|vwap_stretch_reversion|long|market_aligned|12|0.0|0.0|atr_ceiling=0.03,atr_floor=0.0006,bb_width=0.0025,close_pos=0.35,macro_limit=0.055,min_dist=0.0035,rsi_2=10,volume_mult=0.7,z_entry=1.8"
2024-03-05 00:04:00+00:00,0.00810390514589733,fixed_hold,0.06483124116717864,1m:APT:vwap_stretch_reversion:long:market_aligned:h12:tp0.0:sl0.0:5bffc84553,APT,vwap_stretch_reversion,long,market_aligned,12,0.0,0.0,"APT|vwap_stretch_reversion|long|market_aligned|12|0.0|0.0|atr_ceiling=0.03,atr_floor=0.0006,bb_width=0.0025,close_pos=0.35,macro_limit=0.055,min_dist=0.0035,rsi_2=10,volume_mult=0.7,z_entry=1.8"
2024-03-05 04:50:00+00:00,0.00701247454175151,fixed_hold,0.05609979633401208,1m:LTC:ma_offset_reversion:long:market_contra:h3:tp0.0:sl0.0:b59bbcfd6a,LTC,ma_offset_reversion,long,market_contra,3,0.0,0.0,"LTC|ma_offset_reversion|long|market_contra|3|0.0|0.0|atr_ceiling=0.018,atr_floor=0.0012,bb_width=0.0025,ema20_offset=0.0035,ema50_guard=0.02,macro_limit=0.055,range_mult=0.6,rsi_2=10,slope_guard=0.003,volume_mult=0.7"
2024-03-05 13:32:00+00:00,0.0010552204449223311,fixed_hold,0.008441763559378649,1m:XLM:ma_offset_reversion:long:market_aligned:h12:tp0.0:sl0.0:c967453033,XLM,ma_offset_reversion,long,market_aligned,12,0.0,0.0,"XLM|ma_offset_reversion|long|market_aligned|12|0.0|0.0|atr_ceiling=0.018,atr_floor=0.0012,bb_width=0.0025,ema20_offset=0.002,ema50_guard=0.02,macro_limit=0.055,range_mult=0.6,rsi_2=10,slope_guard=0.003,volume_mult=0.7"
2024-03-05 16:05:00+00:00,0.0036628427386754124,fixed_hold,0.0293027419094033,1m:OP:ma_offset_reversion:long:market_contra:h12:tp0.0:sl0.0:764d46ed63,OP,ma_offset_reversion,long,market_contra,12,0.0,0.0,"OP|ma_offset_reversion|long|market_contra|12|0.0|0.0|atr_ceiling=0.03,atr_floor=0.0006,bb_width=0.0025,ema20_offset=0.0035,ema50_guard=0.02,macro_limit=0.055,range_mult=0.6,rsi_2=10,slope_guard=0.003,volume_mult=0.7"
2024-03-06 08:42:00+00:00,-0.00018383151436172863,fixed_hold,-0.001470652114893829,1m:ETC:ma_offset_reversion:long:market_chop:h18:tp0.0:sl0.0:8e314e8647,ETC,ma_offset_reversion,long,market_chop,18,0.0,0.0,"ETC|ma_offset_reversion|long|market_chop|18|0.0|0.0|atr_ceiling=0.018,atr_floor=0.0012,bb_width=0.0025,ema20_offset=0.0035,ema50_guard=0.02,macro_limit=0.055,range_mult=0.6,rsi_2=10,slope_guard=0.003,volume_mult=0.7"
2024-03-07 15:52:00+00:00,-0.000578843881544957,fixed_hold,-0.004630751052359656,1m:APT:vwap_stretch_reversion:long:market_aligned:h12:tp0.0:sl0.0:5bffc84553,APT,vwap_stretch_reversion,long,market_aligned,12,0.0,0.0,"APT|vwap_stretch_reversion|long|market_aligned|12|0.0|0.0|atr_ceiling=0.03,atr_floor=0.0006,bb_width=0.0025,close_pos=0.35,macro_limit=0.055,min_dist=0.0035,rsi_2=10,volume_mult=0.7,z_entry=1.8"
2024-03-08 04:37:00+00:00,0.0007931983208531867,fixed_hold,0.006345586566825494,1m:LTC:ma_offset_reversion:long:market_contra:h3:tp0.0:sl0.0:b59bbcfd6a,LTC,ma_offset_reversion,long,market_contra,3,0.0,0.0,"LTC|ma_offset_reversion|long|market_contra|3|0.0|0.0|atr_ceiling=0.018,atr_floor=0.0012,bb_width=0.0025,ema20_offset=0.0035,ema50_guard=0.02,macro_limit=0.055,range_mult=0.6,rsi_2=10,slope_guard=0.003,volume_mult=0.7"
2024-03-09 14:15:00+00:00,0.0006763861621750944,fixed_hold,0.005411089297400755,1m:DOGE:vwap_stretch_reversion:short:market_chop:h12:tp0.0:sl0.0:ee0491755a,DOGE,vwap_stretch_reversion,short,market_chop,12,0.0,0.0,"DOGE|vwap_stretch_reversion|short|market_chop|12|0.0|0.0|atr_ceiling=0.03,atr_floor=0.0012,bb_width=0.0025,close_pos=0.35,macro_limit=0.055,min_dist=0.002,rsi_2=10,volume_mult=0.7,z_entry=2.4"
2024-03-10 11:21:00+00:00,-0.002843777466490851,fixed_hold,-0.02275021973192681,1m:SOL:vwap_stretch_reversion:long:market_chop:h12:tp0.0:sl0.0:936b55a31d,SOL,vwap_stretch_reversion,long,market_chop,12,0.0,0.0,"SOL|vwap_stretch_reversion|long|market_chop|12|0.0|0.0|atr_ceiling=0.03,atr_floor=0.0012,bb_width=0.0025,close_pos=0.35,macro_limit=0.055,min_dist=0.0035,rsi_2=10,volume_mult=0.7,z_entry=1.8"
2024-03-10 14:41:00+00:00,-0.00012166359871147671,fixed_hold,-0.0009733087896918137,1m:LTC:ma_offset_reversion:long:market_contra:h3:tp0.0:sl0.0:b59bbcfd6a,LTC,ma_offset_reversion,long,market_contra,3,0.0,0.0,"LTC|ma_offset_reversion|long|market_contra|3|0.0|0.0|atr_ceiling=0.018,atr_floor=0.0012,bb_width=0.0025,ema20_offset=0.0035,ema50_guard=0.02,macro_limit=0.055,range_mult=0.6,rsi_2=10,slope_guard=0.003,volume_mult=0.7"
2024-03-10 22:19:00+00:00,-0.0026331322431252797,fixed_hold,-0.021065057945002238,1m:OP:ma_offset_reversion:long:market_contra:h12:tp0.0:sl0.0:764d46ed63,OP,ma_offset_reversion,long,market_contra,12,0.0,0.0,"OP|ma_offset_reversion|long|market_contra|12|0.0|0.0|atr_ceiling=0.03,atr_floor=0.0006,bb_width=0.0025,ema20_offset=0.0035,ema50_guard=0.02,macro_limit=0.055,range_mult=0.6,rsi_2=10,slope_guard=0.003,volume_mult=0.7"
2024-03-12 06:13:00+00:00,-0.002308577264972522,fixed_hold,-0.018468618119780175,1m:OP:ma_offset_reversion:long:market_contra:h12:tp0.0:sl0.0:764d46ed63,OP,ma_offset_reversion,long,market_contra,12,0.0,0.0,"OP|ma_offset_reversion|long|market_contra|12|0.0|0.0|atr_ceiling=0.03,atr_floor=0.0006,bb_width=0.0025,ema20_offset=0.0035,ema50_guard=0.02,macro_limit=0.055,range_mult=0.6,rsi_2=10,slope_guard=0.003,volume_mult=0.7"
2024-03-12 08:08:00+00:00,-0.0070650674782291025,fixed_hold,-0.05652053982583282,1m:OP:ma_offset_reversion:long:market_contra:h12:tp0.0:sl0.0:764d46ed63,OP,ma_offset_reversion,long,market_contra,12,0.0,0.0,"OP|ma_offset_reversion|long|market_contra|12|0.0|0.0|atr_ceiling=0.03,atr_floor=0.0006,bb_width=0.0025,ema20_offset=0.0035,ema50_guard=0.02,macro_limit=0.055,range_mult=0.6,rsi_2=10,slope_guard=0.003,volume_mult=0.7"
2024-03-13 14:32:00+00:00,-0.0017288136762514529,fixed_hold,-0.013830509410011623,1m:ETC:ma_offset_reversion:long:market_chop:h18:tp0.0:sl0.0:8e314e8647,ETC,ma_offset_reversion,long,market_chop,18,0.0,0.0,"ETC|ma_offset_reversion|long|market_chop|18|0.0|0.0|atr_ceiling=0.018,atr_floor=0.0012,bb_width=0.0025,ema20_offset=0.0035,ema50_guard=0.02,macro_limit=0.055,range_mult=0.6,rsi_2=10,slope_guard=0.003,volume_mult=0.7"
2024-03-14 10:57:00+00:00,-0.006342886482449613,fixed_hold,-0.050743091859596905,1m:OP:ma_offset_reversion:long:market_contra:h12:tp0.0:sl0.0:764d46ed63,OP,ma_offset_reversion,long,market_contra,12,0.0,0.0,"OP|ma_offset_reversion|long|market_contra|12|0.0|0.0|atr_ceiling=0.03,atr_floor=0.0006,bb_width=0.0025,ema20_offset=0.0035,ema50_guard=0.02,macro_limit=0.055,range_mult=0.6,rsi_2=10,slope_guard=0.003,volume_mult=0.7"
2024-03-15 00:12:00+00:00,0.00021448959032908997,fixed_hold,0.0017159167226327198,1m:XTZ:vwap_stretch_reversion:long:market_chop:h8:tp0.0:sl0.0:5162f59369,XTZ,vwap_stretch_reversion,long,market_chop,8,0.0,0.0,"XTZ|vwap_stretch_reversion|long|market_chop|8|0.0|0.0|atr_ceiling=0.03,atr_floor=0.0006,bb_width=0.0025,close_pos=0.35,macro_limit=0.055,min_dist=0.0035,rsi_2=10,volume_mult=0.7,z_entry=1.8"
2024-03-16 09:47:00+00:00,0.0013544663358758956,fixed_hold,0.010835730687007165,1m:OP:ma_offset_reversion:long:market_contra:h12:tp0.0:sl0.0:764d46ed63,OP,ma_offset_reversion,long,market_contra,12,0.0,0.0,"OP|ma_offset_reversion|long|market_contra|12|0.0|0.0|atr_ceiling=0.03,atr_floor=0.0006,bb_width=0.0025,ema20_offset=0.0035,ema50_guard=0.02,macro_limit=0.055,range_mult=0.6,rsi_2=10,slope_guard=0.003,volume_mult=0.7"
2024-03-16 21:21:00+00:00,0.00480261743716147,fixed_hold,0.03842093949729176,1m:OP:ma_offset_reversion:long:market_contra:h12:tp0.0:sl0.0:764d46ed63,OP,ma_offset_reversion,long,market_contra,12,0.0,0.0,"OP|ma_offset_reversion|long|market_contra|12|0.0|0.0|atr_ceiling=0.03,atr_floor=0.0006,bb_width=0.0025,ema20_offset=0.0035,ema50_guard=0.02,macro_limit=0.055,range_mult=0.6,rsi_2=10,slope_guard=0.003,volume_mult=0.7"
2024-03-17 23:26:00+00:00,0.00039839181286548174,fixed_hold,0.003187134502923854,1m:LTC:ma_offset_reversion:long:market_contra:h3:tp0.0:sl0.0:b59bbcfd6a,LTC,ma_offset_reversion,long,market_contra,3,0.0,0.0,"LTC|ma_offset_reversion|long|market_contra|3|0.0|0.0|atr_ceiling=0.018,atr_floor=0.0012,bb_width=0.0025,ema20_offset=0.0035,ema50_guard=0.02,macro_limit=0.055,range_mult=0.6,rsi_2=10,slope_guard=0.003,volume_mult=0.7"
2024-03-18 07:22:00+00:00,0.00307133210122261,fixed_hold,0.02457065680978088,1m:OP:ma_offset_reversion:long:market_contra:h12:tp0.0:sl0.0:764d46ed63,OP,ma_offset_reversion,long,market_contra,12,0.0,0.0,"OP|ma_offset_reversion|long|market_contra|12|0.0|0.0|atr_ceiling=0.03,atr_floor=0.0006,bb_width=0.0025,ema20_offset=0.0035,ema50_guard=0.02,macro_limit=0.055,range_mult=0.6,rsi_2=10,slope_guard=0.003,volume_mult=0.7"
2024-03-18 10:07:00+00:00,0.001146935465014196,fixed_hold,0.009175483720113568,1m:OP:ma_offset_reversion:long:market_contra:h12:tp0.0:sl0.0:764d46ed63,OP,ma_offset_reversion,long,market_contra,12,0.0,0.0,"OP|ma_offset_reversion|long|market_contra|12|0.0|0.0|atr_ceiling=0.03,atr_floor=0.0006,bb_width=0.0025,ema20_offset=0.0035,ema50_guard=0.02,macro_limit=0.055,range_mult=0.6,rsi_2=10,slope_guard=0.003,volume_mult=0.7"
2024-03-19 11:50:00+00:00,-0.004153918052800311,fixed_hold,-0.03323134442240249,1m:DOGE:vwap_stretch_reversion:short:market_chop:h12:tp0.0:sl0.0:ee0491755a,DOGE,vwap_stretch_reversion,short,market_chop,12,0.0,0.0,"DOGE|vwap_stretch_reversion|short|market_chop|12|0.0|0.0|atr_ceiling=0.03,atr_floor=0.0012,bb_width=0.0025,close_pos=0.35,macro_limit=0.055,min_dist=0.002,rsi_2=10,volume_mult=0.7,z_entry=2.4"
2024-03-19 16:13:00+00:00,0.014492216571570307,fixed_hold,0.11593773257256246,1m:APT:vwap_stretch_reversion:long:market_aligned:h12:tp0.0:sl0.0:5666960c57,APT,vwap_stretch_reversion,long,market_aligned,12,0.0,0.0,"APT|vwap_stretch_reversion|long|market_aligned|12|0.0|0.0|atr_ceiling=0.018,atr_floor=0.0006,bb_width=0.0025,close_pos=0.35,macro_limit=0.055,min_dist=0.0035,rsi_2=14,volume_mult=0.7,z_entry=2.4"
2024-03-19 16:13:00+00:00,0.014492216571570307,fixed_hold,0.11593773257256246,1m:APT:vwap_stretch_reversion:long:market_aligned:h12:tp0.0:sl0.0:5bffc84553,APT,vwap_stretch_reversion,long,market_aligned,12,0.0,0.0,"APT|vwap_stretch_reversion|long|market_aligned|12|0.0|0.0|atr_ceiling=0.03,atr_floor=0.0006,bb_width=0.0025,close_pos=0.35,macro_limit=0.055,min_dist=0.0035,rsi_2=10,volume_mult=0.7,z_entry=1.8"
2024-03-19 19:13:00+00:00,-0.0036127914245789867,fixed_hold,-0.028902331396631894,1m:DOGE:vwap_stretch_reversion:short:market_chop:h12:tp0.0:sl0.0:ee0491755a,DOGE,vwap_stretch_reversion,short,market_chop,12,0.0,0.0,"DOGE|vwap_stretch_reversion|short|market_chop|12|0.0|0.0|atr_ceiling=0.03,atr_floor=0.0012,bb_width=0.0025,close_pos=0.35,macro_limit=0.055,min_dist=0.002,rsi_2=10,volume_mult=0.7,z_entry=2.4"
2024-03-20 08:58:00+00:00,0.0025130383282653134,fixed_hold,0.020104306626122507,1m:ETC:ma_offset_reversion:long:market_chop:h18:tp0.0:sl0.0:8e314e8647,ETC,ma_offset_reversion,long,market_chop,18,0.0,0.0,"ETC|ma_offset_reversion|long|market_chop|18|0.0|0.0|atr_ceiling=0.018,atr_floor=0.0012,bb_width=0.0025,ema20_offset=0.0035,ema50_guard=0.02,macro_limit=0.055,range_mult=0.6,rsi_2=10,slope_guard=0.003,volume_mult=0.7"
2024-03-20 12:45:00+00:00,-0.0013825757575756932,fixed_hold,-0.011060606060605545,1m:APT:vwap_stretch_reversion:long:market_aligned:h12:tp0.0:sl0.0:5bffc84553,APT,vwap_stretch_reversion,long,market_aligned,12,0.0,0.0,"APT|vwap_stretch_reversion|long|market_aligned|12|0.0|0.0|atr_ceiling=0.03,atr_floor=0.0006,bb_width=0.0025,close_pos=0.35,macro_limit=0.055,min_dist=0.0035,rsi_2=10,volume_mult=0.7,z_entry=1.8"
2024-03-20 12:45:00+00:00,-0.0013825757575756932,fixed_hold,-0.011060606060605545,1m:APT:vwap_stretch_reversion:long:market_aligned:h12:tp0.0:sl0.0:5666960c57,APT,vwap_stretch_reversion,long,market_aligned,12,0.0,0.0,"APT|vwap_stretch_reversion|long|market_aligned|12|0.0|0.0|atr_ceiling=0.018,atr_floor=0.0006,bb_width=0.0025,close_pos=0.35,macro_limit=0.055,min_dist=0.0035,rsi_2=14,volume_mult=0.7,z_entry=2.4"
2024-03-20 23:21:00+00:00,-0.002311476068101517,fixed_hold,-0.018491808544812135,1m:APT:vwap_stretch_reversion:long:market_aligned:h12:tp0.0:sl0.0:5bffc84553,APT,vwap_stretch_reversion,long,market_aligned,12,0.0,0.0,"APT|vwap_stretch_reversion|long|market_aligned|12|0.0|0.0|atr_ceiling=0.03,atr_floor=0.0006,bb_width=0.0025,close_pos=0.35,macro_limit=0.055,min_dist=0.0035,rsi_2=10,volume_mult=0.7,z_entry=1.8"
2024-03-21 08:05:00+00:00,0.003645434227330866,fixed_hold,0.029163473818646927,1m:DOGE:vwap_stretch_reversion:short:market_chop:h12:tp0.0:sl0.0:ee0491755a,DOGE,vwap_stretch_reversion,short,market_chop,12,0.0,0.0,"DOGE|vwap_stretch_reversion|short|market_chop|12|0.0|0.0|atr_ceiling=0.03,atr_floor=0.0012,bb_width=0.0025,close_pos=0.35,macro_limit=0.055,min_dist=0.002,rsi_2=10,volume_mult=0.7,z_entry=2.4"
2024-03-22 01:52:00+00:00,-0.0012149008966493703,fixed_hold,-0.009719207173194962,1m:LTC:ma_offset_reversion:long:market_contra:h3:tp0.0:sl0.0:b59bbcfd6a,LTC,ma_offset_reversion,long,market_contra,3,0.0,0.0,"LTC|ma_offset_reversion|long|market_contra|3|0.0|0.0|atr_ceiling=0.018,atr_floor=0.0012,bb_width=0.0025,ema20_offset=0.0035,ema50_guard=0.02,macro_limit=0.055,range_mult=0.6,rsi_2=10,slope_guard=0.003,volume_mult=0.7"
2024-03-23 03:20:00+00:00,-0.0026669983366995466,fixed_hold,-0.021335986693596373,1m:OP:ma_offset_reversion:long:market_contra:h12:tp0.0:sl0.0:764d46ed63,OP,ma_offset_reversion,long,market_contra,12,0.0,0.0,"OP|ma_offset_reversion|long|market_contra|12|0.0|0.0|atr_ceiling=0.03,atr_floor=0.0006,bb_width=0.0025,ema20_offset=0.0035,ema50_guard=0.02,macro_limit=0.055,range_mult=0.6,rsi_2=10,slope_guard=0.003,volume_mult=0.7"
2024-03-26 11:10:00+00:00,-0.0010811928972338787,fixed_hold,-0.00864954317787103,1m:OP:ma_offset_reversion:long:market_contra:h12:tp0.0:sl0.0:764d46ed63,OP,ma_offset_reversion,long,market_contra,12,0.0,0.0,"OP|ma_offset_reversion|long|market_contra|12|0.0|0.0|atr_ceiling=0.03,atr_floor=0.0006,bb_width=0.0025,ema20_offset=0.0035,ema50_guard=0.02,macro_limit=0.055,range_mult=0.6,rsi_2=10,slope_guard=0.003,volume_mult=0.7"
2024-03-26 21:44:00+00:00,-0.001096571005119867,fixed_hold,-0.008772568040958936,1m:APT:vwap_stretch_reversion:long:market_aligned:h12:tp0.0:sl0.0:5666960c57,APT,vwap_stretch_reversion,long,market_aligned,12,0.0,0.0,"APT|vwap_stretch_reversion|long|market_aligned|12|0.0|0.0|atr_ceiling=0.018,atr_floor=0.0006,bb_width=0.0025,close_pos=0.35,macro_limit=0.055,min_dist=0.0035,rsi_2=14,volume_mult=0.7,z_entry=2.4"
2024-03-30 00:04:00+00:00,0.005407327460898796,fixed_hold,0.043258619687190365,1m:APT:vwap_stretch_reversion:long:market_aligned:h12:tp0.0:sl0.0:5bffc84553,APT,vwap_stretch_reversion,long,market_aligned,12,0.0,0.0,"APT|vwap_stretch_reversion|long|market_aligned|12|0.0|0.0|atr_ceiling=0.03,atr_floor=0.0006,bb_width=0.0025,close_pos=0.35,macro_limit=0.055,min_dist=0.0035,rsi_2=10,volume_mult=0.7,z_entry=1.8"
2024-03-30 00:04:00+00:00,0.005407327460898796,fixed_hold,0.043258619687190365,1m:APT:vwap_stretch_reversion:long:market_aligned:h12:tp0.0:sl0.0:5666960c57,APT,vwap_stretch_reversion,long,market_aligned,12,0.0,0.0,"APT|vwap_stretch_reversion|long|market_aligned|12|0.0|0.0|atr_ceiling=0.018,atr_floor=0.0006,bb_width=0.0025,close_pos=0.35,macro_limit=0.055,min_dist=0.0035,rsi_2=14,volume_mult=0.7,z_entry=2.4"
2024-04-01 18:09:00+00:00,0.001127156908466501,fixed_hold,0.009017255267732009,1m:SOL:vwap_stretch_reversion:long:market_chop:h12:tp0.0:sl0.0:936b55a31d,SOL,vwap_stretch_reversion,long,market_chop,12,0.0,0.0,"SOL|vwap_stretch_reversion|long|market_chop|12|0.0|0.0|atr_ceiling=0.03,atr_floor=0.0012,bb_width=0.0025,close_pos=0.35,macro_limit=0.055,min_dist=0.0035,rsi_2=10,volume_mult=0.7,z_entry=1.8"
2024-04-04 05:19:00+00:00,0.005254526603277397,fixed_hold,0.04203621282621917,1m:LTC:ma_offset_reversion:long:market_chop:h12:tp0.0:sl0.0:6a49d5d264,LTC,ma_offset_reversion,long,market_chop,12,0.0,0.0,"LTC|ma_offset_reversion|long|market_chop|12|0.0|0.0|atr_ceiling=0.03,atr_floor=0.0006,bb_width=0.0025,ema20_offset=0.0035,ema50_guard=0.02,macro_limit=0.055,range_mult=0.6,rsi_2=10,slope_guard=0.003,volume_mult=0.7"
2024-04-10 06:51:00+00:00,-0.005499086108854619,fixed_hold,-0.04399268887083695,1m:APT:vwap_stretch_reversion:long:market_aligned:h12:tp0.0:sl0.0:5666960c57,APT,vwap_stretch_reversion,long,market_aligned,12,0.0,0.0,"APT|vwap_stretch_reversion|long|market_aligned|12|0.0|0.0|atr_ceiling=0.018,atr_floor=0.0006,bb_width=0.0025,close_pos=0.35,macro_limit=0.055,min_dist=0.0035,rsi_2=14,volume_mult=0.7,z_entry=2.4"
2024-04-10 06:51:00+00:00,-0.005499086108854619,fixed_hold,-0.04399268887083695,1m:APT:vwap_stretch_reversion:long:market_aligned:h12:tp0.0:sl0.0:5bffc84553,APT,vwap_stretch_reversion,long,market_aligned,12,0.0,0.0,"APT|vwap_stretch_reversion|long|market_aligned|12|0.0|0.0|atr_ceiling=0.03,atr_floor=0.0006,bb_width=0.0025,close_pos=0.35,macro_limit=0.055,min_dist=0.0035,rsi_2=10,volume_mult=0.7,z_entry=1.8"
2024-04-14 03:08:00+00:00,-0.0038245150208811303,fixed_hold,-0.030596120167049042,1m:LTC:ma_offset_reversion:long:market_contra:h3:tp0.0:sl0.0:b59bbcfd6a,LTC,ma_offset_reversion,long,market_contra,3,0.0,0.0,"LTC|ma_offset_reversion|long|market_contra|3|0.0|0.0|atr_ceiling=0.018,atr_floor=0.0012,bb_width=0.0025,ema20_offset=0.0035,ema50_guard=0.02,macro_limit=0.055,range_mult=0.6,rsi_2=10,slope_guard=0.003,volume_mult=0.7"
2024-04-15 13:37:00+00:00,0.005039183736809464,fixed_hold,0.04031346989447571,1m:LTC:ma_offset_reversion:long:market_chop:h12:tp0.0:sl0.0:6a49d5d264,LTC,ma_offset_reversion,long,market_chop,12,0.0,0.0,"LTC|ma_offset_reversion|long|market_chop|12|0.0|0.0|atr_ceiling=0.03,atr_floor=0.0006,bb_width=0.0025,ema20_offset=0.0035,ema50_guard=0.02,macro_limit=0.055,range_mult=0.6,rsi_2=10,slope_guard=0.003,volume_mult=0.7"
2024-04-15 16:18:00+00:00,-0.002608871659589076,fixed_hold,-0.02087097327671261,1m:OP:ma_offset_reversion:long:market_contra:h12:tp0.0:sl0.0:764d46ed63,OP,ma_offset_reversion,long,market_contra,12,0.0,0.0,"OP|ma_offset_reversion|long|market_contra|12|0.0|0.0|atr_ceiling=0.03,atr_floor=0.0006,bb_width=0.0025,ema20_offset=0.0035,ema50_guard=0.02,macro_limit=0.055,range_mult=0.6,rsi_2=10,slope_guard=0.003,volume_mult=0.7"
2024-04-16 00:20:00+00:00,-0.0018516355140187064,fixed_hold,-0.014813084112149651,1m:XLM:ma_offset_reversion:long:market_aligned:h12:tp0.0:sl0.0:c967453033,XLM,ma_offset_reversion,long,market_aligned,12,0.0,0.0,"XLM|ma_offset_reversion|long|market_aligned|12|0.0|0.0|atr_ceiling=0.018,atr_floor=0.0012,bb_width=0.0025,ema20_offset=0.002,ema50_guard=0.02,macro_limit=0.055,range_mult=0.6,rsi_2=10,slope_guard=0.003,volume_mult=0.7"
2024-04-16 04:12:00+00:00,0.004510646276248768,fixed_hold,0.03608517020999014,1m:LTC:ma_offset_reversion:long:market_contra:h3:tp0.0:sl0.0:b59bbcfd6a,LTC,ma_offset_reversion,long,market_contra,3,0.0,0.0,"LTC|ma_offset_reversion|long|market_contra|3|0.0|0.0|atr_ceiling=0.018,atr_floor=0.0012,bb_width=0.0025,ema20_offset=0.0035,ema50_guard=0.02,macro_limit=0.055,range_mult=0.6,rsi_2=10,slope_guard=0.003,volume_mult=0.7"
2024-04-16 12:07:00+00:00,-0.0008581002331001919,fixed_hold,-0.006864801864801535,1m:XLM:ma_offset_reversion:long:market_aligned:h12:tp0.0:sl0.0:c967453033,XLM,ma_offset_reversion,long,market_aligned,12,0.0,0.0,"XLM|ma_offset_reversion|long|market_aligned|12|0.0|0.0|atr_ceiling=0.018,atr_floor=0.0012,bb_width=0.0025,ema20_offset=0.002,ema50_guard=0.02,macro_limit=0.055,range_mult=0.6,rsi_2=10,slope_guard=0.003,volume_mult=0.7"
2024-04-16 15:32:00+00:00,0.0009037075180225873,fixed_hold,0.007229660144180698,1m:LTC:ma_offset_reversion:long:market_contra:h3:tp0.0:sl0.0:b59bbcfd6a,LTC,ma_offset_reversion,long,market_contra,3,0.0,0.0,"LTC|ma_offset_reversion|long|market_contra|3|0.0|0.0|atr_ceiling=0.018,atr_floor=0.0012,bb_width=0.0025,ema20_offset=0.0035,ema50_guard=0.02,macro_limit=0.055,range_mult=0.6,rsi_2=10,slope_guard=0.003,volume_mult=0.7"
2024-04-16 19:36:00+00:00,0.0009518717894322492,fixed_hold,0.007614974315457994,1m:SOL:vwap_stretch_reversion:long:market_chop:h12:tp0.0:sl0.0:936b55a31d,SOL,vwap_stretch_reversion,long,market_chop,12,0.0,0.0,"SOL|vwap_stretch_reversion|long|market_chop|12|0.0|0.0|atr_ceiling=0.03,atr_floor=0.0012,bb_width=0.0025,close_pos=0.35,macro_limit=0.055,min_dist=0.0035,rsi_2=10,volume_mult=0.7,z_entry=1.8"
2024-04-17 08:28:00+00:00,9.32990678074319e-05,fixed_hold,0.0007463925424594552,1m:DOGE:vwap_stretch_reversion:short:market_chop:h12:tp0.0:sl0.0:ee0491755a,DOGE,vwap_stretch_reversion,short,market_chop,12,0.0,0.0,"DOGE|vwap_stretch_reversion|short|market_chop|12|0.0|0.0|atr_ceiling=0.03,atr_floor=0.0012,bb_width=0.0025,close_pos=0.35,macro_limit=0.055,min_dist=0.002,rsi_2=10,volume_mult=0.7,z_entry=2.4"
2024-04-24 05:32:00+00:00,0.0005752560546249541,fixed_hold,0.004602048436999633,1m:ETC:vwap_stretch_reversion:long:market_chop:h12:tp0.0:sl0.0:3984b37f3e,ETC,vwap_stretch_reversion,long,market_chop,12,0.0,0.0,"ETC|vwap_stretch_reversion|long|market_chop|12|0.0|0.0|atr_ceiling=0.03,atr_floor=0.0006,bb_width=0.0025,close_pos=0.35,macro_limit=0.055,min_dist=0.002,rsi_2=10,volume_mult=0.7,z_entry=2.4"
2024-04-25 08:34:00+00:00,0.0007394633110976301,fixed_hold,0.0059157064887810406,1m:LTC:ma_offset_reversion:long:market_contra:h3:tp0.0:sl0.0:b59bbcfd6a,LTC,ma_offset_reversion,long,market_contra,3,0.0,0.0,"LTC|ma_offset_reversion|long|market_contra|3|0.0|0.0|atr_ceiling=0.018,atr_floor=0.0012,bb_width=0.0025,ema20_offset=0.0035,ema50_guard=0.02,macro_limit=0.055,range_mult=0.6,rsi_2=10,slope_guard=0.003,volume_mult=0.7"
2024-04-27 05:47:00+00:00,0.0008517101710171093,fixed_hold,0.0068136813681368745,1m:ETC:vwap_stretch_reversion:long:market_chop:h12:tp0.0:sl0.0:3984b37f3e,ETC,vwap_stretch_reversion,long,market_chop,12,0.0,0.0,"ETC|vwap_stretch_reversion|long|market_chop|12|0.0|0.0|atr_ceiling=0.03,atr_floor=0.0006,bb_width=0.0025,close_pos=0.35,macro_limit=0.055,min_dist=0.002,rsi_2=10,volume_mult=0.7,z_entry=2.4"
2024-04-29 13:24:00+00:00,-0.002662858889593347,fixed_hold,-0.021302871116746776,1m:XLM:ma_offset_reversion:long:market_aligned:h12:tp0.0:sl0.0:c967453033,XLM,ma_offset_reversion,long,market_aligned,12,0.0,0.0,"XLM|ma_offset_reversion|long|market_aligned|12|0.0|0.0|atr_ceiling=0.018,atr_floor=0.0012,bb_width=0.0025,ema20_offset=0.002,ema50_guard=0.02,macro_limit=0.055,range_mult=0.6,rsi_2=10,slope_guard=0.003,volume_mult=0.7"
2024-04-30 04:26:00+00:00,0.0013587333862328387,fixed_hold,0.01086986708986271,1m:OP:ma_offset_reversion:long:market_contra:h12:tp0.0:sl0.0:764d46ed63,OP,ma_offset_reversion,long,market_contra,12,0.0,0.0,"OP|ma_offset_reversion|long|market_contra|12|0.0|0.0|atr_ceiling=0.03,atr_floor=0.0006,bb_width=0.0025,ema20_offset=0.0035,ema50_guard=0.02,macro_limit=0.055,range_mult=0.6,rsi_2=10,slope_guard=0.003,volume_mult=0.7"
2024-04-30 07:34:00+00:00,-0.004371580302542643,fixed_hold,-0.03497264242034114,1m:OP:ma_offset_reversion:long:market_contra:h12:tp0.0:sl0.0:764d46ed63,OP,ma_offset_reversion,long,market_contra,12,0.0,0.0,"OP|ma_offset_reversion|long|market_contra|12|0.0|0.0|atr_ceiling=0.03,atr_floor=0.0006,bb_width=0.0025,ema20_offset=0.0035,ema50_guard=0.02,macro_limit=0.055,range_mult=0.6,rsi_2=10,slope_guard=0.003,volume_mult=0.7"
2024-05-01 01:10:00+00:00,0.0033167128625372776,fixed_hold,0.02653370290029822,1m:OP:ma_offset_reversion:long:market_contra:h12:tp0.0:sl0.0:764d46ed63,OP,ma_offset_reversion,long,market_contra,12,0.0,0.0,"OP|ma_offset_reversion|long|market_contra|12|0.0|0.0|atr_ceiling=0.03,atr_floor=0.0006,bb_width=0.0025,ema20_offset=0.0035,ema50_guard=0.02,macro_limit=0.055,range_mult=0.6,rsi_2=10,slope_guard=0.003,volume_mult=0.7"
2024-05-01 13:22:00+00:00,0.002067307692307716,fixed_hold,0.016538461538461727,1m:OP:ma_offset_reversion:long:market_contra:h12:tp0.0:sl0.0:764d46ed63,OP,ma_offset_reversion,long,market_contra,12,0.0,0.0,"OP|ma_offset_reversion|long|market_contra|12|0.0|0.0|atr_ceiling=0.03,atr_floor=0.0006,bb_width=0.0025,ema20_offset=0.0035,ema50_guard=0.02,macro_limit=0.055,range_mult=0.6,rsi_2=10,slope_guard=0.003,volume_mult=0.7"
2024-05-06 09:28:00+00:00,0.0005294144809752521,fixed_hold,0.004235315847802017,1m:XRP:ma_offset_reversion:long:market_aligned:h18:tp0.0:sl0.0:28df47896b,XRP,ma_offset_reversion,long,market_aligned,18,0.0,0.0,"XRP|ma_offset_reversion|long|market_aligned|18|0.0|0.0|atr_ceiling=0.03,atr_floor=0.0012,bb_width=0.0025,ema20_offset=0.002,ema50_guard=0.02,macro_limit=0.055,range_mult=0.6,rsi_2=14,slope_guard=0.003,volume_mult=0.7"
2024-05-07 21:49:00+00:00,0.0022239762367359116,fixed_hold,0.017791809893887293,1m:OP:ma_offset_reversion:long:market_contra:h12:tp0.0:sl0.0:764d46ed63,OP,ma_offset_reversion,long,market_contra,12,0.0,0.0,"OP|ma_offset_reversion|long|market_contra|12|0.0|0.0|atr_ceiling=0.03,atr_floor=0.0006,bb_width=0.0025,ema20_offset=0.0035,ema50_guard=0.02,macro_limit=0.055,range_mult=0.6,rsi_2=10,slope_guard=0.003,volume_mult=0.7"
2024-05-09 00:26:00+00:00,0.0017494098554145941,fixed_hold,0.013995278843316753,1m:ETC:vwap_stretch_reversion:long:market_chop:h12:tp0.0:sl0.0:3984b37f3e,ETC,vwap_stretch_reversion,long,market_chop,12,0.0,0.0,"ETC|vwap_stretch_reversion|long|market_chop|12|0.0|0.0|atr_ceiling=0.03,atr_floor=0.0006,bb_width=0.0025,close_pos=0.35,macro_limit=0.055,min_dist=0.002,rsi_2=10,volume_mult=0.7,z_entry=2.4"
2024-05-10 19:50:00+00:00,0.002167268820572957,fixed_hold,0.017338150564583658,1m:SOL:vwap_stretch_reversion:long:market_chop:h12:tp0.0:sl0.0:936b55a31d,SOL,vwap_stretch_reversion,long,market_chop,12,0.0,0.0,"SOL|vwap_stretch_reversion|long|market_chop|12|0.0|0.0|atr_ceiling=0.03,atr_floor=0.0012,bb_width=0.0025,close_pos=0.35,macro_limit=0.055,min_dist=0.0035,rsi_2=10,volume_mult=0.7,z_entry=1.8"
2024-05-20 17:38:00+00:00,0.0015270357814774903,fixed_hold,0.012216286251819922,1m:ETC:ma_offset_reversion:long:market_chop:h18:tp0.0:sl0.0:8e314e8647,ETC,ma_offset_reversion,long,market_chop,18,0.0,0.0,"ETC|ma_offset_reversion|long|market_chop|18|0.0|0.0|atr_ceiling=0.018,atr_floor=0.0012,bb_width=0.0025,ema20_offset=0.0035,ema50_guard=0.02,macro_limit=0.055,range_mult=0.6,rsi_2=10,slope_guard=0.003,volume_mult=0.7"
2024-05-21 13:52:00+00:00,-0.0005543944871214812,fixed_hold,-0.00443515589697185,1m:LTC:ma_offset_reversion:long:market_contra:h3:tp0.0:sl0.0:b59bbcfd6a,LTC,ma_offset_reversion,long,market_contra,3,0.0,0.0,"LTC|ma_offset_reversion|long|market_contra|3|0.0|0.0|atr_ceiling=0.018,atr_floor=0.0012,bb_width=0.0025,ema20_offset=0.0035,ema50_guard=0.02,macro_limit=0.055,range_mult=0.6,rsi_2=10,slope_guard=0.003,volume_mult=0.7"
2024-05-22 08:29:00+00:00,-0.0002742048643591255,fixed_hold,-0.002193638914873004,1m:XRP:ma_offset_reversion:long:market_aligned:h18:tp0.0:sl0.0:28df47896b,XRP,ma_offset_reversion,long,market_aligned,18,0.0,0.0,"XRP|ma_offset_reversion|long|market_aligned|18|0.0|0.0|atr_ceiling=0.03,atr_floor=0.0012,bb_width=0.0025,ema20_offset=0.002,ema50_guard=0.02,macro_limit=0.055,range_mult=0.6,rsi_2=14,slope_guard=0.003,volume_mult=0.7"
2024-05-29 15:33:00+00:00,0.0016349936422157406,fixed_hold,0.013079949137725925,1m:OP:ma_offset_reversion:long:market_contra:h12:tp0.0:sl0.0:764d46ed63,OP,ma_offset_reversion,long,market_contra,12,0.0,0.0,"OP|ma_offset_reversion|long|market_contra|12|0.0|0.0|atr_ceiling=0.03,atr_floor=0.0006,bb_width=0.0025,ema20_offset=0.0035,ema50_guard=0.02,macro_limit=0.055,range_mult=0.6,rsi_2=10,slope_guard=0.003,volume_mult=0.7"
2024-05-30 01:06:00+00:00,0.004671610169491512,fixed_hold,0.03737288135593209,1m:OP:ma_offset_reversion:long:market_contra:h12:tp0.0:sl0.0:764d46ed63,OP,ma_offset_reversion,long,market_contra,12,0.0,0.0,"OP|ma_offset_reversion|long|market_contra|12|0.0|0.0|atr_ceiling=0.03,atr_floor=0.0006,bb_width=0.0025,ema20_offset=0.0035,ema50_guard=0.02,macro_limit=0.055,range_mult=0.6,rsi_2=10,slope_guard=0.003,volume_mult=0.7"
2024-05-30 06:07:00+00:00,-0.0008008157852435605,fixed_hold,-0.006406526281948484,1m:OP:ma_offset_reversion:long:market_contra:h12:tp0.0:sl0.0:764d46ed63,OP,ma_offset_reversion,long,market_contra,12,0.0,0.0,"OP|ma_offset_reversion|long|market_contra|12|0.0|0.0|atr_ceiling=0.03,atr_floor=0.0006,bb_width=0.0025,ema20_offset=0.0035,ema50_guard=0.02,macro_limit=0.055,range_mult=0.6,rsi_2=10,slope_guard=0.003,volume_mult=0.7"
2024-06-04 09:18:00+00:00,0.0010386167027117564,fixed_hold,0.008308933621694051,1m:OP:ma_offset_reversion:long:market_contra:h12:tp0.0:sl0.0:764d46ed63,OP,ma_offset_reversion,long,market_contra,12,0.0,0.0,"OP|ma_offset_reversion|long|market_contra|12|0.0|0.0|atr_ceiling=0.03,atr_floor=0.0006,bb_width=0.0025,ema20_offset=0.0035,ema50_guard=0.02,macro_limit=0.055,range_mult=0.6,rsi_2=10,slope_guard=0.003,volume_mult=0.7"
2024-06-07 15:00:00+00:00,0.0011961407315560367,fixed_hold,0.009569125852448294,1m:DOGE:vwap_stretch_reversion:short:market_chop:h12:tp0.0:sl0.0:ee0491755a,DOGE,vwap_stretch_reversion,short,market_chop,12,0.0,0.0,"DOGE|vwap_stretch_reversion|short|market_chop|12|0.0|0.0|atr_ceiling=0.03,atr_floor=0.0012,bb_width=0.0025,close_pos=0.35,macro_limit=0.055,min_dist=0.002,rsi_2=10,volume_mult=0.7,z_entry=2.4"
2024-06-10 18:35:00+00:00,0.0026641752109609483,fixed_hold,0.021313401687687587,1m:OP:ma_offset_reversion:long:market_contra:h12:tp0.0:sl0.0:764d46ed63,OP,ma_offset_reversion,long,market_contra,12,0.0,0.0,"OP|ma_offset_reversion|long|market_contra|12|0.0|0.0|atr_ceiling=0.03,atr_floor=0.0006,bb_width=0.0025,ema20_offset=0.0035,ema50_guard=0.02,macro_limit=0.055,range_mult=0.6,rsi_2=10,slope_guard=0.003,volume_mult=0.7"
2024-06-17 14:43:00+00:00,0.005870098039215608,fixed_hold,0.046960784313724864,1m:XRP:ma_offset_reversion:long:market_aligned:h18:tp0.0:sl0.0:28df47896b,XRP,ma_offset_reversion,long,market_aligned,18,0.0,0.0,"XRP|ma_offset_reversion|long|market_aligned|18|0.0|0.0|atr_ceiling=0.03,atr_floor=0.0012,bb_width=0.0025,ema20_offset=0.002,ema50_guard=0.02,macro_limit=0.055,range_mult=0.6,rsi_2=14,slope_guard=0.003,volume_mult=0.7"
2024-06-17 14:43:00+00:00,0.004644607843137181,fixed_hold,0.03715686274509745,1m:XRP:ma_offset_reversion:long:market_aligned:h12:tp0.0:sl0.0:96ef77ad3d,XRP,ma_offset_reversion,long,market_aligned,12,0.0,0.0,"XRP|ma_offset_reversion|long|market_aligned|12|0.0|0.0|atr_ceiling=0.018,atr_floor=0.0006,bb_width=0.0025,ema20_offset=0.002,ema50_guard=0.02,macro_limit=0.055,range_mult=0.6,rsi_2=10,slope_guard=0.003,volume_mult=0.7"
2024-06-17 23:12:00+00:00,-0.0010652320281749612,fixed_hold,-0.00852185622539969,1m:ETC:vwap_stretch_reversion:long:market_chop:h12:tp0.0:sl0.0:3984b37f3e,ETC,vwap_stretch_reversion,long,market_chop,12,0.0,0.0,"ETC|vwap_stretch_reversion|long|market_chop|12|0.0|0.0|atr_ceiling=0.03,atr_floor=0.0006,bb_width=0.0025,close_pos=0.35,macro_limit=0.055,min_dist=0.002,rsi_2=10,volume_mult=0.7,z_entry=2.4"
2024-06-24 08:12:00+00:00,0.0022357296804870895,fixed_hold,0.017885837443896716,1m:ETC:vwap_stretch_reversion:long:market_chop:h12:tp0.0:sl0.0:3984b37f3e,ETC,vwap_stretch_reversion,long,market_chop,12,0.0,0.0,"ETC|vwap_stretch_reversion|long|market_chop|12|0.0|0.0|atr_ceiling=0.03,atr_floor=0.0006,bb_width=0.0025,close_pos=0.35,macro_limit=0.055,min_dist=0.002,rsi_2=10,volume_mult=0.7,z_entry=2.4"
2024-06-24 20:29:00+00:00,0.004045264500059307,fixed_hold,0.03236211600047446,1m:OP:ma_offset_reversion:long:market_contra:h12:tp0.0:sl0.0:764d46ed63,OP,ma_offset_reversion,long,market_contra,12,0.0,0.0,"OP|ma_offset_reversion|long|market_contra|12|0.0|0.0|atr_ceiling=0.03,atr_floor=0.0006,bb_width=0.0025,ema20_offset=0.0035,ema50_guard=0.02,macro_limit=0.055,range_mult=0.6,rsi_2=10,slope_guard=0.003,volume_mult=0.7"
2024-06-26 15:14:00+00:00,0.0015345162683558932,fixed_hold,0.012276130146847145,1m:OP:ma_offset_reversion:long:market_contra:h12:tp0.0:sl0.0:764d46ed63,OP,ma_offset_reversion,long,market_contra,12,0.0,0.0,"OP|ma_offset_reversion|long|market_contra|12|0.0|0.0|atr_ceiling=0.03,atr_floor=0.0006,bb_width=0.0025,ema20_offset=0.0035,ema50_guard=0.02,macro_limit=0.055,range_mult=0.6,rsi_2=10,slope_guard=0.003,volume_mult=0.7"
2024-07-04 15:22:00+00:00,0.004597514317904381,fixed_hold,0.03678011454323505,1m:ETC:ma_offset_reversion:long:market_chop:h18:tp0.0:sl0.0:8e314e8647,ETC,ma_offset_reversion,long,market_chop,18,0.0,0.0,"ETC|ma_offset_reversion|long|market_chop|18|0.0|0.0|atr_ceiling=0.018,atr_floor=0.0012,bb_width=0.0025,ema20_offset=0.0035,ema50_guard=0.02,macro_limit=0.055,range_mult=0.6,rsi_2=10,slope_guard=0.003,volume_mult=0.7"
2024-07-05 06:18:00+00:00,-0.00557040275360035,fixed_hold,-0.0445632220288028,1m:ETC:ma_offset_reversion:long:market_chop:h18:tp0.0:sl0.0:8e314e8647,ETC,ma_offset_reversion,long,market_chop,18,0.0,0.0,"ETC|ma_offset_reversion|long|market_chop|18|0.0|0.0|atr_ceiling=0.018,atr_floor=0.0012,bb_width=0.0025,ema20_offset=0.0035,ema50_guard=0.02,macro_limit=0.055,range_mult=0.6,rsi_2=10,slope_guard=0.003,volume_mult=0.7"
2024-07-05 07:31:00+00:00,-0.0003036632390745331,fixed_hold,-0.0024293059125962647,1m:LTC:ma_offset_reversion:long:market_chop:h12:tp0.0:sl0.0:6a49d5d264,LTC,ma_offset_reversion,long,market_chop,12,0.0,0.0,"LTC|ma_offset_reversion|long|market_chop|12|0.0|0.0|atr_ceiling=0.03,atr_floor=0.0006,bb_width=0.0025,ema20_offset=0.0035,ema50_guard=0.02,macro_limit=0.055,range_mult=0.6,rsi_2=10,slope_guard=0.003,volume_mult=0.7"
2024-07-08 16:18:00+00:00,-0.001209567420109164,fixed_hold,-0.009676539360873312,1m:LTC:ma_offset_reversion:long:market_contra:h3:tp0.0:sl0.0:b59bbcfd6a,LTC,ma_offset_reversion,long,market_contra,3,0.0,0.0,"LTC|ma_offset_reversion|long|market_contra|3|0.0|0.0|atr_ceiling=0.018,atr_floor=0.0012,bb_width=0.0025,ema20_offset=0.0035,ema50_guard=0.02,macro_limit=0.055,range_mult=0.6,rsi_2=10,slope_guard=0.003,volume_mult=0.7"
2024-07-09 13:42:00+00:00,0.0018237017730261128,fixed_hold,0.014589614184208902,1m:OP:ma_offset_reversion:long:market_contra:h12:tp0.0:sl0.0:764d46ed63,OP,ma_offset_reversion,long,market_contra,12,0.0,0.0,"OP|ma_offset_reversion|long|market_contra|12|0.0|0.0|atr_ceiling=0.03,atr_floor=0.0006,bb_width=0.0025,ema20_offset=0.0035,ema50_guard=0.02,macro_limit=0.055,range_mult=0.6,rsi_2=10,slope_guard=0.003,volume_mult=0.7"
2024-07-12 04:29:00+00:00,-6.274739114790707e-05,fixed_hold,-0.0005019791291832566,1m:OP:ma_offset_reversion:long:market_contra:h12:tp0.0:sl0.0:764d46ed63,OP,ma_offset_reversion,long,market_contra,12,0.0,0.0,"OP|ma_offset_reversion|long|market_contra|12|0.0|0.0|atr_ceiling=0.03,atr_floor=0.0006,bb_width=0.0025,ema20_offset=0.0035,ema50_guard=0.02,macro_limit=0.055,range_mult=0.6,rsi_2=10,slope_guard=0.003,volume_mult=0.7"
2024-07-12 09:33:00+00:00,-0.008230292693012023,fixed_hold,-0.06584234154409618,1m:OP:ma_offset_reversion:long:market_contra:h12:tp0.0:sl0.0:764d46ed63,OP,ma_offset_reversion,long,market_contra,12,0.0,0.0,"OP|ma_offset_reversion|long|market_contra|12|0.0|0.0|atr_ceiling=0.03,atr_floor=0.0006,bb_width=0.0025,ema20_offset=0.0035,ema50_guard=0.02,macro_limit=0.055,range_mult=0.6,rsi_2=10,slope_guard=0.003,volume_mult=0.7"
2024-07-14 12:03:00+00:00,-0.00776921794627551,fixed_hold,-0.06215374357020408,1m:XLM:ma_offset_reversion:long:market_aligned:h12:tp0.0:sl0.0:c967453033,XLM,ma_offset_reversion,long,market_aligned,12,0.0,0.0,"XLM|ma_offset_reversion|long|market_aligned|12|0.0|0.0|atr_ceiling=0.018,atr_floor=0.0012,bb_width=0.0025,ema20_offset=0.002,ema50_guard=0.02,macro_limit=0.055,range_mult=0.6,rsi_2=10,slope_guard=0.003,volume_mult=0.7"
2024-07-16 14:00:00+00:00,0.0009202506899724105,fixed_hold,0.007362005519779284,1m:OP:ma_offset_reversion:long:market_contra:h12:tp0.0:sl0.0:764d46ed63,OP,ma_offset_reversion,long,market_contra,12,0.0,0.0,"OP|ma_offset_reversion|long|market_contra|12|0.0|0.0|atr_ceiling=0.03,atr_floor=0.0006,bb_width=0.0025,ema20_offset=0.0035,ema50_guard=0.02,macro_limit=0.055,range_mult=0.6,rsi_2=10,slope_guard=0.003,volume_mult=0.7"
2024-07-17 20:59:00+00:00,-0.003962510897994805,fixed_hold,-0.03170008718395844,1m:OP:ma_offset_reversion:long:market_contra:h12:tp0.0:sl0.0:764d46ed63,OP,ma_offset_reversion,long,market_contra,12,0.0,0.0,"OP|ma_offset_reversion|long|market_contra|12|0.0|0.0|atr_ceiling=0.03,atr_floor=0.0006,bb_width=0.0025,ema20_offset=0.0035,ema50_guard=0.02,macro_limit=0.055,range_mult=0.6,rsi_2=10,slope_guard=0.003,volume_mult=0.7"
2024-07-22 13:04:00+00:00,8.707682291671291e-05,fixed_hold,0.0006966145833337033,1m:XRP:ma_offset_reversion:long:market_aligned:h18:tp0.0:sl0.0:28df47896b,XRP,ma_offset_reversion,long,market_aligned,18,0.0,0.0,"XRP|ma_offset_reversion|long|market_aligned|18|0.0|0.0|atr_ceiling=0.03,atr_floor=0.0012,bb_width=0.0025,ema20_offset=0.002,ema50_guard=0.02,macro_limit=0.055,range_mult=0.6,rsi_2=14,slope_guard=0.003,volume_mult=0.7"
2024-07-22 20:31:00+00:00,-0.0005234070221066944,fixed_hold,-0.0041872561768535555,1m:XRP:ma_offset_reversion:long:market_aligned:h18:tp0.0:sl0.0:28df47896b,XRP,ma_offset_reversion,long,market_aligned,18,0.0,0.0,"XRP|ma_offset_reversion|long|market_aligned|18|0.0|0.0|atr_ceiling=0.03,atr_floor=0.0012,bb_width=0.0025,ema20_offset=0.002,ema50_guard=0.02,macro_limit=0.055,range_mult=0.6,rsi_2=14,slope_guard=0.003,volume_mult=0.7"
2024-07-23 12:27:00+00:00,-0.001610234617203526,fixed_hold,-0.012881876937628208,1m:OP:ma_offset_reversion:long:market_contra:h12:tp0.0:sl0.0:764d46ed63,OP,ma_offset_reversion,long,market_contra,12,0.0,0.0,"OP|ma_offset_reversion|long|market_contra|12|0.0|0.0|atr_ceiling=0.03,atr_floor=0.0006,bb_width=0.0025,ema20_offset=0.0035,ema50_guard=0.02,macro_limit=0.055,range_mult=0.6,rsi_2=10,slope_guard=0.003,volume_mult=0.7"
2024-07-26 01:14:00+00:00,-0.0023849801225774704,fixed_hold,-0.019079840980619763,1m:XRP:ma_offset_reversion:long:market_aligned:h18:tp0.0:sl0.0:28df47896b,XRP,ma_offset_reversion,long,market_aligned,18,0.0,0.0,"XRP|ma_offset_reversion|long|market_aligned|18|0.0|0.0|atr_ceiling=0.03,atr_floor=0.0012,bb_width=0.0025,ema20_offset=0.002,ema50_guard=0.02,macro_limit=0.055,range_mult=0.6,rsi_2=14,slope_guard=0.003,volume_mult=0.7"
2024-07-30 00:22:00+00:00,0.0005648286646723488,fixed_hold,0.0045186293173787905,1m:LTC:ma_offset_reversion:long:market_contra:h3:tp0.0:sl0.0:b59bbcfd6a,LTC,ma_offset_reversion,long,market_contra,3,0.0,0.0,"LTC|ma_offset_reversion|long|market_contra|3|0.0|0.0|atr_ceiling=0.018,atr_floor=0.0012,bb_width=0.0025,ema20_offset=0.0035,ema50_guard=0.02,macro_limit=0.055,range_mult=0.6,rsi_2=10,slope_guard=0.003,volume_mult=0.7"
2024-08-01 18:10:00+00:00,0.00561100700866353,fixed_hold,0.04488805606930824,1m:ETC:ma_offset_reversion:long:market_chop:h18:tp0.0:sl0.0:8e314e8647,ETC,ma_offset_reversion,long,market_chop,18,0.0,0.0,"ETC|ma_offset_reversion|long|market_chop|18|0.0|0.0|atr_ceiling=0.018,atr_floor=0.0012,bb_width=0.0025,ema20_offset=0.0035,ema50_guard=0.02,macro_limit=0.055,range_mult=0.6,rsi_2=10,slope_guard=0.003,volume_mult=0.7"
2024-08-05 05:11:00+00:00,0.01946892215298472,fixed_hold,0.15575137722387777,1m:OP:ma_offset_reversion:long:market_contra:h12:tp0.0:sl0.0:764d46ed63,OP,ma_offset_reversion,long,market_contra,12,0.0,0.0,"OP|ma_offset_reversion|long|market_contra|12|0.0|0.0|atr_ceiling=0.03,atr_floor=0.0006,bb_width=0.0025,ema20_offset=0.0035,ema50_guard=0.02,macro_limit=0.055,range_mult=0.6,rsi_2=10,slope_guard=0.003,volume_mult=0.7"
2024-08-06 19:53:00+00:00,-0.000869618395303306,fixed_hold,-0.006956947162426448,1m:XRP:ma_offset_reversion:long:market_aligned:h18:tp0.0:sl0.0:28df47896b,XRP,ma_offset_reversion,long,market_aligned,18,0.0,0.0,"XRP|ma_offset_reversion|long|market_aligned|18|0.0|0.0|atr_ceiling=0.03,atr_floor=0.0012,bb_width=0.0025,ema20_offset=0.002,ema50_guard=0.02,macro_limit=0.055,range_mult=0.6,rsi_2=14,slope_guard=0.003,volume_mult=0.7"
2024-08-08 17:03:00+00:00,-0.0029036622596760593,fixed_hold,-0.023229298077408474,1m:SOL:vwap_stretch_reversion:long:market_chop:h12:tp0.0:sl0.0:936b55a31d,SOL,vwap_stretch_reversion,long,market_chop,12,0.0,0.0,"SOL|vwap_stretch_reversion|long|market_chop|12|0.0|0.0|atr_ceiling=0.03,atr_floor=0.0012,bb_width=0.0025,close_pos=0.35,macro_limit=0.055,min_dist=0.0035,rsi_2=10,volume_mult=0.7,z_entry=1.8"
2024-08-08 23:28:00+00:00,-0.000688013560518202,fixed_hold,-0.005504108484145616,1m:ETC:ma_offset_reversion:long:market_chop:h18:tp0.0:sl0.0:8e314e8647,ETC,ma_offset_reversion,long,market_chop,18,0.0,0.0,"ETC|ma_offset_reversion|long|market_chop|18|0.0|0.0|atr_ceiling=0.018,atr_floor=0.0012,bb_width=0.0025,ema20_offset=0.0035,ema50_guard=0.02,macro_limit=0.055,range_mult=0.6,rsi_2=10,slope_guard=0.003,volume_mult=0.7"
2024-08-10 08:38:00+00:00,0.00042613636363632355,fixed_hold,0.0034090909090905884,1m:SOL:vwap_stretch_reversion:long:market_chop:h12:tp0.0:sl0.0:936b55a31d,SOL,vwap_stretch_reversion,long,market_chop,12,0.0,0.0,"SOL|vwap_stretch_reversion|long|market_chop|12|0.0|0.0|atr_ceiling=0.03,atr_floor=0.0012,bb_width=0.0025,close_pos=0.35,macro_limit=0.055,min_dist=0.0035,rsi_2=10,volume_mult=0.7,z_entry=1.8"
2024-08-11 19:10:00+00:00,-0.0020320526595853784,fixed_hold,-0.016256421276683027,1m:SOL:vwap_stretch_reversion:long:market_chop:h12:tp0.0:sl0.0:936b55a31d,SOL,vwap_stretch_reversion,long,market_chop,12,0.0,0.0,"SOL|vwap_stretch_reversion|long|market_chop|12|0.0|0.0|atr_ceiling=0.03,atr_floor=0.0012,bb_width=0.0025,close_pos=0.35,macro_limit=0.055,min_dist=0.0035,rsi_2=10,volume_mult=0.7,z_entry=1.8"
2024-08-12 12:41:00+00:00,-0.0006586231650156782,fixed_hold,-0.005268985320125426,1m:SOL:vwap_stretch_reversion:long:market_chop:h12:tp0.0:sl0.0:936b55a31d,SOL,vwap_stretch_reversion,long,market_chop,12,0.0,0.0,"SOL|vwap_stretch_reversion|long|market_chop|12|0.0|0.0|atr_ceiling=0.03,atr_floor=0.0012,bb_width=0.0025,close_pos=0.35,macro_limit=0.055,min_dist=0.0035,rsi_2=10,volume_mult=0.7,z_entry=1.8"
2024-08-13 02:14:00+00:00,0.0014877278071722543,fixed_hold,0.011901822457378034,1m:OP:ma_offset_reversion:long:market_contra:h12:tp0.0:sl0.0:764d46ed63,OP,ma_offset_reversion,long,market_contra,12,0.0,0.0,"OP|ma_offset_reversion|long|market_contra|12|0.0|0.0|atr_ceiling=0.03,atr_floor=0.0006,bb_width=0.0025,ema20_offset=0.0035,ema50_guard=0.02,macro_limit=0.055,range_mult=0.6,rsi_2=10,slope_guard=0.003,volume_mult=0.7"
2024-08-15 13:33:00+00:00,0.00025590204369270507,fixed_hold,0.0020472163495416406,1m:XRP:ma_offset_reversion:long:market_aligned:h18:tp0.0:sl0.0:28df47896b,XRP,ma_offset_reversion,long,market_aligned,18,0.0,0.0,"XRP|ma_offset_reversion|long|market_aligned|18|0.0|0.0|atr_ceiling=0.03,atr_floor=0.0012,bb_width=0.0025,ema20_offset=0.002,ema50_guard=0.02,macro_limit=0.055,range_mult=0.6,rsi_2=14,slope_guard=0.003,volume_mult=0.7"
2024-08-20 02:41:00+00:00,-0.0022466605804344337,fixed_hold,-0.01797328464347547,1m:DOGE:vwap_stretch_reversion:short:market_chop:h12:tp0.0:sl0.0:ee0491755a,DOGE,vwap_stretch_reversion,short,market_chop,12,0.0,0.0,"DOGE|vwap_stretch_reversion|short|market_chop|12|0.0|0.0|atr_ceiling=0.03,atr_floor=0.0012,bb_width=0.0025,close_pos=0.35,macro_limit=0.055,min_dist=0.002,rsi_2=10,volume_mult=0.7,z_entry=2.4"
2024-08-20 02:48:00+00:00,0.0032207840592251434,fixed_hold,0.025766272473801147,1m:DOGE:vwap_stretch_reversion:short:market_chop:h12:tp0.0:sl0.0:ee0491755a,DOGE,vwap_stretch_reversion,short,market_chop,12,0.0,0.0,"DOGE|vwap_stretch_reversion|short|market_chop|12|0.0|0.0|atr_ceiling=0.03,atr_floor=0.0012,bb_width=0.0025,close_pos=0.35,macro_limit=0.055,min_dist=0.002,rsi_2=10,volume_mult=0.7,z_entry=2.4"
2024-08-23 04:53:00+00:00,0.0007359715242882125,fixed_hold,0.0058877721943057,1m:XRP:ma_offset_reversion:long:market_aligned:h12:tp0.0:sl0.0:96ef77ad3d,XRP,ma_offset_reversion,long,market_aligned,12,0.0,0.0,"XRP|ma_offset_reversion|long|market_aligned|12|0.0|0.0|atr_ceiling=0.018,atr_floor=0.0006,bb_width=0.0025,ema20_offset=0.002,ema50_guard=0.02,macro_limit=0.055,range_mult=0.6,rsi_2=10,slope_guard=0.003,volume_mult=0.7"
2024-08-24 01:05:00+00:00,2.7533636262136994e-05,fixed_hold,0.00022026909009709595,1m:SOL:vwap_stretch_reversion:long:market_chop:h12:tp0.0:sl0.0:936b55a31d,SOL,vwap_stretch_reversion,long,market_chop,12,0.0,0.0,"SOL|vwap_stretch_reversion|long|market_chop|12|0.0|0.0|atr_ceiling=0.03,atr_floor=0.0012,bb_width=0.0025,close_pos=0.35,macro_limit=0.055,min_dist=0.0035,rsi_2=10,volume_mult=0.7,z_entry=1.8"
2024-09-05 10:01:00+00:00,-0.000625,fixed_hold,-0.005,1m:LTC:ma_offset_reversion:long:market_contra:h3:tp0.0:sl0.0:b59bbcfd6a,LTC,ma_offset_reversion,long,market_contra,3,0.0,0.0,"LTC|ma_offset_reversion|long|market_contra|3|0.0|0.0|atr_ceiling=0.018,atr_floor=0.0012,bb_width=0.0025,ema20_offset=0.0035,ema50_guard=0.02,macro_limit=0.055,range_mult=0.6,rsi_2=10,slope_guard=0.003,volume_mult=0.7"
2024-09-16 01:14:00+00:00,0.0017790112645098975,fixed_hold,0.01423209011607918,1m:OP:ma_offset_reversion:long:market_contra:h12:tp0.0:sl0.0:764d46ed63,OP,ma_offset_reversion,long,market_contra,12,0.0,0.0,"OP|ma_offset_reversion|long|market_contra|12|0.0|0.0|atr_ceiling=0.03,atr_floor=0.0006,bb_width=0.0025,ema20_offset=0.0035,ema50_guard=0.02,macro_limit=0.055,range_mult=0.6,rsi_2=10,slope_guard=0.003,volume_mult=0.7"
2024-09-21 04:25:00+00:00,-0.0029065770260403713,fixed_hold,-0.02325261620832297,1m:OP:ma_offset_reversion:long:market_contra:h12:tp0.0:sl0.0:764d46ed63,OP,ma_offset_reversion,long,market_contra,12,0.0,0.0,"OP|ma_offset_reversion|long|market_contra|12|0.0|0.0|atr_ceiling=0.03,atr_floor=0.0006,bb_width=0.0025,ema20_offset=0.0035,ema50_guard=0.02,macro_limit=0.055,range_mult=0.6,rsi_2=10,slope_guard=0.003,volume_mult=0.7"
2024-09-22 07:04:00+00:00,0.00031639722495251153,fixed_hold,0.0025311777996200923,1m:APT:vwap_stretch_reversion:long:market_chop:h12:tp0.0:sl0.0:e2e5fa91a1,APT,vwap_stretch_reversion,long,market_chop,12,0.0,0.0,"APT|vwap_stretch_reversion|long|market_chop|12|0.0|0.0|atr_ceiling=0.018,atr_floor=0.0006,bb_width=0.0025,close_pos=0.35,macro_limit=0.055,min_dist=0.0035,rsi_2=10,volume_mult=0.7,z_entry=2.4"
2024-09-23 00:09:00+00:00,-0.00036364994026281906,fixed_hold,-0.0029091995221025525,1m:OP:ma_offset_reversion:long:market_contra:h12:tp0.0:sl0.0:764d46ed63,OP,ma_offset_reversion,long,market_contra,12,0.0,0.0,"OP|ma_offset_reversion|long|market_contra|12|0.0|0.0|atr_ceiling=0.03,atr_floor=0.0006,bb_width=0.0025,ema20_offset=0.0035,ema50_guard=0.02,macro_limit=0.055,range_mult=0.6,rsi_2=10,slope_guard=0.003,volume_mult=0.7"
2024-09-27 07:07:00+00:00,0.002039998884604336,fixed_hold,0.016319991076834687,1m:SOL:vwap_stretch_reversion:long:market_chop:h12:tp0.0:sl0.0:936b55a31d,SOL,vwap_stretch_reversion,long,market_chop,12,0.0,0.0,"SOL|vwap_stretch_reversion|long|market_chop|12|0.0|0.0|atr_ceiling=0.03,atr_floor=0.0012,bb_width=0.0025,close_pos=0.35,macro_limit=0.055,min_dist=0.0035,rsi_2=10,volume_mult=0.7,z_entry=1.8"
2024-09-29 16:37:00+00:00,0.005170460671734337,fixed_hold,0.0413636853738747,1m:OP:ma_offset_reversion:long:market_contra:h12:tp0.0:sl0.0:764d46ed63,OP,ma_offset_reversion,long,market_contra,12,0.0,0.0,"OP|ma_offset_reversion|long|market_contra|12|0.0|0.0|atr_ceiling=0.03,atr_floor=0.0006,bb_width=0.0025,ema20_offset=0.0035,ema50_guard=0.02,macro_limit=0.055,range_mult=0.6,rsi_2=10,slope_guard=0.003,volume_mult=0.7"
2024-09-30 23:34:00+00:00,-0.0007322593101081321,fixed_hold,-0.0058580744808650565,1m:OP:ma_offset_reversion:long:market_contra:h12:tp0.0:sl0.0:764d46ed63,OP,ma_offset_reversion,long,market_contra,12,0.0,0.0,"OP|ma_offset_reversion|long|market_contra|12|0.0|0.0|atr_ceiling=0.03,atr_floor=0.0006,bb_width=0.0025,ema20_offset=0.0035,ema50_guard=0.02,macro_limit=0.055,range_mult=0.6,rsi_2=10,slope_guard=0.003,volume_mult=0.7"
2024-10-03 01:10:00+00:00,0.008019372868510802,fixed_hold,0.06415498294808641,1m:XRP:ma_offset_reversion:long:market_aligned:h18:tp0.0:sl0.0:28df47896b,XRP,ma_offset_reversion,long,market_aligned,18,0.0,0.0,"XRP|ma_offset_reversion|long|market_aligned|18|0.0|0.0|atr_ceiling=0.03,atr_floor=0.0012,bb_width=0.0025,ema20_offset=0.002,ema50_guard=0.02,macro_limit=0.055,range_mult=0.6,rsi_2=14,slope_guard=0.003,volume_mult=0.7"
2024-10-03 01:10:00+00:00,0.00576946760136414,fixed_hold,0.04615574081091312,1m:XRP:ma_offset_reversion:long:market_aligned:h12:tp0.0:sl0.0:96ef77ad3d,XRP,ma_offset_reversion,long,market_aligned,12,0.0,0.0,"XRP|ma_offset_reversion|long|market_aligned|12|0.0|0.0|atr_ceiling=0.018,atr_floor=0.0006,bb_width=0.0025,ema20_offset=0.002,ema50_guard=0.02,macro_limit=0.055,range_mult=0.6,rsi_2=10,slope_guard=0.003,volume_mult=0.7"
2024-10-03 18:33:00+00:00,0.0001785386310763226,fixed_hold,0.0014283090486105808,1m:APT:vwap_stretch_reversion:long:market_chop:h12:tp0.0:sl0.0:e2e5fa91a1,APT,vwap_stretch_reversion,long,market_chop,12,0.0,0.0,"APT|vwap_stretch_reversion|long|market_chop|12|0.0|0.0|atr_ceiling=0.018,atr_floor=0.0006,bb_width=0.0025,close_pos=0.35,macro_limit=0.055,min_dist=0.0035,rsi_2=10,volume_mult=0.7,z_entry=2.4"
2024-10-05 05:27:00+00:00,-0.0008398147326873351,fixed_hold,-0.006718517861498681,1m:APT:vwap_stretch_reversion:long:market_aligned:h12:tp0.0:sl0.0:5bffc84553,APT,vwap_stretch_reversion,long,market_aligned,12,0.0,0.0,"APT|vwap_stretch_reversion|long|market_aligned|12|0.0|0.0|atr_ceiling=0.03,atr_floor=0.0006,bb_width=0.0025,close_pos=0.35,macro_limit=0.055,min_dist=0.0035,rsi_2=10,volume_mult=0.7,z_entry=1.8"
2024-10-05 05:27:00+00:00,-0.0008398147326873351,fixed_hold,-0.006718517861498681,1m:APT:vwap_stretch_reversion:long:market_aligned:h12:tp0.0:sl0.0:5666960c57,APT,vwap_stretch_reversion,long,market_aligned,12,0.0,0.0,"APT|vwap_stretch_reversion|long|market_aligned|12|0.0|0.0|atr_ceiling=0.018,atr_floor=0.0006,bb_width=0.0025,close_pos=0.35,macro_limit=0.055,min_dist=0.0035,rsi_2=14,volume_mult=0.7,z_entry=2.4"
2024-10-06 10:15:00+00:00,0.0004896460171899963,fixed_hold,0.003917168137519971,1m:APT:vwap_stretch_reversion:long:market_chop:h12:tp0.0:sl0.0:e2e5fa91a1,APT,vwap_stretch_reversion,long,market_chop,12,0.0,0.0,"APT|vwap_stretch_reversion|long|market_chop|12|0.0|0.0|atr_ceiling=0.018,atr_floor=0.0006,bb_width=0.0025,close_pos=0.35,macro_limit=0.055,min_dist=0.0035,rsi_2=10,volume_mult=0.7,z_entry=2.4"
2024-10-16 07:03:00+00:00,-0.005621261789739983,fixed_hold,-0.044970094317919866,1m:OP:ma_offset_reversion:long:market_contra:h12:tp0.0:sl0.0:764d46ed63,OP,ma_offset_reversion,long,market_contra,12,0.0,0.0,"OP|ma_offset_reversion|long|market_contra|12|0.0|0.0|atr_ceiling=0.03,atr_floor=0.0006,bb_width=0.0025,ema20_offset=0.0035,ema50_guard=0.02,macro_limit=0.055,range_mult=0.6,rsi_2=10,slope_guard=0.003,volume_mult=0.7"
2024-10-17 16:35:00+00:00,0.0036297208903095933,fixed_hold,0.029037767122476747,1m:OP:ma_offset_reversion:long:market_contra:h12:tp0.0:sl0.0:764d46ed63,OP,ma_offset_reversion,long,market_contra,12,0.0,0.0,"OP|ma_offset_reversion|long|market_contra|12|0.0|0.0|atr_ceiling=0.03,atr_floor=0.0006,bb_width=0.0025,ema20_offset=0.0035,ema50_guard=0.02,macro_limit=0.055,range_mult=0.6,rsi_2=10,slope_guard=0.003,volume_mult=0.7"
2024-10-20 18:42:00+00:00,0.00045114310311837656,fixed_hold,0.0036091448249470125,1m:APT:vwap_stretch_reversion:long:market_aligned:h12:tp0.0:sl0.0:5bffc84553,APT,vwap_stretch_reversion,long,market_aligned,12,0.0,0.0,"APT|vwap_stretch_reversion|long|market_aligned|12|0.0|0.0|atr_ceiling=0.03,atr_floor=0.0006,bb_width=0.0025,close_pos=0.35,macro_limit=0.055,min_dist=0.0035,rsi_2=10,volume_mult=0.7,z_entry=1.8"
2024-10-22 05:01:00+00:00,0.00588644070540996,fixed_hold,0.04709152564327968,1m:APT:vwap_stretch_reversion:long:market_aligned:h12:tp0.0:sl0.0:5bffc84553,APT,vwap_stretch_reversion,long,market_aligned,12,0.0,0.0,"APT|vwap_stretch_reversion|long|market_aligned|12|0.0|0.0|atr_ceiling=0.03,atr_floor=0.0006,bb_width=0.0025,close_pos=0.35,macro_limit=0.055,min_dist=0.0035,rsi_2=10,volume_mult=0.7,z_entry=1.8"
2024-10-30 15:22:00+00:00,0.0036720092815400317,fixed_hold,0.029376074252320254,1m:OP:ma_offset_reversion:long:market_contra:h12:tp0.0:sl0.0:764d46ed63,OP,ma_offset_reversion,long,market_contra,12,0.0,0.0,"OP|ma_offset_reversion|long|market_contra|12|0.0|0.0|atr_ceiling=0.03,atr_floor=0.0006,bb_width=0.0025,ema20_offset=0.0035,ema50_guard=0.02,macro_limit=0.055,range_mult=0.6,rsi_2=10,slope_guard=0.003,volume_mult=0.7"
2024-11-03 18:31:00+00:00,-0.001471702317290546,fixed_hold,-0.011773618538324367,1m:OP:ma_offset_reversion:long:market_contra:h12:tp0.0:sl0.0:764d46ed63,OP,ma_offset_reversion,long,market_contra,12,0.0,0.0,"OP|ma_offset_reversion|long|market_contra|12|0.0|0.0|atr_ceiling=0.03,atr_floor=0.0006,bb_width=0.0025,ema20_offset=0.0035,ema50_guard=0.02,macro_limit=0.055,range_mult=0.6,rsi_2=10,slope_guard=0.003,volume_mult=0.7"
2024-11-05 19:51:00+00:00,0.0022691369238441593,fixed_hold,0.018153095390753275,1m:OP:ma_offset_reversion:long:market_contra:h12:tp0.0:sl0.0:764d46ed63,OP,ma_offset_reversion,long,market_contra,12,0.0,0.0,"OP|ma_offset_reversion|long|market_contra|12|0.0|0.0|atr_ceiling=0.03,atr_floor=0.0006,bb_width=0.0025,ema20_offset=0.0035,ema50_guard=0.02,macro_limit=0.055,range_mult=0.6,rsi_2=10,slope_guard=0.003,volume_mult=0.7"
2024-11-07 19:43:00+00:00,0.005835355477120872,fixed_hold,0.046682843816966975,1m:OP:ma_offset_reversion:long:market_contra:h12:tp0.0:sl0.0:764d46ed63,OP,ma_offset_reversion,long,market_contra,12,0.0,0.0,"OP|ma_offset_reversion|long|market_contra|12|0.0|0.0|atr_ceiling=0.03,atr_floor=0.0006,bb_width=0.0025,ema20_offset=0.0035,ema50_guard=0.02,macro_limit=0.055,range_mult=0.6,rsi_2=10,slope_guard=0.003,volume_mult=0.7"
2024-11-11 03:22:00+00:00,0.0057928942807625875,fixed_hold,0.0463431542461007,1m:ETC:vwap_stretch_reversion:long:market_chop:h12:tp0.0:sl0.0:3984b37f3e,ETC,vwap_stretch_reversion,long,market_chop,12,0.0,0.0,"ETC|vwap_stretch_reversion|long|market_chop|12|0.0|0.0|atr_ceiling=0.03,atr_floor=0.0006,bb_width=0.0025,close_pos=0.35,macro_limit=0.055,min_dist=0.002,rsi_2=10,volume_mult=0.7,z_entry=2.4"
2024-11-12 12:22:00+00:00,-0.0027984824140511034,fixed_hold,-0.022387859312408828,1m:ETC:ma_offset_reversion:long:market_chop:h18:tp0.0:sl0.0:8e314e8647,ETC,ma_offset_reversion,long,market_chop,18,0.0,0.0,"ETC|ma_offset_reversion|long|market_chop|18|0.0|0.0|atr_ceiling=0.018,atr_floor=0.0012,bb_width=0.0025,ema20_offset=0.0035,ema50_guard=0.02,macro_limit=0.055,range_mult=0.6,rsi_2=10,slope_guard=0.003,volume_mult=0.7"
2024-11-14 18:42:00+00:00,-0.0002681290445375595,fixed_hold,-0.002145032356300476,1m:OP:ma_offset_reversion:long:market_contra:h12:tp0.0:sl0.0:764d46ed63,OP,ma_offset_reversion,long,market_contra,12,0.0,0.0,"OP|ma_offset_reversion|long|market_contra|12|0.0|0.0|atr_ceiling=0.03,atr_floor=0.0006,bb_width=0.0025,ema20_offset=0.0035,ema50_guard=0.02,macro_limit=0.055,range_mult=0.6,rsi_2=10,slope_guard=0.003,volume_mult=0.7"
2024-11-14 20:09:00+00:00,0.005361436101825671,fixed_hold,0.04289148881460537,1m:OP:ma_offset_reversion:long:market_contra:h12:tp0.0:sl0.0:764d46ed63,OP,ma_offset_reversion,long,market_contra,12,0.0,0.0,"OP|ma_offset_reversion|long|market_contra|12|0.0|0.0|atr_ceiling=0.03,atr_floor=0.0006,bb_width=0.0025,ema20_offset=0.0035,ema50_guard=0.02,macro_limit=0.055,range_mult=0.6,rsi_2=10,slope_guard=0.003,volume_mult=0.7"
2024-11-15 22:39:00+00:00,0.008728606113676193,fixed_hold,0.06982884890940955,1m:DOGE:vwap_stretch_reversion:short:market_chop:h12:tp0.0:sl0.0:ee0491755a,DOGE,vwap_stretch_reversion,short,market_chop,12,0.0,0.0,"DOGE|vwap_stretch_reversion|short|market_chop|12|0.0|0.0|atr_ceiling=0.03,atr_floor=0.0012,bb_width=0.0025,close_pos=0.35,macro_limit=0.055,min_dist=0.002,rsi_2=10,volume_mult=0.7,z_entry=2.4"
2024-11-16 13:12:00+00:00,0.007628159781173303,fixed_hold,0.061025278249386423,1m:XRP:ma_offset_reversion:long:market_aligned:h18:tp0.0:sl0.0:28df47896b,XRP,ma_offset_reversion,long,market_aligned,18,0.0,0.0,"XRP|ma_offset_reversion|long|market_aligned|18|0.0|0.0|atr_ceiling=0.03,atr_floor=0.0012,bb_width=0.0025,ema20_offset=0.002,ema50_guard=0.02,macro_limit=0.055,range_mult=0.6,rsi_2=14,slope_guard=0.003,volume_mult=0.7"
2024-11-16 15:04:00+00:00,0.012307194915580147,fixed_hold,0.09845755932464118,1m:ETC:ma_offset_reversion:long:market_chop:h18:tp0.0:sl0.0:8e314e8647,ETC,ma_offset_reversion,long,market_chop,18,0.0,0.0,"ETC|ma_offset_reversion|long|market_chop|18|0.0|0.0|atr_ceiling=0.018,atr_floor=0.0012,bb_width=0.0025,ema20_offset=0.0035,ema50_guard=0.02,macro_limit=0.055,range_mult=0.6,rsi_2=10,slope_guard=0.003,volume_mult=0.7"
2024-11-17 01:15:00+00:00,0.003121253746253758,fixed_hold,0.024970029970030064,1m:XRP:ma_offset_reversion:long:market_aligned:h18:tp0.0:sl0.0:28df47896b,XRP,ma_offset_reversion,long,market_aligned,18,0.0,0.0,"XRP|ma_offset_reversion|long|market_aligned|18|0.0|0.0|atr_ceiling=0.03,atr_floor=0.0012,bb_width=0.0025,ema20_offset=0.002,ema50_guard=0.02,macro_limit=0.055,range_mult=0.6,rsi_2=14,slope_guard=0.003,volume_mult=0.7"
2024-11-17 08:04:00+00:00,0.0026464069814589185,fixed_hold,0.021171255851671348,1m:ETC:ma_offset_reversion:long:market_chop:h18:tp0.0:sl0.0:8e314e8647,ETC,ma_offset_reversion,long,market_chop,18,0.0,0.0,"ETC|ma_offset_reversion|long|market_chop|18|0.0|0.0|atr_ceiling=0.018,atr_floor=0.0012,bb_width=0.0025,ema20_offset=0.0035,ema50_guard=0.02,macro_limit=0.055,range_mult=0.6,rsi_2=10,slope_guard=0.003,volume_mult=0.7"
2024-11-17 21:50:00+00:00,-0.000697379849449869,fixed_hold,-0.005579038795598952,1m:LTC:ma_offset_reversion:long:market_contra:h3:tp0.0:sl0.0:b59bbcfd6a,LTC,ma_offset_reversion,long,market_contra,3,0.0,0.0,"LTC|ma_offset_reversion|long|market_contra|3|0.0|0.0|atr_ceiling=0.018,atr_floor=0.0012,bb_width=0.0025,ema20_offset=0.0035,ema50_guard=0.02,macro_limit=0.055,range_mult=0.6,rsi_2=10,slope_guard=0.003,volume_mult=0.7"
2024-11-18 03:27:00+00:00,0.005827661364331619,fixed_hold,0.04662129091465295,1m:ETC:vwap_stretch_reversion:long:market_chop:h12:tp0.0:sl0.0:3984b37f3e,ETC,vwap_stretch_reversion,long,market_chop,12,0.0,0.0,"ETC|vwap_stretch_reversion|long|market_chop|12|0.0|0.0|atr_ceiling=0.03,atr_floor=0.0006,bb_width=0.0025,close_pos=0.35,macro_limit=0.055,min_dist=0.002,rsi_2=10,volume_mult=0.7,z_entry=2.4"
2024-11-18 13:05:00+00:00,0.0009001160576121303,fixed_hold,0.007200928460897042,1m:OP:ma_offset_reversion:long:market_contra:h12:tp0.0:sl0.0:764d46ed63,OP,ma_offset_reversion,long,market_contra,12,0.0,0.0,"OP|ma_offset_reversion|long|market_contra|12|0.0|0.0|atr_ceiling=0.03,atr_floor=0.0006,bb_width=0.0025,ema20_offset=0.0035,ema50_guard=0.02,macro_limit=0.055,range_mult=0.6,rsi_2=10,slope_guard=0.003,volume_mult=0.7"
2024-11-18 16:47:00+00:00,-0.0012624660018132473,fixed_hold,-0.010099728014505979,1m:ETC:ma_offset_reversion:long:market_chop:h18:tp0.0:sl0.0:8e314e8647,ETC,ma_offset_reversion,long,market_chop,18,0.0,0.0,"ETC|ma_offset_reversion|long|market_chop|18|0.0|0.0|atr_ceiling=0.018,atr_floor=0.0012,bb_width=0.0025,ema20_offset=0.0035,ema50_guard=0.02,macro_limit=0.055,range_mult=0.6,rsi_2=10,slope_guard=0.003,volume_mult=0.7"
2024-11-18 16:47:00+00:00,0.002845648232094253,fixed_hold,0.022765185856754026,1m:ETC:vwap_stretch_reversion:long:market_chop:h12:tp0.0:sl0.0:3984b37f3e,ETC,vwap_stretch_reversion,long,market_chop,12,0.0,0.0,"ETC|vwap_stretch_reversion|long|market_chop|12|0.0|0.0|atr_ceiling=0.03,atr_floor=0.0006,bb_width=0.0025,close_pos=0.35,macro_limit=0.055,min_dist=0.002,rsi_2=10,volume_mult=0.7,z_entry=2.4"
2024-11-18 21:32:00+00:00,-0.0017935363247863208,fixed_hold,-0.014348290598290566,1m:XRP:ma_offset_reversion:long:market_aligned:h18:tp0.0:sl0.0:28df47896b,XRP,ma_offset_reversion,long,market_aligned,18,0.0,0.0,"XRP|ma_offset_reversion|long|market_aligned|18|0.0|0.0|atr_ceiling=0.03,atr_floor=0.0012,bb_width=0.0025,ema20_offset=0.002,ema50_guard=0.02,macro_limit=0.055,range_mult=0.6,rsi_2=14,slope_guard=0.003,volume_mult=0.7"
2024-11-19 00:32:00+00:00,0.003337515989099635,fixed_hold,0.02670012791279708,1m:OP:ma_offset_reversion:long:market_contra:h12:tp0.0:sl0.0:764d46ed63,OP,ma_offset_reversion,long,market_contra,12,0.0,0.0,"OP|ma_offset_reversion|long|market_contra|12|0.0|0.0|atr_ceiling=0.03,atr_floor=0.0006,bb_width=0.0025,ema20_offset=0.0035,ema50_guard=0.02,macro_limit=0.055,range_mult=0.6,rsi_2=10,slope_guard=0.003,volume_mult=0.7"
2024-11-19 08:28:00+00:00,0.001827079363300108,fixed_hold,0.014616634906400864,1m:LTC:ma_offset_reversion:long:market_contra:h3:tp0.0:sl0.0:b59bbcfd6a,LTC,ma_offset_reversion,long,market_contra,3,0.0,0.0,"LTC|ma_offset_reversion|long|market_contra|3|0.0|0.0|atr_ceiling=0.018,atr_floor=0.0012,bb_width=0.0025,ema20_offset=0.0035,ema50_guard=0.02,macro_limit=0.055,range_mult=0.6,rsi_2=10,slope_guard=0.003,volume_mult=0.7"
2024-11-19 18:22:00+00:00,-0.004494616680324192,fixed_hold,-0.035956933442593535,1m:XRP:ma_offset_reversion:long:market_aligned:h18:tp0.0:sl0.0:28df47896b,XRP,ma_offset_reversion,long,market_aligned,18,0.0,0.0,"XRP|ma_offset_reversion|long|market_aligned|18|0.0|0.0|atr_ceiling=0.03,atr_floor=0.0012,bb_width=0.0025,ema20_offset=0.002,ema50_guard=0.02,macro_limit=0.055,range_mult=0.6,rsi_2=14,slope_guard=0.003,volume_mult=0.7"
2024-11-20 00:15:00+00:00,-0.00540994209979606,fixed_hold,-0.04327953679836848,1m:ETC:vwap_stretch_reversion:long:market_chop:h12:tp0.0:sl0.0:3984b37f3e,ETC,vwap_stretch_reversion,long,market_chop,12,0.0,0.0,"ETC|vwap_stretch_reversion|long|market_chop|12|0.0|0.0|atr_ceiling=0.03,atr_floor=0.0006,bb_width=0.0025,close_pos=0.35,macro_limit=0.055,min_dist=0.002,rsi_2=10,volume_mult=0.7,z_entry=2.4"
2024-11-20 15:03:00+00:00,-0.007783161277756106,fixed_hold,-0.062265290222048846,1m:XLM:ma_offset_reversion:long:market_aligned:h12:tp0.0:sl0.0:c967453033,XLM,ma_offset_reversion,long,market_aligned,12,0.0,0.0,"XLM|ma_offset_reversion|long|market_aligned|12|0.0|0.0|atr_ceiling=0.018,atr_floor=0.0012,bb_width=0.0025,ema20_offset=0.002,ema50_guard=0.02,macro_limit=0.055,range_mult=0.6,rsi_2=10,slope_guard=0.003,volume_mult=0.7"
2024-11-20 15:18:00+00:00,0.0006053149606299191,fixed_hold,0.0048425196850393525,1m:XRP:ma_offset_reversion:long:market_aligned:h18:tp0.0:sl0.0:28df47896b,XRP,ma_offset_reversion,long,market_aligned,18,0.0,0.0,"XRP|ma_offset_reversion|long|market_aligned|18|0.0|0.0|atr_ceiling=0.03,atr_floor=0.0012,bb_width=0.0025,ema20_offset=0.002,ema50_guard=0.02,macro_limit=0.055,range_mult=0.6,rsi_2=14,slope_guard=0.003,volume_mult=0.7"
2024-11-21 19:19:00+00:00,-0.0005207812239452903,fixed_hold,-0.004166249791562322,1m:XRP:ma_offset_reversion:long:market_aligned:h12:tp0.0:sl0.0:96ef77ad3d,XRP,ma_offset_reversion,long,market_aligned,12,0.0,0.0,"XRP|ma_offset_reversion|long|market_aligned|12|0.0|0.0|atr_ceiling=0.018,atr_floor=0.0006,bb_width=0.0025,ema20_offset=0.002,ema50_guard=0.02,macro_limit=0.055,range_mult=0.6,rsi_2=10,slope_guard=0.003,volume_mult=0.7"
2024-11-21 19:19:00+00:00,-0.008962502084375532,fixed_hold,-0.07170001667500425,1m:XRP:ma_offset_reversion:long:market_aligned:h18:tp0.0:sl0.0:28df47896b,XRP,ma_offset_reversion,long,market_aligned,18,0.0,0.0,"XRP|ma_offset_reversion|long|market_aligned|18|0.0|0.0|atr_ceiling=0.03,atr_floor=0.0012,bb_width=0.0025,ema20_offset=0.002,ema50_guard=0.02,macro_limit=0.055,range_mult=0.6,rsi_2=14,slope_guard=0.003,volume_mult=0.7"
2024-11-21 20:38:00+00:00,0.0011796198267565593,fixed_hold,0.009436958614052474,1m:XTZ:vwap_stretch_reversion:long:market_chop:h8:tp0.0:sl0.0:5162f59369,XTZ,vwap_stretch_reversion,long,market_chop,8,0.0,0.0,"XTZ|vwap_stretch_reversion|long|market_chop|8|0.0|0.0|atr_ceiling=0.03,atr_floor=0.0006,bb_width=0.0025,close_pos=0.35,macro_limit=0.055,min_dist=0.0035,rsi_2=10,volume_mult=0.7,z_entry=1.8"
2024-11-22 06:12:00+00:00,-0.0025124817340476525,fixed_hold,-0.02009985387238122,1m:OP:ma_offset_reversion:long:market_contra:h12:tp0.0:sl0.0:764d46ed63,OP,ma_offset_reversion,long,market_contra,12,0.0,0.0,"OP|ma_offset_reversion|long|market_contra|12|0.0|0.0|atr_ceiling=0.03,atr_floor=0.0006,bb_width=0.0025,ema20_offset=0.0035,ema50_guard=0.02,macro_limit=0.055,range_mult=0.6,rsi_2=10,slope_guard=0.003,volume_mult=0.7"
2024-11-22 06:33:00+00:00,-0.001181483027267657,fixed_hold,-0.009451864218141256,1m:LTC:ma_offset_reversion:long:market_contra:h3:tp0.0:sl0.0:b59bbcfd6a,LTC,ma_offset_reversion,long,market_contra,3,0.0,0.0,"LTC|ma_offset_reversion|long|market_contra|3|0.0|0.0|atr_ceiling=0.018,atr_floor=0.0012,bb_width=0.0025,ema20_offset=0.0035,ema50_guard=0.02,macro_limit=0.055,range_mult=0.6,rsi_2=10,slope_guard=0.003,volume_mult=0.7"
2024-11-22 18:25:00+00:00,0.0009805682843851836,fixed_hold,0.007844546275081469,1m:XRP:ma_offset_reversion:long:market_aligned:h18:tp0.0:sl0.0:28df47896b,XRP,ma_offset_reversion,long,market_aligned,18,0.0,0.0,"XRP|ma_offset_reversion|long|market_aligned|18|0.0|0.0|atr_ceiling=0.03,atr_floor=0.0012,bb_width=0.0025,ema20_offset=0.002,ema50_guard=0.02,macro_limit=0.055,range_mult=0.6,rsi_2=14,slope_guard=0.003,volume_mult=0.7"
2024-11-22 18:25:00+00:00,0.0013711119211275856,fixed_hold,0.010968895369020685,1m:XRP:ma_offset_reversion:long:market_aligned:h12:tp0.0:sl0.0:96ef77ad3d,XRP,ma_offset_reversion,long,market_aligned,12,0.0,0.0,"XRP|ma_offset_reversion|long|market_aligned|12|0.0|0.0|atr_ceiling=0.018,atr_floor=0.0006,bb_width=0.0025,ema20_offset=0.002,ema50_guard=0.02,macro_limit=0.055,range_mult=0.6,rsi_2=10,slope_guard=0.003,volume_mult=0.7"
2024-11-24 22:32:00+00:00,-0.0015383611691022893,fixed_hold,-0.012306889352818314,1m:XRP:ma_offset_reversion:long:market_aligned:h18:tp0.0:sl0.0:28df47896b,XRP,ma_offset_reversion,long,market_aligned,18,0.0,0.0,"XRP|ma_offset_reversion|long|market_aligned|18|0.0|0.0|atr_ceiling=0.03,atr_floor=0.0012,bb_width=0.0025,ema20_offset=0.002,ema50_guard=0.02,macro_limit=0.055,range_mult=0.6,rsi_2=14,slope_guard=0.003,volume_mult=0.7"
2024-11-25 00:02:00+00:00,0.001456507449605696,fixed_hold,0.011652059596845569,1m:ETC:ma_offset_reversion:long:market_chop:h18:tp0.0:sl0.0:8e314e8647,ETC,ma_offset_reversion,long,market_chop,18,0.0,0.0,"ETC|ma_offset_reversion|long|market_chop|18|0.0|0.0|atr_ceiling=0.018,atr_floor=0.0012,bb_width=0.0025,ema20_offset=0.0035,ema50_guard=0.02,macro_limit=0.055,range_mult=0.6,rsi_2=10,slope_guard=0.003,volume_mult=0.7"
2024-11-25 00:02:00+00:00,0.0015660604732690296,fixed_hold,0.012528483786152237,1m:ETC:vwap_stretch_reversion:long:market_chop:h12:tp0.0:sl0.0:3984b37f3e,ETC,vwap_stretch_reversion,long,market_chop,12,0.0,0.0,"ETC|vwap_stretch_reversion|long|market_chop|12|0.0|0.0|atr_ceiling=0.03,atr_floor=0.0006,bb_width=0.0025,close_pos=0.35,macro_limit=0.055,min_dist=0.002,rsi_2=10,volume_mult=0.7,z_entry=2.4"
2024-11-25 08:13:00+00:00,0.01832018193104766,fixed_hold,0.14656145544838128,1m:XLM:ma_offset_reversion:long:market_aligned:h12:tp0.0:sl0.0:c967453033,XLM,ma_offset_reversion,long,market_aligned,12,0.0,0.0,"XLM|ma_offset_reversion|long|market_aligned|12|0.0|0.0|atr_ceiling=0.018,atr_floor=0.0012,bb_width=0.0025,ema20_offset=0.002,ema50_guard=0.02,macro_limit=0.055,range_mult=0.6,rsi_2=10,slope_guard=0.003,volume_mult=0.7"
2024-11-25 16:43:00+00:00,0.0015369496855346253,fixed_hold,0.012295597484277002,1m:LTC:ma_offset_reversion:long:market_chop:h12:tp0.0:sl0.0:6a49d5d264,LTC,ma_offset_reversion,long,market_chop,12,0.0,0.0,"LTC|ma_offset_reversion|long|market_chop|12|0.0|0.0|atr_ceiling=0.03,atr_floor=0.0006,bb_width=0.0025,ema20_offset=0.0035,ema50_guard=0.02,macro_limit=0.055,range_mult=0.6,rsi_2=10,slope_guard=0.003,volume_mult=0.7"
2024-11-26 05:14:00+00:00,0.004292978127500639,fixed_hold,0.03434382502000511,1m:OP:ma_offset_reversion:long:market_contra:h12:tp0.0:sl0.0:764d46ed63,OP,ma_offset_reversion,long,market_contra,12,0.0,0.0,"OP|ma_offset_reversion|long|market_contra|12|0.0|0.0|atr_ceiling=0.03,atr_floor=0.0006,bb_width=0.0025,ema20_offset=0.0035,ema50_guard=0.02,macro_limit=0.055,range_mult=0.6,rsi_2=10,slope_guard=0.003,volume_mult=0.7"
2024-11-26 07:50:00+00:00,-0.002068161634102977,fixed_hold,-0.016545293072823816,1m:OP:ma_offset_reversion:long:market_contra:h12:tp0.0:sl0.0:764d46ed63,OP,ma_offset_reversion,long,market_contra,12,0.0,0.0,"OP|ma_offset_reversion|long|market_contra|12|0.0|0.0|atr_ceiling=0.03,atr_floor=0.0006,bb_width=0.0025,ema20_offset=0.0035,ema50_guard=0.02,macro_limit=0.055,range_mult=0.6,rsi_2=10,slope_guard=0.003,volume_mult=0.7"
2024-11-26 18:13:00+00:00,-0.005463303330126914,fixed_hold,-0.04370642664101531,1m:OP:ma_offset_reversion:long:market_contra:h12:tp0.0:sl0.0:764d46ed63,OP,ma_offset_reversion,long,market_contra,12,0.0,0.0,"OP|ma_offset_reversion|long|market_contra|12|0.0|0.0|atr_ceiling=0.03,atr_floor=0.0006,bb_width=0.0025,ema20_offset=0.0035,ema50_guard=0.02,macro_limit=0.055,range_mult=0.6,rsi_2=10,slope_guard=0.003,volume_mult=0.7"
2024-11-27 03:02:00+00:00,-0.004422680382598214,fixed_hold,-0.035381443060785715,1m:XLM:ma_offset_reversion:long:market_aligned:h12:tp0.0:sl0.0:c967453033,XLM,ma_offset_reversion,long,market_aligned,12,0.0,0.0,"XLM|ma_offset_reversion|long|market_aligned|12|0.0|0.0|atr_ceiling=0.018,atr_floor=0.0012,bb_width=0.0025,ema20_offset=0.002,ema50_guard=0.02,macro_limit=0.055,range_mult=0.6,rsi_2=10,slope_guard=0.003,volume_mult=0.7"
2024-11-29 03:55:00+00:00,-0.0007054893754024344,fixed_hold,-0.005643915003219475,1m:XRP:ma_offset_reversion:long:market_aligned:h18:tp0.0:sl0.0:28df47896b,XRP,ma_offset_reversion,long,market_aligned,18,0.0,0.0,"XRP|ma_offset_reversion|long|market_aligned|18|0.0|0.0|atr_ceiling=0.03,atr_floor=0.0012,bb_width=0.0025,ema20_offset=0.002,ema50_guard=0.02,macro_limit=0.055,range_mult=0.6,rsi_2=14,slope_guard=0.003,volume_mult=0.7"
2024-11-29 03:55:00+00:00,0.001789681262073448,fixed_hold,0.014317450096587584,1m:XRP:ma_offset_reversion:long:market_aligned:h12:tp0.0:sl0.0:96ef77ad3d,XRP,ma_offset_reversion,long,market_aligned,12,0.0,0.0,"XRP|ma_offset_reversion|long|market_aligned|12|0.0|0.0|atr_ceiling=0.018,atr_floor=0.0006,bb_width=0.0025,ema20_offset=0.002,ema50_guard=0.02,macro_limit=0.055,range_mult=0.6,rsi_2=10,slope_guard=0.003,volume_mult=0.7"
2024-11-29 16:19:00+00:00,4.4776531030397125e-05,fixed_hold,0.000358212248243177,1m:ETC:ma_offset_reversion:long:market_chop:h18:tp0.0:sl0.0:8e314e8647,ETC,ma_offset_reversion,long,market_chop,18,0.0,0.0,"ETC|ma_offset_reversion|long|market_chop|18|0.0|0.0|atr_ceiling=0.018,atr_floor=0.0012,bb_width=0.0025,ema20_offset=0.0035,ema50_guard=0.02,macro_limit=0.055,range_mult=0.6,rsi_2=10,slope_guard=0.003,volume_mult=0.7"
2024-11-30 04:29:00+00:00,0.0006903147736155724,fixed_hold,0.005522518188924579,1m:ETC:vwap_stretch_reversion:long:market_chop:h12:tp0.0:sl0.0:3984b37f3e,ETC,vwap_stretch_reversion,long,market_chop,12,0.0,0.0,"ETC|vwap_stretch_reversion|long|market_chop|12|0.0|0.0|atr_ceiling=0.03,atr_floor=0.0006,bb_width=0.0025,close_pos=0.35,macro_limit=0.055,min_dist=0.002,rsi_2=10,volume_mult=0.7,z_entry=2.4"
2024-11-30 08:25:00+00:00,0.0012224531538663351,fixed_hold,0.009779625230930681,1m:XRP:ma_offset_reversion:long:market_aligned:h18:tp0.0:sl0.0:28df47896b,XRP,ma_offset_reversion,long,market_aligned,18,0.0,0.0,"XRP|ma_offset_reversion|long|market_aligned|18|0.0|0.0|atr_ceiling=0.03,atr_floor=0.0012,bb_width=0.0025,ema20_offset=0.002,ema50_guard=0.02,macro_limit=0.055,range_mult=0.6,rsi_2=14,slope_guard=0.003,volume_mult=0.7"
2024-11-30 08:37:00+00:00,0.0004515116489891424,fixed_hold,0.0036120931919131393,1m:ETC:ma_offset_reversion:long:market_chop:h18:tp0.0:sl0.0:8e314e8647,ETC,ma_offset_reversion,long,market_chop,18,0.0,0.0,"ETC|ma_offset_reversion|long|market_chop|18|0.0|0.0|atr_ceiling=0.018,atr_floor=0.0012,bb_width=0.0025,ema20_offset=0.0035,ema50_guard=0.02,macro_limit=0.055,range_mult=0.6,rsi_2=10,slope_guard=0.003,volume_mult=0.7"
2024-12-01 07:56:00+00:00,0.004843708317771937,fixed_hold,0.038749666542175494,1m:XRP:ma_offset_reversion:long:market_aligned:h18:tp0.0:sl0.0:28df47896b,XRP,ma_offset_reversion,long,market_aligned,18,0.0,0.0,"XRP|ma_offset_reversion|long|market_aligned|18|0.0|0.0|atr_ceiling=0.03,atr_floor=0.0012,bb_width=0.0025,ema20_offset=0.002,ema50_guard=0.02,macro_limit=0.055,range_mult=0.6,rsi_2=14,slope_guard=0.003,volume_mult=0.7"
2024-12-01 18:16:00+00:00,-0.0011167484608272378,fixed_hold,-0.008933987686617902,1m:XLM:ma_offset_reversion:long:market_aligned:h12:tp0.0:sl0.0:c967453033,XLM,ma_offset_reversion,long,market_aligned,12,0.0,0.0,"XLM|ma_offset_reversion|long|market_aligned|12|0.0|0.0|atr_ceiling=0.018,atr_floor=0.0012,bb_width=0.0025,ema20_offset=0.002,ema50_guard=0.02,macro_limit=0.055,range_mult=0.6,rsi_2=10,slope_guard=0.003,volume_mult=0.7"
2024-12-02 14:13:00+00:00,0.0022583313099430046,fixed_hold,0.018066650479544036,1m:ETC:ma_offset_reversion:long:market_chop:h18:tp0.0:sl0.0:8e314e8647,ETC,ma_offset_reversion,long,market_chop,18,0.0,0.0,"ETC|ma_offset_reversion|long|market_chop|18|0.0|0.0|atr_ceiling=0.018,atr_floor=0.0012,bb_width=0.0025,ema20_offset=0.0035,ema50_guard=0.02,macro_limit=0.055,range_mult=0.6,rsi_2=10,slope_guard=0.003,volume_mult=0.7"
2024-12-04 05:16:00+00:00,0.006100651684083706,fixed_hold,0.04880521347266965,1m:XRP:ma_offset_reversion:long:market_aligned:h18:tp0.0:sl0.0:28df47896b,XRP,ma_offset_reversion,long,market_aligned,18,0.0,0.0,"XRP|ma_offset_reversion|long|market_aligned|18|0.0|0.0|atr_ceiling=0.03,atr_floor=0.0012,bb_width=0.0025,ema20_offset=0.002,ema50_guard=0.02,macro_limit=0.055,range_mult=0.6,rsi_2=14,slope_guard=0.003,volume_mult=0.7"
2024-12-04 15:54:00+00:00,-0.001110286124699072,fixed_hold,-0.008882288997592577,1m:LTC:ma_offset_reversion:long:market_contra:h3:tp0.0:sl0.0:b59bbcfd6a,LTC,ma_offset_reversion,long,market_contra,3,0.0,0.0,"LTC|ma_offset_reversion|long|market_contra|3|0.0|0.0|atr_ceiling=0.018,atr_floor=0.0012,bb_width=0.0025,ema20_offset=0.0035,ema50_guard=0.02,macro_limit=0.055,range_mult=0.6,rsi_2=10,slope_guard=0.003,volume_mult=0.7"
2024-12-04 19:58:00+00:00,0.009570886181575547,fixed_hold,0.07656708945260438,1m:XRP:ma_offset_reversion:long:market_aligned:h18:tp0.0:sl0.0:28df47896b,XRP,ma_offset_reversion,long,market_aligned,18,0.0,0.0,"XRP|ma_offset_reversion|long|market_aligned|18|0.0|0.0|atr_ceiling=0.03,atr_floor=0.0012,bb_width=0.0025,ema20_offset=0.002,ema50_guard=0.02,macro_limit=0.055,range_mult=0.6,rsi_2=14,slope_guard=0.003,volume_mult=0.7"
2024-12-08 16:26:00+00:00,0.0009797527997814502,fixed_hold,0.007838022398251602,1m:ETC:ma_offset_reversion:long:market_chop:h18:tp0.0:sl0.0:8e314e8647,ETC,ma_offset_reversion,long,market_chop,18,0.0,0.0,"ETC|ma_offset_reversion|long|market_chop|18|0.0|0.0|atr_ceiling=0.018,atr_floor=0.0012,bb_width=0.0025,ema20_offset=0.0035,ema50_guard=0.02,macro_limit=0.055,range_mult=0.6,rsi_2=10,slope_guard=0.003,volume_mult=0.7"
2024-12-10 00:04:00+00:00,0.002929393689231411,fixed_hold,0.023435149513851287,1m:LTC:ma_offset_reversion:long:market_chop:h12:tp0.0:sl0.0:6a49d5d264,LTC,ma_offset_reversion,long,market_chop,12,0.0,0.0,"LTC|ma_offset_reversion|long|market_chop|12|0.0|0.0|atr_ceiling=0.03,atr_floor=0.0006,bb_width=0.0025,ema20_offset=0.0035,ema50_guard=0.02,macro_limit=0.055,range_mult=0.6,rsi_2=10,slope_guard=0.003,volume_mult=0.7"
2024-12-11 06:02:00+00:00,0.007043059570953151,fixed_hold,0.05634447656762521,1m:XLM:ma_offset_reversion:long:market_aligned:h12:tp0.0:sl0.0:c967453033,XLM,ma_offset_reversion,long,market_aligned,12,0.0,0.0,"XLM|ma_offset_reversion|long|market_aligned|12|0.0|0.0|atr_ceiling=0.018,atr_floor=0.0012,bb_width=0.0025,ema20_offset=0.002,ema50_guard=0.02,macro_limit=0.055,range_mult=0.6,rsi_2=10,slope_guard=0.003,volume_mult=0.7"
2024-12-11 10:16:00+00:00,0.003753096702545714,fixed_hold,0.03002477362036571,1m:XRP:ma_offset_reversion:long:market_aligned:h18:tp0.0:sl0.0:28df47896b,XRP,ma_offset_reversion,long,market_aligned,18,0.0,0.0,"XRP|ma_offset_reversion|long|market_aligned|18|0.0|0.0|atr_ceiling=0.03,atr_floor=0.0012,bb_width=0.0025,ema20_offset=0.002,ema50_guard=0.02,macro_limit=0.055,range_mult=0.6,rsi_2=14,slope_guard=0.003,volume_mult=0.7"
2024-12-11 20:49:00+00:00,0.0016258483967033365,fixed_hold,0.013006787173626692,1m:XLM:ma_offset_reversion:long:market_aligned:h12:tp0.0:sl0.0:c967453033,XLM,ma_offset_reversion,long,market_aligned,12,0.0,0.0,"XLM|ma_offset_reversion|long|market_aligned|12|0.0|0.0|atr_ceiling=0.018,atr_floor=0.0012,bb_width=0.0025,ema20_offset=0.002,ema50_guard=0.02,macro_limit=0.055,range_mult=0.6,rsi_2=10,slope_guard=0.003,volume_mult=0.7"
2024-12-12 15:10:00+00:00,0.0037418437463910413,fixed_hold,0.02993474997112833,1m:ETC:ma_offset_reversion:long:market_chop:h18:tp0.0:sl0.0:8e314e8647,ETC,ma_offset_reversion,long,market_chop,18,0.0,0.0,"ETC|ma_offset_reversion|long|market_chop|18|0.0|0.0|atr_ceiling=0.018,atr_floor=0.0012,bb_width=0.0025,ema20_offset=0.0035,ema50_guard=0.02,macro_limit=0.055,range_mult=0.6,rsi_2=10,slope_guard=0.003,volume_mult=0.7"
2024-12-13 10:21:00+00:00,0.0035492449089118837,fixed_hold,0.02839395927129507,1m:ETC:ma_offset_reversion:long:market_chop:h18:tp0.0:sl0.0:8e314e8647,ETC,ma_offset_reversion,long,market_chop,18,0.0,0.0,"ETC|ma_offset_reversion|long|market_chop|18|0.0|0.0|atr_ceiling=0.018,atr_floor=0.0012,bb_width=0.0025,ema20_offset=0.0035,ema50_guard=0.02,macro_limit=0.055,range_mult=0.6,rsi_2=10,slope_guard=0.003,volume_mult=0.7"
2024-12-13 10:24:00+00:00,-0.001046300977418368,fixed_hold,-0.008370407819346944,1m:LTC:ma_offset_reversion:long:market_contra:h3:tp0.0:sl0.0:b59bbcfd6a,LTC,ma_offset_reversion,long,market_contra,3,0.0,0.0,"LTC|ma_offset_reversion|long|market_contra|3|0.0|0.0|atr_ceiling=0.018,atr_floor=0.0012,bb_width=0.0025,ema20_offset=0.0035,ema50_guard=0.02,macro_limit=0.055,range_mult=0.6,rsi_2=10,slope_guard=0.003,volume_mult=0.7"
2024-12-14 00:17:00+00:00,-0.00180770140539542,fixed_hold,-0.01446161124316336,1m:XLM:ma_offset_reversion:long:market_aligned:h12:tp0.0:sl0.0:c967453033,XLM,ma_offset_reversion,long,market_aligned,12,0.0,0.0,"XLM|ma_offset_reversion|long|market_aligned|12|0.0|0.0|atr_ceiling=0.018,atr_floor=0.0012,bb_width=0.0025,ema20_offset=0.002,ema50_guard=0.02,macro_limit=0.055,range_mult=0.6,rsi_2=10,slope_guard=0.003,volume_mult=0.7"
2024-12-15 12:29:00+00:00,-0.003136391880695921,fixed_hold,-0.025091135045567366,1m:XRP:ma_offset_reversion:long:market_aligned:h18:tp0.0:sl0.0:28df47896b,XRP,ma_offset_reversion,long,market_aligned,18,0.0,0.0,"XRP|ma_offset_reversion|long|market_aligned|18|0.0|0.0|atr_ceiling=0.03,atr_floor=0.0012,bb_width=0.0025,ema20_offset=0.002,ema50_guard=0.02,macro_limit=0.055,range_mult=0.6,rsi_2=14,slope_guard=0.003,volume_mult=0.7"
2024-12-15 15:14:00+00:00,0.0018950848870698954,fixed_hold,0.015160679096559163,1m:ETC:vwap_stretch_reversion:long:market_chop:h12:tp0.0:sl0.0:3984b37f3e,ETC,vwap_stretch_reversion,long,market_chop,12,0.0,0.0,"ETC|vwap_stretch_reversion|long|market_chop|12|0.0|0.0|atr_ceiling=0.03,atr_floor=0.0006,bb_width=0.0025,close_pos=0.35,macro_limit=0.055,min_dist=0.002,rsi_2=10,volume_mult=0.7,z_entry=2.4"
2024-12-16 03:22:00+00:00,0.0012675242832987242,fixed_hold,0.010140194266389794,1m:OP:ma_offset_reversion:long:market_contra:h12:tp0.0:sl0.0:764d46ed63,OP,ma_offset_reversion,long,market_contra,12,0.0,0.0,"OP|ma_offset_reversion|long|market_contra|12|0.0|0.0|atr_ceiling=0.03,atr_floor=0.0006,bb_width=0.0025,ema20_offset=0.0035,ema50_guard=0.02,macro_limit=0.055,range_mult=0.6,rsi_2=10,slope_guard=0.003,volume_mult=0.7"
2024-12-18 12:21:00+00:00,-0.00530172161814571,fixed_hold,-0.04241377294516568,1m:XRP:ma_offset_reversion:long:market_aligned:h18:tp0.0:sl0.0:28df47896b,XRP,ma_offset_reversion,long,market_aligned,18,0.0,0.0,"XRP|ma_offset_reversion|long|market_aligned|18|0.0|0.0|atr_ceiling=0.03,atr_floor=0.0012,bb_width=0.0025,ema20_offset=0.002,ema50_guard=0.02,macro_limit=0.055,range_mult=0.6,rsi_2=14,slope_guard=0.003,volume_mult=0.7"
2024-12-20 16:28:00+00:00,0.011677186434043627,fixed_hold,0.09341749147234901,1m:XLM:ma_offset_reversion:long:market_aligned:h12:tp0.0:sl0.0:c967453033,XLM,ma_offset_reversion,long,market_aligned,12,0.0,0.0,"XLM|ma_offset_reversion|long|market_aligned|12|0.0|0.0|atr_ceiling=0.018,atr_floor=0.0012,bb_width=0.0025,ema20_offset=0.002,ema50_guard=0.02,macro_limit=0.055,range_mult=0.6,rsi_2=10,slope_guard=0.003,volume_mult=0.7"
2024-12-20 18:34:00+00:00,0.0014764099783080163,fixed_hold,0.01181127982646413,1m:OP:ma_offset_reversion:long:market_contra:h12:tp0.0:sl0.0:764d46ed63,OP,ma_offset_reversion,long,market_contra,12,0.0,0.0,"OP|ma_offset_reversion|long|market_contra|12|0.0|0.0|atr_ceiling=0.03,atr_floor=0.0006,bb_width=0.0025,ema20_offset=0.0035,ema50_guard=0.02,macro_limit=0.055,range_mult=0.6,rsi_2=10,slope_guard=0.003,volume_mult=0.7"
2024-12-23 04:44:00+00:00,0.0010745241332426468,fixed_hold,0.008596193065941175,1m:ETC:ma_offset_reversion:long:market_chop:h18:tp0.0:sl0.0:8e314e8647,ETC,ma_offset_reversion,long,market_chop,18,0.0,0.0,"ETC|ma_offset_reversion|long|market_chop|18|0.0|0.0|atr_ceiling=0.018,atr_floor=0.0012,bb_width=0.0025,ema20_offset=0.0035,ema50_guard=0.02,macro_limit=0.055,range_mult=0.6,rsi_2=10,slope_guard=0.003,volume_mult=0.7"
2024-12-23 04:44:00+00:00,0.0026965769639578784,fixed_hold,0.021572615711663027,1m:LTC:ma_offset_reversion:long:market_chop:h12:tp0.0:sl0.0:6a49d5d264,LTC,ma_offset_reversion,long,market_chop,12,0.0,0.0,"LTC|ma_offset_reversion|long|market_chop|12|0.0|0.0|atr_ceiling=0.03,atr_floor=0.0006,bb_width=0.0025,ema20_offset=0.0035,ema50_guard=0.02,macro_limit=0.055,range_mult=0.6,rsi_2=10,slope_guard=0.003,volume_mult=0.7"
2024-12-23 09:23:00+00:00,0.001418782359887336,fixed_hold,0.011350258879098688,1m:XRP:ma_offset_reversion:long:market_aligned:h18:tp0.0:sl0.0:28df47896b,XRP,ma_offset_reversion,long,market_aligned,18,0.0,0.0,"XRP|ma_offset_reversion|long|market_aligned|18|0.0|0.0|atr_ceiling=0.03,atr_floor=0.0012,bb_width=0.0025,ema20_offset=0.002,ema50_guard=0.02,macro_limit=0.055,range_mult=0.6,rsi_2=14,slope_guard=0.003,volume_mult=0.7"
2024-12-23 17:47:00+00:00,0.0001009001161440126,fixed_hold,0.0008072009291521009,1m:OP:ma_offset_reversion:long:market_contra:h12:tp0.0:sl0.0:764d46ed63,OP,ma_offset_reversion,long,market_contra,12,0.0,0.0,"OP|ma_offset_reversion|long|market_contra|12|0.0|0.0|atr_ceiling=0.03,atr_floor=0.0006,bb_width=0.0025,ema20_offset=0.0035,ema50_guard=0.02,macro_limit=0.055,range_mult=0.6,rsi_2=10,slope_guard=0.003,volume_mult=0.7"
2024-12-24 18:09:00+00:00,-0.001254313097080045,fixed_hold,-0.01003450477664036,1m:XLM:ma_offset_reversion:long:market_aligned:h12:tp0.0:sl0.0:c967453033,XLM,ma_offset_reversion,long,market_aligned,12,0.0,0.0,"XLM|ma_offset_reversion|long|market_aligned|12|0.0|0.0|atr_ceiling=0.018,atr_floor=0.0012,bb_width=0.0025,ema20_offset=0.002,ema50_guard=0.02,macro_limit=0.055,range_mult=0.6,rsi_2=10,slope_guard=0.003,volume_mult=0.7"
2024-12-25 13:22:00+00:00,-0.002170016913869282,fixed_hold,-0.017360135310954258,1m:XLM:ma_offset_reversion:long:market_aligned:h12:tp0.0:sl0.0:c967453033,XLM,ma_offset_reversion,long,market_aligned,12,0.0,0.0,"XLM|ma_offset_reversion|long|market_aligned|12|0.0|0.0|atr_ceiling=0.018,atr_floor=0.0012,bb_width=0.0025,ema20_offset=0.002,ema50_guard=0.02,macro_limit=0.055,range_mult=0.6,rsi_2=10,slope_guard=0.003,volume_mult=0.7"
2024-12-25 20:43:00+00:00,-0.002318944182250065,fixed_hold,-0.01855155345800052,1m:APT:vwap_stretch_reversion:long:market_chop:h12:tp0.0:sl0.0:e2e5fa91a1,APT,vwap_stretch_reversion,long,market_chop,12,0.0,0.0,"APT|vwap_stretch_reversion|long|market_chop|12|0.0|0.0|atr_ceiling=0.018,atr_floor=0.0006,bb_width=0.0025,close_pos=0.35,macro_limit=0.055,min_dist=0.0035,rsi_2=10,volume_mult=0.7,z_entry=2.4"
2024-12-26 23:06:00+00:00,-0.0009325182050778225,fixed_hold,-0.00746014564062258,1m:LTC:ma_offset_reversion:long:market_contra:h3:tp0.0:sl0.0:b59bbcfd6a,LTC,ma_offset_reversion,long,market_contra,3,0.0,0.0,"LTC|ma_offset_reversion|long|market_contra|3|0.0|0.0|atr_ceiling=0.018,atr_floor=0.0012,bb_width=0.0025,ema20_offset=0.0035,ema50_guard=0.02,macro_limit=0.055,range_mult=0.6,rsi_2=10,slope_guard=0.003,volume_mult=0.7"
2024-12-27 13:38:00+00:00,-0.0029442324003393218,fixed_hold,-0.023553859202714574,1m:OP:ma_offset_reversion:long:market_contra:h12:tp0.0:sl0.0:764d46ed63,OP,ma_offset_reversion,long,market_contra,12,0.0,0.0,"OP|ma_offset_reversion|long|market_contra|12|0.0|0.0|atr_ceiling=0.03,atr_floor=0.0006,bb_width=0.0025,ema20_offset=0.0035,ema50_guard=0.02,macro_limit=0.055,range_mult=0.6,rsi_2=10,slope_guard=0.003,volume_mult=0.7"
2024-12-28 02:51:00+00:00,0.0019299136098544644,fixed_hold,0.015439308878835715,1m:OP:ma_offset_reversion:long:market_contra:h12:tp0.0:sl0.0:764d46ed63,OP,ma_offset_reversion,long,market_contra,12,0.0,0.0,"OP|ma_offset_reversion|long|market_contra|12|0.0|0.0|atr_ceiling=0.03,atr_floor=0.0006,bb_width=0.0025,ema20_offset=0.0035,ema50_guard=0.02,macro_limit=0.055,range_mult=0.6,rsi_2=10,slope_guard=0.003,volume_mult=0.7"
2024-12-31 16:33:00+00:00,0.0021382225315211977,fixed_hold,0.01710578025216958,1m:OP:ma_offset_reversion:long:market_contra:h12:tp0.0:sl0.0:764d46ed63,OP,ma_offset_reversion,long,market_contra,12,0.0,0.0,"OP|ma_offset_reversion|long|market_contra|12|0.0|0.0|atr_ceiling=0.03,atr_floor=0.0006,bb_width=0.0025,ema20_offset=0.0035,ema50_guard=0.02,macro_limit=0.055,range_mult=0.6,rsi_2=10,slope_guard=0.003,volume_mult=0.7"
2025-01-02 04:19:00+00:00,0.00025732851685771106,fixed_hold,0.0020586281348616885,1m:XRP:ma_offset_reversion:long:market_aligned:h18:tp0.0:sl0.0:28df47896b,XRP,ma_offset_reversion,long,market_aligned,18,0.0,0.0,"XRP|ma_offset_reversion|long|market_aligned|18|0.0|0.0|atr_ceiling=0.03,atr_floor=0.0012,bb_width=0.0025,ema20_offset=0.002,ema50_guard=0.02,macro_limit=0.055,range_mult=0.6,rsi_2=14,slope_guard=0.003,volume_mult=0.7"
2025-01-02 17:36:00+00:00,-0.004405376833315488,fixed_hold,-0.0352430146665239,1m:OP:ma_offset_reversion:long:market_contra:h12:tp0.0:sl0.0:764d46ed63,OP,ma_offset_reversion,long,market_contra,12,0.0,0.0,"OP|ma_offset_reversion|long|market_contra|12|0.0|0.0|atr_ceiling=0.03,atr_floor=0.0006,bb_width=0.0025,ema20_offset=0.0035,ema50_guard=0.02,macro_limit=0.055,range_mult=0.6,rsi_2=10,slope_guard=0.003,volume_mult=0.7"
2025-01-03 09:37:00+00:00,0.004258141375362083,fixed_hold,0.03406513100289666,1m:XLM:ma_offset_reversion:long:market_aligned:h12:tp0.0:sl0.0:c967453033,XLM,ma_offset_reversion,long,market_aligned,12,0.0,0.0,"XLM|ma_offset_reversion|long|market_aligned|12|0.0|0.0|atr_ceiling=0.018,atr_floor=0.0012,bb_width=0.0025,ema20_offset=0.002,ema50_guard=0.02,macro_limit=0.055,range_mult=0.6,rsi_2=10,slope_guard=0.003,volume_mult=0.7"
2025-01-04 02:45:00+00:00,-0.003967947037231272,fixed_hold,-0.03174357629785018,1m:XLM:ma_offset_reversion:long:market_aligned:h12:tp0.0:sl0.0:c967453033,XLM,ma_offset_reversion,long,market_aligned,12,0.0,0.0,"XLM|ma_offset_reversion|long|market_aligned|12|0.0|0.0|atr_ceiling=0.018,atr_floor=0.0012,bb_width=0.0025,ema20_offset=0.002,ema50_guard=0.02,macro_limit=0.055,range_mult=0.6,rsi_2=10,slope_guard=0.003,volume_mult=0.7"
2025-01-06 21:13:00+00:00,-0.0030911816302392476,fixed_hold,-0.02472945304191398,1m:APT:vwap_stretch_reversion:long:market_aligned:h12:tp0.0:sl0.0:5bffc84553,APT,vwap_stretch_reversion,long,market_aligned,12,0.0,0.0,"APT|vwap_stretch_reversion|long|market_aligned|12|0.0|0.0|atr_ceiling=0.03,atr_floor=0.0006,bb_width=0.0025,close_pos=0.35,macro_limit=0.055,min_dist=0.0035,rsi_2=10,volume_mult=0.7,z_entry=1.8"
2025-01-07 20:45:00+00:00,0.0018732938481038496,fixed_hold,0.014986350784830797,1m:LTC:ma_offset_reversion:long:market_contra:h3:tp0.0:sl0.0:b59bbcfd6a,LTC,ma_offset_reversion,long,market_contra,3,0.0,0.0,"LTC|ma_offset_reversion|long|market_contra|3|0.0|0.0|atr_ceiling=0.018,atr_floor=0.0012,bb_width=0.0025,ema20_offset=0.0035,ema50_guard=0.02,macro_limit=0.055,range_mult=0.6,rsi_2=10,slope_guard=0.003,volume_mult=0.7"
2025-01-08 05:54:00+00:00,0.0015083138287497887,fixed_hold,0.01206651062999831,1m:LTC:ma_offset_reversion:long:market_chop:h12:tp0.0:sl0.0:6a49d5d264,LTC,ma_offset_reversion,long,market_chop,12,0.0,0.0,"LTC|ma_offset_reversion|long|market_chop|12|0.0|0.0|atr_ceiling=0.03,atr_floor=0.0006,bb_width=0.0025,ema20_offset=0.0035,ema50_guard=0.02,macro_limit=0.055,range_mult=0.6,rsi_2=10,slope_guard=0.003,volume_mult=0.7"
2025-01-08 06:20:00+00:00,-0.0012337464692705603,fixed_hold,-0.009869971754164483,1m:LTC:ma_offset_reversion:long:market_contra:h3:tp0.0:sl0.0:b59bbcfd6a,LTC,ma_offset_reversion,long,market_contra,3,0.0,0.0,"LTC|ma_offset_reversion|long|market_contra|3|0.0|0.0|atr_ceiling=0.018,atr_floor=0.0012,bb_width=0.0025,ema20_offset=0.0035,ema50_guard=0.02,macro_limit=0.055,range_mult=0.6,rsi_2=10,slope_guard=0.003,volume_mult=0.7"
2025-01-08 19:35:00+00:00,0.0021379697048497935,fixed_hold,0.017103757638798348,1m:XRP:ma_offset_reversion:long:market_aligned:h18:tp0.0:sl0.0:28df47896b,XRP,ma_offset_reversion,long,market_aligned,18,0.0,0.0,"XRP|ma_offset_reversion|long|market_aligned|18|0.0|0.0|atr_ceiling=0.03,atr_floor=0.0012,bb_width=0.0025,ema20_offset=0.002,ema50_guard=0.02,macro_limit=0.055,range_mult=0.6,rsi_2=14,slope_guard=0.003,volume_mult=0.7"
2025-01-09 00:14:00+00:00,-0.000625,fixed_hold,-0.005,1m:XTZ:vwap_stretch_reversion:long:market_chop:h8:tp0.0:sl0.0:5162f59369,XTZ,vwap_stretch_reversion,long,market_chop,8,0.0,0.0,"XTZ|vwap_stretch_reversion|long|market_chop|8|0.0|0.0|atr_ceiling=0.03,atr_floor=0.0006,bb_width=0.0025,close_pos=0.35,macro_limit=0.055,min_dist=0.0035,rsi_2=10,volume_mult=0.7,z_entry=1.8"
2025-01-10 01:22:00+00:00,-0.00048684181440376785,fixed_hold,-0.003894734515230143,1m:XRP:ma_offset_reversion:long:market_aligned:h12:tp0.0:sl0.0:96ef77ad3d,XRP,ma_offset_reversion,long,market_aligned,12,0.0,0.0,"XRP|ma_offset_reversion|long|market_aligned|12|0.0|0.0|atr_ceiling=0.018,atr_floor=0.0006,bb_width=0.0025,ema20_offset=0.002,ema50_guard=0.02,macro_limit=0.055,range_mult=0.6,rsi_2=10,slope_guard=0.003,volume_mult=0.7"
2025-01-10 01:22:00+00:00,0.0025526382687122294,fixed_hold,0.020421106149697835,1m:XRP:ma_offset_reversion:long:market_aligned:h18:tp0.0:sl0.0:28df47896b,XRP,ma_offset_reversion,long,market_aligned,18,0.0,0.0,"XRP|ma_offset_reversion|long|market_aligned|18|0.0|0.0|atr_ceiling=0.03,atr_floor=0.0012,bb_width=0.0025,ema20_offset=0.002,ema50_guard=0.02,macro_limit=0.055,range_mult=0.6,rsi_2=14,slope_guard=0.003,volume_mult=0.7"
2025-01-14 17:14:00+00:00,1.016260162613246e-05,fixed_hold,8.130081300905968e-05,1m:DOGE:vwap_stretch_reversion:short:market_chop:h12:tp0.0:sl0.0:ee0491755a,DOGE,vwap_stretch_reversion,short,market_chop,12,0.0,0.0,"DOGE|vwap_stretch_reversion|short|market_chop|12|0.0|0.0|atr_ceiling=0.03,atr_floor=0.0012,bb_width=0.0025,close_pos=0.35,macro_limit=0.055,min_dist=0.002,rsi_2=10,volume_mult=0.7,z_entry=2.4"
2025-01-15 07:32:00+00:00,0.007959802922785017,fixed_hold,0.06367842338228014,1m:XRP:ma_offset_reversion:long:market_aligned:h18:tp0.0:sl0.0:28df47896b,XRP,ma_offset_reversion,long,market_aligned,18,0.0,0.0,"XRP|ma_offset_reversion|long|market_aligned|18|0.0|0.0|atr_ceiling=0.03,atr_floor=0.0012,bb_width=0.0025,ema20_offset=0.002,ema50_guard=0.02,macro_limit=0.055,range_mult=0.6,rsi_2=14,slope_guard=0.003,volume_mult=0.7"
2025-01-15 07:32:00+00:00,0.008267187170659732,fixed_hold,0.06613749736527785,1m:XRP:ma_offset_reversion:long:market_aligned:h12:tp0.0:sl0.0:96ef77ad3d,XRP,ma_offset_reversion,long,market_aligned,12,0.0,0.0,"XRP|ma_offset_reversion|long|market_aligned|12|0.0|0.0|atr_ceiling=0.018,atr_floor=0.0006,bb_width=0.0025,ema20_offset=0.002,ema50_guard=0.02,macro_limit=0.055,range_mult=0.6,rsi_2=10,slope_guard=0.003,volume_mult=0.7"
2025-01-17 15:23:00+00:00,-0.006143464588884011,fixed_hold,-0.04914771671107209,1m:XRP:ma_offset_reversion:long:market_aligned:h12:tp0.0:sl0.0:96ef77ad3d,XRP,ma_offset_reversion,long,market_aligned,12,0.0,0.0,"XRP|ma_offset_reversion|long|market_aligned|12|0.0|0.0|atr_ceiling=0.018,atr_floor=0.0006,bb_width=0.0025,ema20_offset=0.002,ema50_guard=0.02,macro_limit=0.055,range_mult=0.6,rsi_2=10,slope_guard=0.003,volume_mult=0.7"
2025-01-17 15:23:00+00:00,-0.0036456332486522326,fixed_hold,-0.02916506598921786,1m:XRP:ma_offset_reversion:long:market_aligned:h18:tp0.0:sl0.0:28df47896b,XRP,ma_offset_reversion,long,market_aligned,18,0.0,0.0,"XRP|ma_offset_reversion|long|market_aligned|18|0.0|0.0|atr_ceiling=0.03,atr_floor=0.0012,bb_width=0.0025,ema20_offset=0.002,ema50_guard=0.02,macro_limit=0.055,range_mult=0.6,rsi_2=14,slope_guard=0.003,volume_mult=0.7"
2025-01-17 15:28:00+00:00,0.0031829331064329312,fixed_hold,0.02546346485146345,1m:XLM:ma_offset_reversion:long:market_aligned:h12:tp0.0:sl0.0:c967453033,XLM,ma_offset_reversion,long,market_aligned,12,0.0,0.0,"XLM|ma_offset_reversion|long|market_aligned|12|0.0|0.0|atr_ceiling=0.018,atr_floor=0.0012,bb_width=0.0025,ema20_offset=0.002,ema50_guard=0.02,macro_limit=0.055,range_mult=0.6,rsi_2=10,slope_guard=0.003,volume_mult=0.7"
2025-01-17 17:15:00+00:00,0.00032583777925983325,fixed_hold,0.002606702234078666,1m:XLM:ma_offset_reversion:long:market_aligned:h12:tp0.0:sl0.0:c967453033,XLM,ma_offset_reversion,long,market_aligned,12,0.0,0.0,"XLM|ma_offset_reversion|long|market_aligned|12|0.0|0.0|atr_ceiling=0.018,atr_floor=0.0012,bb_width=0.0025,ema20_offset=0.002,ema50_guard=0.02,macro_limit=0.055,range_mult=0.6,rsi_2=10,slope_guard=0.003,volume_mult=0.7"
2025-01-18 09:34:00+00:00,0.0017684030571198804,fixed_hold,0.014147224456959043,1m:XRP:ma_offset_reversion:long:market_aligned:h18:tp0.0:sl0.0:28df47896b,XRP,ma_offset_reversion,long,market_aligned,18,0.0,0.0,"XRP|ma_offset_reversion|long|market_aligned|18|0.0|0.0|atr_ceiling=0.03,atr_floor=0.0012,bb_width=0.0025,ema20_offset=0.002,ema50_guard=0.02,macro_limit=0.055,range_mult=0.6,rsi_2=14,slope_guard=0.003,volume_mult=0.7"
2025-01-18 09:34:00+00:00,-0.00032331053901844765,fixed_hold,-0.0025864843121475812,1m:XRP:ma_offset_reversion:long:market_aligned:h12:tp0.0:sl0.0:96ef77ad3d,XRP,ma_offset_reversion,long,market_aligned,12,0.0,0.0,"XRP|ma_offset_reversion|long|market_aligned|12|0.0|0.0|atr_ceiling=0.018,atr_floor=0.0006,bb_width=0.0025,ema20_offset=0.002,ema50_guard=0.02,macro_limit=0.055,range_mult=0.6,rsi_2=10,slope_guard=0.003,volume_mult=0.7"
2025-01-20 03:27:00+00:00,0.0037424055669862265,fixed_hold,0.029939244535889812,1m:ETC:ma_offset_reversion:long:market_chop:h18:tp0.0:sl0.0:8e314e8647,ETC,ma_offset_reversion,long,market_chop,18,0.0,0.0,"ETC|ma_offset_reversion|long|market_chop|18|0.0|0.0|atr_ceiling=0.018,atr_floor=0.0012,bb_width=0.0025,ema20_offset=0.0035,ema50_guard=0.02,macro_limit=0.055,range_mult=0.6,rsi_2=10,slope_guard=0.003,volume_mult=0.7"
2025-01-21 07:52:00+00:00,0.0035771276595745337,fixed_hold,0.02861702127659627,1m:SOL:vwap_stretch_reversion:long:market_chop:h12:tp0.0:sl0.0:936b55a31d,SOL,vwap_stretch_reversion,long,market_chop,12,0.0,0.0,"SOL|vwap_stretch_reversion|long|market_chop|12|0.0|0.0|atr_ceiling=0.03,atr_floor=0.0012,bb_width=0.0025,close_pos=0.35,macro_limit=0.055,min_dist=0.0035,rsi_2=10,volume_mult=0.7,z_entry=1.8"
2025-01-23 03:18:00+00:00,-0.00046684333352066344,fixed_hold,-0.0037347466681653075,1m:DOGE:vwap_stretch_reversion:short:market_chop:h12:tp0.0:sl0.0:ee0491755a,DOGE,vwap_stretch_reversion,short,market_chop,12,0.0,0.0,"DOGE|vwap_stretch_reversion|short|market_chop|12|0.0|0.0|atr_ceiling=0.03,atr_floor=0.0012,bb_width=0.0025,close_pos=0.35,macro_limit=0.055,min_dist=0.002,rsi_2=10,volume_mult=0.7,z_entry=2.4"
2025-01-23 12:22:00+00:00,0.004017942727054872,fixed_hold,0.03214354181643898,1m:OP:ma_offset_reversion:long:market_contra:h12:tp0.0:sl0.0:764d46ed63,OP,ma_offset_reversion,long,market_contra,12,0.0,0.0,"OP|ma_offset_reversion|long|market_contra|12|0.0|0.0|atr_ceiling=0.03,atr_floor=0.0006,bb_width=0.0025,ema20_offset=0.0035,ema50_guard=0.02,macro_limit=0.055,range_mult=0.6,rsi_2=10,slope_guard=0.003,volume_mult=0.7"
2025-01-23 16:53:00+00:00,-0.008292237522717696,fixed_hold,-0.06633790018174157,1m:ETC:ma_offset_reversion:long:market_chop:h18:tp0.0:sl0.0:8e314e8647,ETC,ma_offset_reversion,long,market_chop,18,0.0,0.0,"ETC|ma_offset_reversion|long|market_chop|18|0.0|0.0|atr_ceiling=0.018,atr_floor=0.0012,bb_width=0.0025,ema20_offset=0.0035,ema50_guard=0.02,macro_limit=0.055,range_mult=0.6,rsi_2=10,slope_guard=0.003,volume_mult=0.7"
2025-01-23 18:43:00+00:00,-0.0006795803859924865,fixed_hold,-0.005436643087939892,1m:LTC:ma_offset_reversion:long:market_chop:h12:tp0.0:sl0.0:6a49d5d264,LTC,ma_offset_reversion,long,market_chop,12,0.0,0.0,"LTC|ma_offset_reversion|long|market_chop|12|0.0|0.0|atr_ceiling=0.03,atr_floor=0.0006,bb_width=0.0025,ema20_offset=0.0035,ema50_guard=0.02,macro_limit=0.055,range_mult=0.6,rsi_2=10,slope_guard=0.003,volume_mult=0.7"
2025-01-24 02:48:00+00:00,0.0020286930561699145,fixed_hold,0.016229544449359316,1m:LTC:ma_offset_reversion:long:market_contra:h3:tp0.0:sl0.0:b59bbcfd6a,LTC,ma_offset_reversion,long,market_contra,3,0.0,0.0,"LTC|ma_offset_reversion|long|market_contra|3|0.0|0.0|atr_ceiling=0.018,atr_floor=0.0012,bb_width=0.0025,ema20_offset=0.0035,ema50_guard=0.02,macro_limit=0.055,range_mult=0.6,rsi_2=10,slope_guard=0.003,volume_mult=0.7"
2025-01-24 14:34:00+00:00,0.003771003126046627,fixed_hold,0.030168025008373015,1m:OP:ma_offset_reversion:long:market_contra:h12:tp0.0:sl0.0:764d46ed63,OP,ma_offset_reversion,long,market_contra,12,0.0,0.0,"OP|ma_offset_reversion|long|market_contra|12|0.0|0.0|atr_ceiling=0.03,atr_floor=0.0006,bb_width=0.0025,ema20_offset=0.0035,ema50_guard=0.02,macro_limit=0.055,range_mult=0.6,rsi_2=10,slope_guard=0.003,volume_mult=0.7"
2025-01-24 15:44:00+00:00,0.004247499228706362,fixed_hold,0.0339799938296509,1m:APT:vwap_stretch_reversion:long:market_aligned:h12:tp0.0:sl0.0:5666960c57,APT,vwap_stretch_reversion,long,market_aligned,12,0.0,0.0,"APT|vwap_stretch_reversion|long|market_aligned|12|0.0|0.0|atr_ceiling=0.018,atr_floor=0.0006,bb_width=0.0025,close_pos=0.35,macro_limit=0.055,min_dist=0.0035,rsi_2=14,volume_mult=0.7,z_entry=2.4"
2025-01-24 15:44:00+00:00,0.004247499228706362,fixed_hold,0.0339799938296509,1m:APT:vwap_stretch_reversion:long:market_aligned:h12:tp0.0:sl0.0:5bffc84553,APT,vwap_stretch_reversion,long,market_aligned,12,0.0,0.0,"APT|vwap_stretch_reversion|long|market_aligned|12|0.0|0.0|atr_ceiling=0.03,atr_floor=0.0006,bb_width=0.0025,close_pos=0.35,macro_limit=0.055,min_dist=0.0035,rsi_2=10,volume_mult=0.7,z_entry=1.8"
2025-01-27 16:37:00+00:00,0.000730625847266062,fixed_hold,0.005845006778128496,1m:LTC:ma_offset_reversion:long:market_contra:h3:tp0.0:sl0.0:b59bbcfd6a,LTC,ma_offset_reversion,long,market_contra,3,0.0,0.0,"LTC|ma_offset_reversion|long|market_contra|3|0.0|0.0|atr_ceiling=0.018,atr_floor=0.0012,bb_width=0.0025,ema20_offset=0.0035,ema50_guard=0.02,macro_limit=0.055,range_mult=0.6,rsi_2=10,slope_guard=0.003,volume_mult=0.7"
2025-01-28 21:38:00+00:00,0.00062092243566507,fixed_hold,0.00496737948532056,1m:LTC:ma_offset_reversion:long:market_contra:h3:tp0.0:sl0.0:b59bbcfd6a,LTC,ma_offset_reversion,long,market_contra,3,0.0,0.0,"LTC|ma_offset_reversion|long|market_contra|3|0.0|0.0|atr_ceiling=0.018,atr_floor=0.0012,bb_width=0.0025,ema20_offset=0.0035,ema50_guard=0.02,macro_limit=0.055,range_mult=0.6,rsi_2=10,slope_guard=0.003,volume_mult=0.7"
2025-02-01 22:13:00+00:00,-0.00036557778515681984,fixed_hold,-0.0029246222812545587,1m:LTC:ma_offset_reversion:long:market_contra:h3:tp0.0:sl0.0:b59bbcfd6a,LTC,ma_offset_reversion,long,market_contra,3,0.0,0.0,"LTC|ma_offset_reversion|long|market_contra|3|0.0|0.0|atr_ceiling=0.018,atr_floor=0.0012,bb_width=0.0025,ema20_offset=0.0035,ema50_guard=0.02,macro_limit=0.055,range_mult=0.6,rsi_2=10,slope_guard=0.003,volume_mult=0.7"
2025-02-02 00:00:00+00:00,0.006761701811070429,fixed_hold,0.05409361448856343,1m:LTC:ma_offset_reversion:long:market_chop:h12:tp0.0:sl0.0:6a49d5d264,LTC,ma_offset_reversion,long,market_chop,12,0.0,0.0,"LTC|ma_offset_reversion|long|market_chop|12|0.0|0.0|atr_ceiling=0.03,atr_floor=0.0006,bb_width=0.0025,ema20_offset=0.0035,ema50_guard=0.02,macro_limit=0.055,range_mult=0.6,rsi_2=10,slope_guard=0.003,volume_mult=0.7"
2025-02-02 15:05:00+00:00,0.004414955086982573,fixed_hold,0.035319640695860584,1m:APT:vwap_stretch_reversion:long:market_chop:h12:tp0.0:sl0.0:e2e5fa91a1,APT,vwap_stretch_reversion,long,market_chop,12,0.0,0.0,"APT|vwap_stretch_reversion|long|market_chop|12|0.0|0.0|atr_ceiling=0.018,atr_floor=0.0006,bb_width=0.0025,close_pos=0.35,macro_limit=0.055,min_dist=0.0035,rsi_2=10,volume_mult=0.7,z_entry=2.4"
2025-02-03 17:31:00+00:00,0.0039487617524474475,fixed_hold,0.03159009401957958,1m:ETC:ma_offset_reversion:long:market_chop:h18:tp0.0:sl0.0:8e314e8647,ETC,ma_offset_reversion,long,market_chop,18,0.0,0.0,"ETC|ma_offset_reversion|long|market_chop|18|0.0|0.0|atr_ceiling=0.018,atr_floor=0.0012,bb_width=0.0025,ema20_offset=0.0035,ema50_guard=0.02,macro_limit=0.055,range_mult=0.6,rsi_2=10,slope_guard=0.003,volume_mult=0.7"
2025-02-04 01:51:00+00:00,0.00026850740431037855,fixed_hold,0.0021480592344830284,1m:XLM:ma_offset_reversion:long:market_aligned:h12:tp0.0:sl0.0:c967453033,XLM,ma_offset_reversion,long,market_aligned,12,0.0,0.0,"XLM|ma_offset_reversion|long|market_aligned|12|0.0|0.0|atr_ceiling=0.018,atr_floor=0.0012,bb_width=0.0025,ema20_offset=0.002,ema50_guard=0.02,macro_limit=0.055,range_mult=0.6,rsi_2=10,slope_guard=0.003,volume_mult=0.7"
2025-02-05 09:34:00+00:00,-0.0028114908503767268,fixed_hold,-0.022491926803013814,1m:OP:ma_offset_reversion:long:market_contra:h12:tp0.0:sl0.0:764d46ed63,OP,ma_offset_reversion,long,market_contra,12,0.0,0.0,"OP|ma_offset_reversion|long|market_contra|12|0.0|0.0|atr_ceiling=0.03,atr_floor=0.0006,bb_width=0.0025,ema20_offset=0.0035,ema50_guard=0.02,macro_limit=0.055,range_mult=0.6,rsi_2=10,slope_guard=0.003,volume_mult=0.7"
2025-02-05 22:21:00+00:00,-0.0025709038723487755,fixed_hold,-0.020567230978790204,1m:LTC:ma_offset_reversion:long:market_contra:h3:tp0.0:sl0.0:b59bbcfd6a,LTC,ma_offset_reversion,long,market_contra,3,0.0,0.0,"LTC|ma_offset_reversion|long|market_contra|3|0.0|0.0|atr_ceiling=0.018,atr_floor=0.0012,bb_width=0.0025,ema20_offset=0.0035,ema50_guard=0.02,macro_limit=0.055,range_mult=0.6,rsi_2=10,slope_guard=0.003,volume_mult=0.7"
2025-02-06 01:02:00+00:00,0.007406542056074759,fixed_hold,0.05925233644859807,1m:XTZ:vwap_stretch_reversion:long:market_chop:h8:tp0.0:sl0.0:5162f59369,XTZ,vwap_stretch_reversion,long,market_chop,8,0.0,0.0,"XTZ|vwap_stretch_reversion|long|market_chop|8|0.0|0.0|atr_ceiling=0.03,atr_floor=0.0006,bb_width=0.0025,close_pos=0.35,macro_limit=0.055,min_dist=0.0035,rsi_2=10,volume_mult=0.7,z_entry=1.8"
2025-02-06 13:32:00+00:00,0.0022980238442076727,fixed_hold,0.01838419075366138,1m:DOGE:vwap_stretch_reversion:short:market_chop:h12:tp0.0:sl0.0:ee0491755a,DOGE,vwap_stretch_reversion,short,market_chop,12,0.0,0.0,"DOGE|vwap_stretch_reversion|short|market_chop|12|0.0|0.0|atr_ceiling=0.03,atr_floor=0.0012,bb_width=0.0025,close_pos=0.35,macro_limit=0.055,min_dist=0.002,rsi_2=10,volume_mult=0.7,z_entry=2.4"
2025-02-06 19:02:00+00:00,0.0066521521282687105,fixed_hold,0.053217217026149684,1m:OP:ma_offset_reversion:long:market_contra:h12:tp0.0:sl0.0:764d46ed63,OP,ma_offset_reversion,long,market_contra,12,0.0,0.0,"OP|ma_offset_reversion|long|market_contra|12|0.0|0.0|atr_ceiling=0.03,atr_floor=0.0006,bb_width=0.0025,ema20_offset=0.0035,ema50_guard=0.02,macro_limit=0.055,range_mult=0.6,rsi_2=10,slope_guard=0.003,volume_mult=0.7"
2025-02-06 21:17:00+00:00,0.0009564777327934071,fixed_hold,0.007651821862347257,1m:ETC:ma_offset_reversion:long:market_chop:h18:tp0.0:sl0.0:8e314e8647,ETC,ma_offset_reversion,long,market_chop,18,0.0,0.0,"ETC|ma_offset_reversion|long|market_chop|18|0.0|0.0|atr_ceiling=0.018,atr_floor=0.0012,bb_width=0.0025,ema20_offset=0.0035,ema50_guard=0.02,macro_limit=0.055,range_mult=0.6,rsi_2=10,slope_guard=0.003,volume_mult=0.7"
2025-02-09 05:01:00+00:00,-0.0020782663487160092,fixed_hold,-0.016626130789728074,1m:APT:vwap_stretch_reversion:long:market_aligned:h12:tp0.0:sl0.0:5bffc84553,APT,vwap_stretch_reversion,long,market_aligned,12,0.0,0.0,"APT|vwap_stretch_reversion|long|market_aligned|12|0.0|0.0|atr_ceiling=0.03,atr_floor=0.0006,bb_width=0.0025,close_pos=0.35,macro_limit=0.055,min_dist=0.0035,rsi_2=10,volume_mult=0.7,z_entry=1.8"
2025-02-09 05:01:00+00:00,-0.0020782663487160092,fixed_hold,-0.016626130789728074,1m:APT:vwap_stretch_reversion:long:market_aligned:h12:tp0.0:sl0.0:5666960c57,APT,vwap_stretch_reversion,long,market_aligned,12,0.0,0.0,"APT|vwap_stretch_reversion|long|market_aligned|12|0.0|0.0|atr_ceiling=0.018,atr_floor=0.0006,bb_width=0.0025,close_pos=0.35,macro_limit=0.055,min_dist=0.0035,rsi_2=14,volume_mult=0.7,z_entry=2.4"
2025-02-09 05:04:00+00:00,-0.0005998430204475624,fixed_hold,-0.0047987441635805,1m:XRP:ma_offset_reversion:long:market_aligned:h18:tp0.0:sl0.0:28df47896b,XRP,ma_offset_reversion,long,market_aligned,18,0.0,0.0,"XRP|ma_offset_reversion|long|market_aligned|18|0.0|0.0|atr_ceiling=0.03,atr_floor=0.0012,bb_width=0.0025,ema20_offset=0.002,ema50_guard=0.02,macro_limit=0.055,range_mult=0.6,rsi_2=14,slope_guard=0.003,volume_mult=0.7"
2025-02-09 05:04:00+00:00,-0.002235046691353992,fixed_hold,-0.017880373530831935,1m:XRP:ma_offset_reversion:long:market_aligned:h12:tp0.0:sl0.0:96ef77ad3d,XRP,ma_offset_reversion,long,market_aligned,12,0.0,0.0,"XRP|ma_offset_reversion|long|market_aligned|12|0.0|0.0|atr_ceiling=0.018,atr_floor=0.0006,bb_width=0.0025,ema20_offset=0.002,ema50_guard=0.02,macro_limit=0.055,range_mult=0.6,rsi_2=10,slope_guard=0.003,volume_mult=0.7"
2025-02-12 00:40:00+00:00,0.001911525974025927,fixed_hold,0.015292207792207416,1m:SOL:vwap_stretch_reversion:long:market_chop:h12:tp0.0:sl0.0:936b55a31d,SOL,vwap_stretch_reversion,long,market_chop,12,0.0,0.0,"SOL|vwap_stretch_reversion|long|market_chop|12|0.0|0.0|atr_ceiling=0.03,atr_floor=0.0012,bb_width=0.0025,close_pos=0.35,macro_limit=0.055,min_dist=0.0035,rsi_2=10,volume_mult=0.7,z_entry=1.8"
2025-02-12 00:40:00+00:00,0.0018432825689884001,fixed_hold,0.014746260551907201,1m:ETC:vwap_stretch_reversion:long:market_chop:h12:tp0.0:sl0.0:3984b37f3e,ETC,vwap_stretch_reversion,long,market_chop,12,0.0,0.0,"ETC|vwap_stretch_reversion|long|market_chop|12|0.0|0.0|atr_ceiling=0.03,atr_floor=0.0006,bb_width=0.0025,close_pos=0.35,macro_limit=0.055,min_dist=0.002,rsi_2=10,volume_mult=0.7,z_entry=2.4"
2025-02-14 08:28:00+00:00,0.000990894784172539,fixed_hold,0.007927158273380312,1m:DOGE:vwap_stretch_reversion:short:market_chop:h12:tp0.0:sl0.0:ee0491755a,DOGE,vwap_stretch_reversion,short,market_chop,12,0.0,0.0,"DOGE|vwap_stretch_reversion|short|market_chop|12|0.0|0.0|atr_ceiling=0.03,atr_floor=0.0012,bb_width=0.0025,close_pos=0.35,macro_limit=0.055,min_dist=0.002,rsi_2=10,volume_mult=0.7,z_entry=2.4"
2025-02-14 09:32:00+00:00,-0.0014015961334649242,fixed_hold,-0.011212769067719393,1m:XRP:ma_offset_reversion:long:market_aligned:h18:tp0.0:sl0.0:28df47896b,XRP,ma_offset_reversion,long,market_aligned,18,0.0,0.0,"XRP|ma_offset_reversion|long|market_aligned|18|0.0|0.0|atr_ceiling=0.03,atr_floor=0.0012,bb_width=0.0025,ema20_offset=0.002,ema50_guard=0.02,macro_limit=0.055,range_mult=0.6,rsi_2=14,slope_guard=0.003,volume_mult=0.7"
2025-02-14 19:54:00+00:00,0.00045691045715633204,fixed_hold,0.0036552836572506563,1m:LTC:ma_offset_reversion:long:market_contra:h3:tp0.0:sl0.0:b59bbcfd6a,LTC,ma_offset_reversion,long,market_contra,3,0.0,0.0,"LTC|ma_offset_reversion|long|market_contra|3|0.0|0.0|atr_ceiling=0.018,atr_floor=0.0012,bb_width=0.0025,ema20_offset=0.0035,ema50_guard=0.02,macro_limit=0.055,range_mult=0.6,rsi_2=10,slope_guard=0.003,volume_mult=0.7"
2025-02-14 22:34:00+00:00,-0.004860079489184265,fixed_hold,-0.03888063591347412,1m:OP:ma_offset_reversion:long:market_contra:h12:tp0.0:sl0.0:764d46ed63,OP,ma_offset_reversion,long,market_contra,12,0.0,0.0,"OP|ma_offset_reversion|long|market_contra|12|0.0|0.0|atr_ceiling=0.03,atr_floor=0.0006,bb_width=0.0025,ema20_offset=0.0035,ema50_guard=0.02,macro_limit=0.055,range_mult=0.6,rsi_2=10,slope_guard=0.003,volume_mult=0.7"
2025-02-21 03:36:00+00:00,-0.003567041776993268,fixed_hold,-0.028536334215946143,1m:LTC:ma_offset_reversion:long:market_chop:h12:tp0.0:sl0.0:6a49d5d264,LTC,ma_offset_reversion,long,market_chop,12,0.0,0.0,"LTC|ma_offset_reversion|long|market_chop|12|0.0|0.0|atr_ceiling=0.03,atr_floor=0.0006,bb_width=0.0025,ema20_offset=0.0035,ema50_guard=0.02,macro_limit=0.055,range_mult=0.6,rsi_2=10,slope_guard=0.003,volume_mult=0.7"
2025-02-23 18:51:00+00:00,0.0014515818848407501,fixed_hold,0.011612655078726001,1m:APT:vwap_stretch_reversion:long:market_chop:h12:tp0.0:sl0.0:e2e5fa91a1,APT,vwap_stretch_reversion,long,market_chop,12,0.0,0.0,"APT|vwap_stretch_reversion|long|market_chop|12|0.0|0.0|atr_ceiling=0.018,atr_floor=0.0006,bb_width=0.0025,close_pos=0.35,macro_limit=0.055,min_dist=0.0035,rsi_2=10,volume_mult=0.7,z_entry=2.4"
2025-02-24 08:01:00+00:00,-0.00336202177548657,fixed_hold,-0.02689617420389256,1m:APT:vwap_stretch_reversion:long:market_aligned:h12:tp0.0:sl0.0:5666960c57,APT,vwap_stretch_reversion,long,market_aligned,12,0.0,0.0,"APT|vwap_stretch_reversion|long|market_aligned|12|0.0|0.0|atr_ceiling=0.018,atr_floor=0.0006,bb_width=0.0025,close_pos=0.35,macro_limit=0.055,min_dist=0.0035,rsi_2=14,volume_mult=0.7,z_entry=2.4"
2025-02-24 08:01:00+00:00,-0.00336202177548657,fixed_hold,-0.02689617420389256,1m:APT:vwap_stretch_reversion:long:market_aligned:h12:tp0.0:sl0.0:5bffc84553,APT,vwap_stretch_reversion,long,market_aligned,12,0.0,0.0,"APT|vwap_stretch_reversion|long|market_aligned|12|0.0|0.0|atr_ceiling=0.03,atr_floor=0.0006,bb_width=0.0025,close_pos=0.35,macro_limit=0.055,min_dist=0.0035,rsi_2=10,volume_mult=0.7,z_entry=1.8"
2025-02-25 00:09:00+00:00,-0.0010655286343612398,fixed_hold,-0.008524229074889918,1m:LTC:ma_offset_reversion:long:market_contra:h3:tp0.0:sl0.0:b59bbcfd6a,LTC,ma_offset_reversion,long,market_contra,3,0.0,0.0,"LTC|ma_offset_reversion|long|market_contra|3|0.0|0.0|atr_ceiling=0.018,atr_floor=0.0012,bb_width=0.0025,ema20_offset=0.0035,ema50_guard=0.02,macro_limit=0.055,range_mult=0.6,rsi_2=10,slope_guard=0.003,volume_mult=0.7"
2025-02-25 12:49:00+00:00,0.001988554434030274,fixed_hold,0.015908435472242192,1m:SOL:vwap_stretch_reversion:long:market_chop:h12:tp0.0:sl0.0:936b55a31d,SOL,vwap_stretch_reversion,long,market_chop,12,0.0,0.0,"SOL|vwap_stretch_reversion|long|market_chop|12|0.0|0.0|atr_ceiling=0.03,atr_floor=0.0012,bb_width=0.0025,close_pos=0.35,macro_limit=0.055,min_dist=0.0035,rsi_2=10,volume_mult=0.7,z_entry=1.8"
2025-02-25 14:20:00+00:00,0.0017998905690410493,fixed_hold,0.014399124552328394,1m:OP:ma_offset_reversion:long:market_contra:h12:tp0.0:sl0.0:764d46ed63,OP,ma_offset_reversion,long,market_contra,12,0.0,0.0,"OP|ma_offset_reversion|long|market_contra|12|0.0|0.0|atr_ceiling=0.03,atr_floor=0.0006,bb_width=0.0025,ema20_offset=0.0035,ema50_guard=0.02,macro_limit=0.055,range_mult=0.6,rsi_2=10,slope_guard=0.003,volume_mult=0.7"
2025-02-27 21:06:00+00:00,0.005980969331872908,fixed_hold,0.04784775465498326,1m:ETC:ma_offset_reversion:long:market_chop:h18:tp0.0:sl0.0:8e314e8647,ETC,ma_offset_reversion,long,market_chop,18,0.0,0.0,"ETC|ma_offset_reversion|long|market_chop|18|0.0|0.0|atr_ceiling=0.018,atr_floor=0.0012,bb_width=0.0025,ema20_offset=0.0035,ema50_guard=0.02,macro_limit=0.055,range_mult=0.6,rsi_2=10,slope_guard=0.003,volume_mult=0.7"
2025-03-01 11:14:00+00:00,-0.0012733402489626534,fixed_hold,-0.010186721991701227,1m:LTC:ma_offset_reversion:long:market_contra:h3:tp0.0:sl0.0:b59bbcfd6a,LTC,ma_offset_reversion,long,market_contra,3,0.0,0.0,"LTC|ma_offset_reversion|long|market_contra|3|0.0|0.0|atr_ceiling=0.018,atr_floor=0.0012,bb_width=0.0025,ema20_offset=0.0035,ema50_guard=0.02,macro_limit=0.055,range_mult=0.6,rsi_2=10,slope_guard=0.003,volume_mult=0.7"
2025-03-02 00:17:00+00:00,0.0003186336185203453,fixed_hold,0.0025490689481627625,1m:XRP:ma_offset_reversion:long:market_aligned:h18:tp0.0:sl0.0:28df47896b,XRP,ma_offset_reversion,long,market_aligned,18,0.0,0.0,"XRP|ma_offset_reversion|long|market_aligned|18|0.0|0.0|atr_ceiling=0.03,atr_floor=0.0012,bb_width=0.0025,ema20_offset=0.002,ema50_guard=0.02,macro_limit=0.055,range_mult=0.6,rsi_2=14,slope_guard=0.003,volume_mult=0.7"
2025-03-02 11:04:00+00:00,-0.00013404920505243002,fixed_hold,-0.0010723936404194402,1m:XLM:ma_offset_reversion:long:market_aligned:h12:tp0.0:sl0.0:c967453033,XLM,ma_offset_reversion,long,market_aligned,12,0.0,0.0,"XLM|ma_offset_reversion|long|market_aligned|12|0.0|0.0|atr_ceiling=0.018,atr_floor=0.0012,bb_width=0.0025,ema20_offset=0.002,ema50_guard=0.02,macro_limit=0.055,range_mult=0.6,rsi_2=10,slope_guard=0.003,volume_mult=0.7"
2025-03-03 00:02:00+00:00,0.0007578763828763191,fixed_hold,0.006063011063010553,1m:ETC:ma_offset_reversion:long:market_chop:h18:tp0.0:sl0.0:8e314e8647,ETC,ma_offset_reversion,long,market_chop,18,0.0,0.0,"ETC|ma_offset_reversion|long|market_chop|18|0.0|0.0|atr_ceiling=0.018,atr_floor=0.0012,bb_width=0.0025,ema20_offset=0.0035,ema50_guard=0.02,macro_limit=0.055,range_mult=0.6,rsi_2=10,slope_guard=0.003,volume_mult=0.7"
2025-03-03 11:16:00+00:00,0.0009383882888003991,fixed_hold,0.007507106310403193,1m:XRP:ma_offset_reversion:long:market_aligned:h18:tp0.0:sl0.0:28df47896b,XRP,ma_offset_reversion,long,market_aligned,18,0.0,0.0,"XRP|ma_offset_reversion|long|market_aligned|18|0.0|0.0|atr_ceiling=0.03,atr_floor=0.0012,bb_width=0.0025,ema20_offset=0.002,ema50_guard=0.02,macro_limit=0.055,range_mult=0.6,rsi_2=14,slope_guard=0.003,volume_mult=0.7"
2025-03-03 21:47:00+00:00,-0.0010596546835714422,fixed_hold,-0.008477237468571538,1m:ETC:ma_offset_reversion:long:market_chop:h18:tp0.0:sl0.0:8e314e8647,ETC,ma_offset_reversion,long,market_chop,18,0.0,0.0,"ETC|ma_offset_reversion|long|market_chop|18|0.0|0.0|atr_ceiling=0.018,atr_floor=0.0012,bb_width=0.0025,ema20_offset=0.0035,ema50_guard=0.02,macro_limit=0.055,range_mult=0.6,rsi_2=10,slope_guard=0.003,volume_mult=0.7"
2025-03-04 05:02:00+00:00,0.007612822349570212,fixed_hold,0.0609025787965617,1m:LTC:ma_offset_reversion:long:market_contra:h3:tp0.0:sl0.0:b59bbcfd6a,LTC,ma_offset_reversion,long,market_contra,3,0.0,0.0,"LTC|ma_offset_reversion|long|market_contra|3|0.0|0.0|atr_ceiling=0.018,atr_floor=0.0012,bb_width=0.0025,ema20_offset=0.0035,ema50_guard=0.02,macro_limit=0.055,range_mult=0.6,rsi_2=10,slope_guard=0.003,volume_mult=0.7"
2025-03-04 13:03:00+00:00,-0.005315894726446792,fixed_hold,-0.04252715781157434,1m:LTC:ma_offset_reversion:long:market_chop:h12:tp0.0:sl0.0:6a49d5d264,LTC,ma_offset_reversion,long,market_chop,12,0.0,0.0,"LTC|ma_offset_reversion|long|market_chop|12|0.0|0.0|atr_ceiling=0.03,atr_floor=0.0006,bb_width=0.0025,ema20_offset=0.0035,ema50_guard=0.02,macro_limit=0.055,range_mult=0.6,rsi_2=10,slope_guard=0.003,volume_mult=0.7"
2025-03-05 00:34:00+00:00,-0.0025720404984422985,fixed_hold,-0.02057632398753839,1m:LTC:ma_offset_reversion:long:market_contra:h3:tp0.0:sl0.0:b59bbcfd6a,LTC,ma_offset_reversion,long,market_contra,3,0.0,0.0,"LTC|ma_offset_reversion|long|market_contra|3|0.0|0.0|atr_ceiling=0.018,atr_floor=0.0012,bb_width=0.0025,ema20_offset=0.0035,ema50_guard=0.02,macro_limit=0.055,range_mult=0.6,rsi_2=10,slope_guard=0.003,volume_mult=0.7"
2025-03-05 02:35:00+00:00,0.007860991379310331,fixed_hold,0.06288793103448265,1m:OP:ma_offset_reversion:long:market_contra:h12:tp0.0:sl0.0:764d46ed63,OP,ma_offset_reversion,long,market_contra,12,0.0,0.0,"OP|ma_offset_reversion|long|market_contra|12|0.0|0.0|atr_ceiling=0.03,atr_floor=0.0006,bb_width=0.0025,ema20_offset=0.0035,ema50_guard=0.02,macro_limit=0.055,range_mult=0.6,rsi_2=10,slope_guard=0.003,volume_mult=0.7"
2025-03-05 11:52:00+00:00,0.002176106310816731,fixed_hold,0.017408850486533848,1m:XRP:ma_offset_reversion:long:market_aligned:h18:tp0.0:sl0.0:28df47896b,XRP,ma_offset_reversion,long,market_aligned,18,0.0,0.0,"XRP|ma_offset_reversion|long|market_aligned|18|0.0|0.0|atr_ceiling=0.03,atr_floor=0.0012,bb_width=0.0025,ema20_offset=0.002,ema50_guard=0.02,macro_limit=0.055,range_mult=0.6,rsi_2=14,slope_guard=0.003,volume_mult=0.7"
2025-03-05 12:43:00+00:00,0.0005567121248693108,fixed_hold,0.004453696998954486,1m:XRP:ma_offset_reversion:long:market_aligned:h18:tp0.0:sl0.0:28df47896b,XRP,ma_offset_reversion,long,market_aligned,18,0.0,0.0,"XRP|ma_offset_reversion|long|market_aligned|18|0.0|0.0|atr_ceiling=0.03,atr_floor=0.0012,bb_width=0.0025,ema20_offset=0.002,ema50_guard=0.02,macro_limit=0.055,range_mult=0.6,rsi_2=14,slope_guard=0.003,volume_mult=0.7"
2025-03-05 12:43:00+00:00,-0.0013289987126879894,fixed_hold,-0.010631989701503915,1m:XRP:ma_offset_reversion:long:market_aligned:h12:tp0.0:sl0.0:96ef77ad3d,XRP,ma_offset_reversion,long,market_aligned,12,0.0,0.0,"XRP|ma_offset_reversion|long|market_aligned|12|0.0|0.0|atr_ceiling=0.018,atr_floor=0.0006,bb_width=0.0025,ema20_offset=0.002,ema50_guard=0.02,macro_limit=0.055,range_mult=0.6,rsi_2=10,slope_guard=0.003,volume_mult=0.7"
2025-03-05 17:46:00+00:00,-0.0004107807374038175,fixed_hold,-0.00328624589923054,1m:ETC:ma_offset_reversion:long:market_chop:h18:tp0.0:sl0.0:8e314e8647,ETC,ma_offset_reversion,long,market_chop,18,0.0,0.0,"ETC|ma_offset_reversion|long|market_chop|18|0.0|0.0|atr_ceiling=0.018,atr_floor=0.0012,bb_width=0.0025,ema20_offset=0.0035,ema50_guard=0.02,macro_limit=0.055,range_mult=0.6,rsi_2=10,slope_guard=0.003,volume_mult=0.7"
2025-03-05 19:37:00+00:00,0.0019328562728381658,fixed_hold,0.015462850182705327,1m:ETC:ma_offset_reversion:long:market_chop:h18:tp0.0:sl0.0:8e314e8647,ETC,ma_offset_reversion,long,market_chop,18,0.0,0.0,"ETC|ma_offset_reversion|long|market_chop|18|0.0|0.0|atr_ceiling=0.018,atr_floor=0.0012,bb_width=0.0025,ema20_offset=0.0035,ema50_guard=0.02,macro_limit=0.055,range_mult=0.6,rsi_2=10,slope_guard=0.003,volume_mult=0.7"
2025-03-06 22:17:00+00:00,-0.005318095614001358,fixed_hold,-0.04254476491201086,1m:XRP:ma_offset_reversion:long:market_aligned:h12:tp0.0:sl0.0:96ef77ad3d,XRP,ma_offset_reversion,long,market_aligned,12,0.0,0.0,"XRP|ma_offset_reversion|long|market_aligned|12|0.0|0.0|atr_ceiling=0.018,atr_floor=0.0006,bb_width=0.0025,ema20_offset=0.002,ema50_guard=0.02,macro_limit=0.055,range_mult=0.6,rsi_2=10,slope_guard=0.003,volume_mult=0.7"
2025-03-06 22:17:00+00:00,-0.0030076485424929823,fixed_hold,-0.02406118833994386,1m:XRP:ma_offset_reversion:long:market_aligned:h18:tp0.0:sl0.0:28df47896b,XRP,ma_offset_reversion,long,market_aligned,18,0.0,0.0,"XRP|ma_offset_reversion|long|market_aligned|18|0.0|0.0|atr_ceiling=0.03,atr_floor=0.0012,bb_width=0.0025,ema20_offset=0.002,ema50_guard=0.02,macro_limit=0.055,range_mult=0.6,rsi_2=14,slope_guard=0.003,volume_mult=0.7"
2025-03-07 10:34:00+00:00,0.0009459668995234072,fixed_hold,0.007567735196187257,1m:APT:vwap_stretch_reversion:long:market_aligned:h12:tp0.0:sl0.0:5666960c57,APT,vwap_stretch_reversion,long,market_aligned,12,0.0,0.0,"APT|vwap_stretch_reversion|long|market_aligned|12|0.0|0.0|atr_ceiling=0.018,atr_floor=0.0006,bb_width=0.0025,close_pos=0.35,macro_limit=0.055,min_dist=0.0035,rsi_2=14,volume_mult=0.7,z_entry=2.4"
2025-03-07 10:34:00+00:00,0.0009459668995234072,fixed_hold,0.007567735196187257,1m:APT:vwap_stretch_reversion:long:market_aligned:h12:tp0.0:sl0.0:5bffc84553,APT,vwap_stretch_reversion,long,market_aligned,12,0.0,0.0,"APT|vwap_stretch_reversion|long|market_aligned|12|0.0|0.0|atr_ceiling=0.03,atr_floor=0.0006,bb_width=0.0025,close_pos=0.35,macro_limit=0.055,min_dist=0.0035,rsi_2=10,volume_mult=0.7,z_entry=1.8"
2025-03-08 03:12:00+00:00,0.0010328249336869631,fixed_hold,0.008262599469495705,1m:OP:ma_offset_reversion:long:market_contra:h12:tp0.0:sl0.0:764d46ed63,OP,ma_offset_reversion,long,market_contra,12,0.0,0.0,"OP|ma_offset_reversion|long|market_contra|12|0.0|0.0|atr_ceiling=0.03,atr_floor=0.0006,bb_width=0.0025,ema20_offset=0.0035,ema50_guard=0.02,macro_limit=0.055,range_mult=0.6,rsi_2=10,slope_guard=0.003,volume_mult=0.7"
2025-03-10 19:45:00+00:00,0.0030478994657600488,fixed_hold,0.02438319572608039,1m:XRP:ma_offset_reversion:long:market_aligned:h18:tp0.0:sl0.0:28df47896b,XRP,ma_offset_reversion,long,market_aligned,18,0.0,0.0,"XRP|ma_offset_reversion|long|market_aligned|18|0.0|0.0|atr_ceiling=0.03,atr_floor=0.0012,bb_width=0.0025,ema20_offset=0.002,ema50_guard=0.02,macro_limit=0.055,range_mult=0.6,rsi_2=14,slope_guard=0.003,volume_mult=0.7"
2025-03-12 19:36:00+00:00,0.0008446660918639415,fixed_hold,0.006757328734911532,1m:APT:vwap_stretch_reversion:long:market_aligned:h12:tp0.0:sl0.0:5bffc84553,APT,vwap_stretch_reversion,long,market_aligned,12,0.0,0.0,"APT|vwap_stretch_reversion|long|market_aligned|12|0.0|0.0|atr_ceiling=0.03,atr_floor=0.0006,bb_width=0.0025,close_pos=0.35,macro_limit=0.055,min_dist=0.0035,rsi_2=10,volume_mult=0.7,z_entry=1.8"
2025-03-13 08:26:00+00:00,0.0007738691247496243,fixed_hold,0.0061909529979969945,1m:OP:ma_offset_reversion:long:market_contra:h12:tp0.0:sl0.0:764d46ed63,OP,ma_offset_reversion,long,market_contra,12,0.0,0.0,"OP|ma_offset_reversion|long|market_contra|12|0.0|0.0|atr_ceiling=0.03,atr_floor=0.0006,bb_width=0.0025,ema20_offset=0.0035,ema50_guard=0.02,macro_limit=0.055,range_mult=0.6,rsi_2=10,slope_guard=0.003,volume_mult=0.7"
2025-03-13 22:21:00+00:00,0.0003948027145294497,fixed_hold,0.0031584217162355975,1m:XLM:ma_offset_reversion:long:market_aligned:h12:tp0.0:sl0.0:c967453033,XLM,ma_offset_reversion,long,market_aligned,12,0.0,0.0,"XLM|ma_offset_reversion|long|market_aligned|12|0.0|0.0|atr_ceiling=0.018,atr_floor=0.0012,bb_width=0.0025,ema20_offset=0.002,ema50_guard=0.02,macro_limit=0.055,range_mult=0.6,rsi_2=10,slope_guard=0.003,volume_mult=0.7"
2025-03-14 12:33:00+00:00,-0.002248798389192091,fixed_hold,-0.01799038711353673,1m:XRP:ma_offset_reversion:long:market_aligned:h12:tp0.0:sl0.0:96ef77ad3d,XRP,ma_offset_reversion,long,market_aligned,12,0.0,0.0,"XRP|ma_offset_reversion|long|market_aligned|12|0.0|0.0|atr_ceiling=0.018,atr_floor=0.0006,bb_width=0.0025,ema20_offset=0.002,ema50_guard=0.02,macro_limit=0.055,range_mult=0.6,rsi_2=10,slope_guard=0.003,volume_mult=0.7"
2025-03-26 21:36:00+00:00,0.004766896749456504,fixed_hold,0.038135173995652034,1m:APT:vwap_stretch_reversion:long:market_chop:h12:tp0.0:sl0.0:e2e5fa91a1,APT,vwap_stretch_reversion,long,market_chop,12,0.0,0.0,"APT|vwap_stretch_reversion|long|market_chop|12|0.0|0.0|atr_ceiling=0.018,atr_floor=0.0006,bb_width=0.0025,close_pos=0.35,macro_limit=0.055,min_dist=0.0035,rsi_2=10,volume_mult=0.7,z_entry=2.4"
2025-03-28 13:28:00+00:00,0.0005924405436013447,fixed_hold,0.004739524348810757,1m:XRP:ma_offset_reversion:long:market_aligned:h18:tp0.0:sl0.0:28df47896b,XRP,ma_offset_reversion,long,market_aligned,18,0.0,0.0,"XRP|ma_offset_reversion|long|market_aligned|18|0.0|0.0|atr_ceiling=0.03,atr_floor=0.0012,bb_width=0.0025,ema20_offset=0.002,ema50_guard=0.02,macro_limit=0.055,range_mult=0.6,rsi_2=14,slope_guard=0.003,volume_mult=0.7"
2025-03-30 13:33:00+00:00,-0.0001128848179796771,fixed_hold,-0.0009030785438374168,1m:LTC:ma_offset_reversion:long:market_contra:h3:tp0.0:sl0.0:b59bbcfd6a,LTC,ma_offset_reversion,long,market_contra,3,0.0,0.0,"LTC|ma_offset_reversion|long|market_contra|3|0.0|0.0|atr_ceiling=0.018,atr_floor=0.0012,bb_width=0.0025,ema20_offset=0.0035,ema50_guard=0.02,macro_limit=0.055,range_mult=0.6,rsi_2=10,slope_guard=0.003,volume_mult=0.7"
2025-03-30 13:33:00+00:00,0.0028806089743588924,fixed_hold,0.02304487179487114,1m:OP:ma_offset_reversion:long:market_contra:h12:tp0.0:sl0.0:764d46ed63,OP,ma_offset_reversion,long,market_contra,12,0.0,0.0,"OP|ma_offset_reversion|long|market_contra|12|0.0|0.0|atr_ceiling=0.03,atr_floor=0.0006,bb_width=0.0025,ema20_offset=0.0035,ema50_guard=0.02,macro_limit=0.055,range_mult=0.6,rsi_2=10,slope_guard=0.003,volume_mult=0.7"
2025-03-31 06:15:00+00:00,-0.0024542390365608203,fixed_hold,-0.019633912292486563,1m:XRP:ma_offset_reversion:long:market_aligned:h18:tp0.0:sl0.0:28df47896b,XRP,ma_offset_reversion,long,market_aligned,18,0.0,0.0,"XRP|ma_offset_reversion|long|market_aligned|18|0.0|0.0|atr_ceiling=0.03,atr_floor=0.0012,bb_width=0.0025,ema20_offset=0.002,ema50_guard=0.02,macro_limit=0.055,range_mult=0.6,rsi_2=14,slope_guard=0.003,volume_mult=0.7"
2025-03-31 06:15:00+00:00,-0.0029640269647826507,fixed_hold,-0.023712215718261206,1m:XRP:ma_offset_reversion:long:market_aligned:h12:tp0.0:sl0.0:96ef77ad3d,XRP,ma_offset_reversion,long,market_aligned,12,0.0,0.0,"XRP|ma_offset_reversion|long|market_aligned|12|0.0|0.0|atr_ceiling=0.018,atr_floor=0.0006,bb_width=0.0025,ema20_offset=0.002,ema50_guard=0.02,macro_limit=0.055,range_mult=0.6,rsi_2=10,slope_guard=0.003,volume_mult=0.7"
2025-03-31 08:19:00+00:00,0.0033510586635585736,fixed_hold,0.02680846930846859,1m:XRP:ma_offset_reversion:long:market_aligned:h18:tp0.0:sl0.0:28df47896b,XRP,ma_offset_reversion,long,market_aligned,18,0.0,0.0,"XRP|ma_offset_reversion|long|market_aligned|18|0.0|0.0|atr_ceiling=0.03,atr_floor=0.0012,bb_width=0.0025,ema20_offset=0.002,ema50_guard=0.02,macro_limit=0.055,range_mult=0.6,rsi_2=14,slope_guard=0.003,volume_mult=0.7"
2025-03-31 08:19:00+00:00,0.0024708624708624093,fixed_hold,0.019766899766899274,1m:XRP:ma_offset_reversion:long:market_aligned:h12:tp0.0:sl0.0:96ef77ad3d,XRP,ma_offset_reversion,long,market_aligned,12,0.0,0.0,"XRP|ma_offset_reversion|long|market_aligned|12|0.0|0.0|atr_ceiling=0.018,atr_floor=0.0006,bb_width=0.0025,ema20_offset=0.002,ema50_guard=0.02,macro_limit=0.055,range_mult=0.6,rsi_2=10,slope_guard=0.003,volume_mult=0.7"
2025-03-31 13:33:00+00:00,0.00021567009048671702,fixed_hold,0.0017253607238937362,1m:LTC:ma_offset_reversion:long:market_contra:h3:tp0.0:sl0.0:b59bbcfd6a,LTC,ma_offset_reversion,long,market_contra,3,0.0,0.0,"LTC|ma_offset_reversion|long|market_contra|3|0.0|0.0|atr_ceiling=0.018,atr_floor=0.0012,bb_width=0.0025,ema20_offset=0.0035,ema50_guard=0.02,macro_limit=0.055,range_mult=0.6,rsi_2=10,slope_guard=0.003,volume_mult=0.7"
2025-03-31 16:00:00+00:00,-0.004053939314772047,fixed_hold,-0.03243151451817638,1m:XLM:ma_offset_reversion:long:market_aligned:h12:tp0.0:sl0.0:c967453033,XLM,ma_offset_reversion,long,market_aligned,12,0.0,0.0,"XLM|ma_offset_reversion|long|market_aligned|12|0.0|0.0|atr_ceiling=0.018,atr_floor=0.0012,bb_width=0.0025,ema20_offset=0.002,ema50_guard=0.02,macro_limit=0.055,range_mult=0.6,rsi_2=10,slope_guard=0.003,volume_mult=0.7"
2025-04-01 16:29:00+00:00,-0.000625,fixed_hold,-0.005,1m:XTZ:vwap_stretch_reversion:long:market_chop:h8:tp0.0:sl0.0:5162f59369,XTZ,vwap_stretch_reversion,long,market_chop,8,0.0,0.0,"XTZ|vwap_stretch_reversion|long|market_chop|8|0.0|0.0|atr_ceiling=0.03,atr_floor=0.0006,bb_width=0.0025,close_pos=0.35,macro_limit=0.055,min_dist=0.0035,rsi_2=10,volume_mult=0.7,z_entry=1.8"
2025-04-07 12:43:00+00:00,0.011907396671668388,fixed_hold,0.0952591733733471,1m:XLM:ma_offset_reversion:long:market_aligned:h12:tp0.0:sl0.0:c967453033,XLM,ma_offset_reversion,long,market_aligned,12,0.0,0.0,"XLM|ma_offset_reversion|long|market_aligned|12|0.0|0.0|atr_ceiling=0.018,atr_floor=0.0012,bb_width=0.0025,ema20_offset=0.002,ema50_guard=0.02,macro_limit=0.055,range_mult=0.6,rsi_2=10,slope_guard=0.003,volume_mult=0.7"
2025-04-07 23:22:00+00:00,0.00042542016806722315,fixed_hold,0.003403361344537785,1m:XTZ:vwap_stretch_reversion:long:market_chop:h8:tp0.0:sl0.0:5162f59369,XTZ,vwap_stretch_reversion,long,market_chop,8,0.0,0.0,"XTZ|vwap_stretch_reversion|long|market_chop|8|0.0|0.0|atr_ceiling=0.03,atr_floor=0.0006,bb_width=0.0025,close_pos=0.35,macro_limit=0.055,min_dist=0.0035,rsi_2=10,volume_mult=0.7,z_entry=1.8"
2025-04-10 21:21:00+00:00,0.0016941094619666451,fixed_hold,0.013552875695733161,1m:XTZ:vwap_stretch_reversion:long:market_chop:h8:tp0.0:sl0.0:5162f59369,XTZ,vwap_stretch_reversion,long,market_chop,8,0.0,0.0,"XTZ|vwap_stretch_reversion|long|market_chop|8|0.0|0.0|atr_ceiling=0.03,atr_floor=0.0006,bb_width=0.0025,close_pos=0.35,macro_limit=0.055,min_dist=0.0035,rsi_2=10,volume_mult=0.7,z_entry=1.8"
2025-04-11 03:09:00+00:00,-0.000165321882841587,fixed_hold,-0.001322575062732696,1m:XLM:ma_offset_reversion:long:market_aligned:h12:tp0.0:sl0.0:c967453033,XLM,ma_offset_reversion,long,market_aligned,12,0.0,0.0,"XLM|ma_offset_reversion|long|market_aligned|12|0.0|0.0|atr_ceiling=0.018,atr_floor=0.0012,bb_width=0.0025,ema20_offset=0.002,ema50_guard=0.02,macro_limit=0.055,range_mult=0.6,rsi_2=10,slope_guard=0.003,volume_mult=0.7"
2025-04-12 16:11:00+00:00,0.00524218990458604,fixed_hold,0.04193751923668832,1m:SOL:vwap_stretch_reversion:long:market_chop:h12:tp0.0:sl0.0:936b55a31d,SOL,vwap_stretch_reversion,long,market_chop,12,0.0,0.0,"SOL|vwap_stretch_reversion|long|market_chop|12|0.0|0.0|atr_ceiling=0.03,atr_floor=0.0012,bb_width=0.0025,close_pos=0.35,macro_limit=0.055,min_dist=0.0035,rsi_2=10,volume_mult=0.7,z_entry=1.8"
2025-04-13 01:38:00+00:00,-0.0043153860711582495,fixed_hold,-0.034523088569265996,1m:SOL:vwap_stretch_reversion:long:market_chop:h12:tp0.0:sl0.0:936b55a31d,SOL,vwap_stretch_reversion,long,market_chop,12,0.0,0.0,"SOL|vwap_stretch_reversion|long|market_chop|12|0.0|0.0|atr_ceiling=0.03,atr_floor=0.0012,bb_width=0.0025,close_pos=0.35,macro_limit=0.055,min_dist=0.0035,rsi_2=10,volume_mult=0.7,z_entry=1.8"
2025-04-13 21:40:00+00:00,0.0038578089489376553,fixed_hold,0.030862471591501243,1m:APT:vwap_stretch_reversion:long:market_chop:h12:tp0.0:sl0.0:e2e5fa91a1,APT,vwap_stretch_reversion,long,market_chop,12,0.0,0.0,"APT|vwap_stretch_reversion|long|market_chop|12|0.0|0.0|atr_ceiling=0.018,atr_floor=0.0006,bb_width=0.0025,close_pos=0.35,macro_limit=0.055,min_dist=0.0035,rsi_2=10,volume_mult=0.7,z_entry=2.4"
2025-04-15 15:37:00+00:00,-0.001034997376016741,fixed_hold,-0.008279979008133927,1m:LTC:ma_offset_reversion:long:market_contra:h3:tp0.0:sl0.0:b59bbcfd6a,LTC,ma_offset_reversion,long,market_contra,3,0.0,0.0,"LTC|ma_offset_reversion|long|market_contra|3|0.0|0.0|atr_ceiling=0.018,atr_floor=0.0012,bb_width=0.0025,ema20_offset=0.0035,ema50_guard=0.02,macro_limit=0.055,range_mult=0.6,rsi_2=10,slope_guard=0.003,volume_mult=0.7"
2025-04-16 12:47:00+00:00,-0.002393391269199657,fixed_hold,-0.019147130153597255,1m:LTC:ma_offset_reversion:long:market_contra:h3:tp0.0:sl0.0:b59bbcfd6a,LTC,ma_offset_reversion,long,market_contra,3,0.0,0.0,"LTC|ma_offset_reversion|long|market_contra|3|0.0|0.0|atr_ceiling=0.018,atr_floor=0.0012,bb_width=0.0025,ema20_offset=0.0035,ema50_guard=0.02,macro_limit=0.055,range_mult=0.6,rsi_2=10,slope_guard=0.003,volume_mult=0.7"
2025-04-17 12:56:00+00:00,0.006508414123609156,fixed_hold,0.052067312988873245,1m:APT:vwap_stretch_reversion:long:market_aligned:h12:tp0.0:sl0.0:5bffc84553,APT,vwap_stretch_reversion,long,market_aligned,12,0.0,0.0,"APT|vwap_stretch_reversion|long|market_aligned|12|0.0|0.0|atr_ceiling=0.03,atr_floor=0.0006,bb_width=0.0025,close_pos=0.35,macro_limit=0.055,min_dist=0.0035,rsi_2=10,volume_mult=0.7,z_entry=1.8"
2025-04-17 12:56:00+00:00,0.006508414123609156,fixed_hold,0.052067312988873245,1m:APT:vwap_stretch_reversion:long:market_aligned:h12:tp0.0:sl0.0:5666960c57,APT,vwap_stretch_reversion,long,market_aligned,12,0.0,0.0,"APT|vwap_stretch_reversion|long|market_aligned|12|0.0|0.0|atr_ceiling=0.018,atr_floor=0.0006,bb_width=0.0025,close_pos=0.35,macro_limit=0.055,min_dist=0.0035,rsi_2=14,volume_mult=0.7,z_entry=2.4"
2025-04-17 12:58:00+00:00,0.0056675019871058755,fixed_hold,0.045340015896847004,1m:APT:vwap_stretch_reversion:long:market_aligned:h12:tp0.0:sl0.0:5666960c57,APT,vwap_stretch_reversion,long,market_aligned,12,0.0,0.0,"APT|vwap_stretch_reversion|long|market_aligned|12|0.0|0.0|atr_ceiling=0.018,atr_floor=0.0006,bb_width=0.0025,close_pos=0.35,macro_limit=0.055,min_dist=0.0035,rsi_2=14,volume_mult=0.7,z_entry=2.4"
2025-04-17 15:26:00+00:00,0.0018010067928190408,fixed_hold,0.014408054342552327,1m:XRP:ma_offset_reversion:long:market_aligned:h18:tp0.0:sl0.0:28df47896b,XRP,ma_offset_reversion,long,market_aligned,18,0.0,0.0,"XRP|ma_offset_reversion|long|market_aligned|18|0.0|0.0|atr_ceiling=0.03,atr_floor=0.0012,bb_width=0.0025,ema20_offset=0.002,ema50_guard=0.02,macro_limit=0.055,range_mult=0.6,rsi_2=14,slope_guard=0.003,volume_mult=0.7"
2025-04-17 15:26:00+00:00,0.0027714095099466017,fixed_hold,0.022171276079572814,1m:XRP:ma_offset_reversion:long:market_aligned:h12:tp0.0:sl0.0:96ef77ad3d,XRP,ma_offset_reversion,long,market_aligned,12,0.0,0.0,"XRP|ma_offset_reversion|long|market_aligned|12|0.0|0.0|atr_ceiling=0.018,atr_floor=0.0006,bb_width=0.0025,ema20_offset=0.002,ema50_guard=0.02,macro_limit=0.055,range_mult=0.6,rsi_2=10,slope_guard=0.003,volume_mult=0.7"
2025-04-20 13:08:00+00:00,0.00025243392541042574,fixed_hold,0.002019471403283406,1m:APT:vwap_stretch_reversion:long:market_chop:h12:tp0.0:sl0.0:e2e5fa91a1,APT,vwap_stretch_reversion,long,market_chop,12,0.0,0.0,"APT|vwap_stretch_reversion|long|market_chop|12|0.0|0.0|atr_ceiling=0.018,atr_floor=0.0006,bb_width=0.0025,close_pos=0.35,macro_limit=0.055,min_dist=0.0035,rsi_2=10,volume_mult=0.7,z_entry=2.4"
2025-04-25 14:23:00+00:00,0.0014210785694170757,fixed_hold,0.011368628555336605,1m:XLM:ma_offset_reversion:long:market_aligned:h12:tp0.0:sl0.0:c967453033,XLM,ma_offset_reversion,long,market_aligned,12,0.0,0.0,"XLM|ma_offset_reversion|long|market_aligned|12|0.0|0.0|atr_ceiling=0.018,atr_floor=0.0012,bb_width=0.0025,ema20_offset=0.002,ema50_guard=0.02,macro_limit=0.055,range_mult=0.6,rsi_2=10,slope_guard=0.003,volume_mult=0.7"
2025-05-05 01:32:00+00:00,0.000997610337502911,fixed_hold,0.007980882700023288,1m:LTC:ma_offset_reversion:long:market_contra:h3:tp0.0:sl0.0:b59bbcfd6a,LTC,ma_offset_reversion,long,market_contra,3,0.0,0.0,"LTC|ma_offset_reversion|long|market_contra|3|0.0|0.0|atr_ceiling=0.018,atr_floor=0.0012,bb_width=0.0025,ema20_offset=0.0035,ema50_guard=0.02,macro_limit=0.055,range_mult=0.6,rsi_2=10,slope_guard=0.003,volume_mult=0.7"
2025-05-05 08:55:00+00:00,-0.0005543226280674962,fixed_hold,-0.00443458102453997,1m:LTC:ma_offset_reversion:long:market_contra:h3:tp0.0:sl0.0:b59bbcfd6a,LTC,ma_offset_reversion,long,market_contra,3,0.0,0.0,"LTC|ma_offset_reversion|long|market_contra|3|0.0|0.0|atr_ceiling=0.018,atr_floor=0.0012,bb_width=0.0025,ema20_offset=0.0035,ema50_guard=0.02,macro_limit=0.055,range_mult=0.6,rsi_2=10,slope_guard=0.003,volume_mult=0.7"
2025-05-08 12:39:00+00:00,0.0022570162187948027,fixed_hold,0.018056129750358422,1m:OP:ma_offset_reversion:long:market_contra:h12:tp0.0:sl0.0:764d46ed63,OP,ma_offset_reversion,long,market_contra,12,0.0,0.0,"OP|ma_offset_reversion|long|market_contra|12|0.0|0.0|atr_ceiling=0.03,atr_floor=0.0006,bb_width=0.0025,ema20_offset=0.0035,ema50_guard=0.02,macro_limit=0.055,range_mult=0.6,rsi_2=10,slope_guard=0.003,volume_mult=0.7"
2025-05-09 05:03:00+00:00,0.00046536985345423164,fixed_hold,0.003722958827633853,1m:XRP:ma_offset_reversion:long:market_aligned:h12:tp0.0:sl0.0:96ef77ad3d,XRP,ma_offset_reversion,long,market_aligned,12,0.0,0.0,"XRP|ma_offset_reversion|long|market_aligned|12|0.0|0.0|atr_ceiling=0.018,atr_floor=0.0006,bb_width=0.0025,ema20_offset=0.002,ema50_guard=0.02,macro_limit=0.055,range_mult=0.6,rsi_2=10,slope_guard=0.003,volume_mult=0.7"
2025-05-09 05:03:00+00:00,-0.000543222260991002,fixed_hold,-0.004345778087928016,1m:XRP:ma_offset_reversion:long:market_aligned:h18:tp0.0:sl0.0:28df47896b,XRP,ma_offset_reversion,long,market_aligned,18,0.0,0.0,"XRP|ma_offset_reversion|long|market_aligned|18|0.0|0.0|atr_ceiling=0.03,atr_floor=0.0012,bb_width=0.0025,ema20_offset=0.002,ema50_guard=0.02,macro_limit=0.055,range_mult=0.6,rsi_2=14,slope_guard=0.003,volume_mult=0.7"
2025-05-09 10:13:00+00:00,0.0012511498983248247,fixed_hold,0.010009199186598598,1m:DOGE:vwap_stretch_reversion:short:market_chop:h12:tp0.0:sl0.0:ee0491755a,DOGE,vwap_stretch_reversion,short,market_chop,12,0.0,0.0,"DOGE|vwap_stretch_reversion|short|market_chop|12|0.0|0.0|atr_ceiling=0.03,atr_floor=0.0012,bb_width=0.0025,close_pos=0.35,macro_limit=0.055,min_dist=0.002,rsi_2=10,volume_mult=0.7,z_entry=2.4"
2025-05-10 04:08:00+00:00,-0.001004620201154049,fixed_hold,-0.008036961609232392,1m:APT:vwap_stretch_reversion:long:market_chop:h12:tp0.0:sl0.0:e2e5fa91a1,APT,vwap_stretch_reversion,long,market_chop,12,0.0,0.0,"APT|vwap_stretch_reversion|long|market_chop|12|0.0|0.0|atr_ceiling=0.018,atr_floor=0.0006,bb_width=0.0025,close_pos=0.35,macro_limit=0.055,min_dist=0.0035,rsi_2=10,volume_mult=0.7,z_entry=2.4"
2025-05-10 07:26:00+00:00,0.001152404343329819,fixed_hold,0.009219234746638553,1m:ETC:vwap_stretch_reversion:long:market_chop:h12:tp0.0:sl0.0:3984b37f3e,ETC,vwap_stretch_reversion,long,market_chop,12,0.0,0.0,"ETC|vwap_stretch_reversion|long|market_chop|12|0.0|0.0|atr_ceiling=0.03,atr_floor=0.0006,bb_width=0.0025,close_pos=0.35,macro_limit=0.055,min_dist=0.002,rsi_2=10,volume_mult=0.7,z_entry=2.4"
2025-05-11 00:28:00+00:00,0.010266958526123846,fixed_hold,0.08213566820899076,1m:APT:vwap_stretch_reversion:long:market_chop:h12:tp0.0:sl0.0:e2e5fa91a1,APT,vwap_stretch_reversion,long,market_chop,12,0.0,0.0,"APT|vwap_stretch_reversion|long|market_chop|12|0.0|0.0|atr_ceiling=0.018,atr_floor=0.0006,bb_width=0.0025,close_pos=0.35,macro_limit=0.055,min_dist=0.0035,rsi_2=10,volume_mult=0.7,z_entry=2.4"
2025-05-11 03:49:00+00:00,-0.002260342544433413,fixed_hold,-0.018082740355467305,1m:XLM:ma_offset_reversion:long:market_aligned:h12:tp0.0:sl0.0:c967453033,XLM,ma_offset_reversion,long,market_aligned,12,0.0,0.0,"XLM|ma_offset_reversion|long|market_aligned|12|0.0|0.0|atr_ceiling=0.018,atr_floor=0.0012,bb_width=0.0025,ema20_offset=0.002,ema50_guard=0.02,macro_limit=0.055,range_mult=0.6,rsi_2=10,slope_guard=0.003,volume_mult=0.7"
2025-05-14 21:14:00+00:00,0.0011441957741494678,fixed_hold,0.009153566193195743,1m:ETC:vwap_stretch_reversion:long:market_chop:h12:tp0.0:sl0.0:3984b37f3e,ETC,vwap_stretch_reversion,long,market_chop,12,0.0,0.0,"ETC|vwap_stretch_reversion|long|market_chop|12|0.0|0.0|atr_ceiling=0.03,atr_floor=0.0006,bb_width=0.0025,close_pos=0.35,macro_limit=0.055,min_dist=0.002,rsi_2=10,volume_mult=0.7,z_entry=2.4"
2025-05-17 22:07:00+00:00,-0.0019266765594085074,fixed_hold,-0.015413412475268059,1m:LTC:ma_offset_reversion:long:market_contra:h3:tp0.0:sl0.0:b59bbcfd6a,LTC,ma_offset_reversion,long,market_contra,3,0.0,0.0,"LTC|ma_offset_reversion|long|market_contra|3|0.0|0.0|atr_ceiling=0.018,atr_floor=0.0012,bb_width=0.0025,ema20_offset=0.0035,ema50_guard=0.02,macro_limit=0.055,range_mult=0.6,rsi_2=10,slope_guard=0.003,volume_mult=0.7"
2025-05-20 06:07:00+00:00,-0.0014955947903607515,fixed_hold,-0.011964758322886012,1m:OP:ma_offset_reversion:long:market_contra:h12:tp0.0:sl0.0:764d46ed63,OP,ma_offset_reversion,long,market_contra,12,0.0,0.0,"OP|ma_offset_reversion|long|market_contra|12|0.0|0.0|atr_ceiling=0.03,atr_floor=0.0006,bb_width=0.0025,ema20_offset=0.0035,ema50_guard=0.02,macro_limit=0.055,range_mult=0.6,rsi_2=10,slope_guard=0.003,volume_mult=0.7"
2025-05-21 02:02:00+00:00,-0.0010919655246023614,fixed_hold,-0.008735724196818891,1m:LTC:ma_offset_reversion:long:market_contra:h3:tp0.0:sl0.0:b59bbcfd6a,LTC,ma_offset_reversion,long,market_contra,3,0.0,0.0,"LTC|ma_offset_reversion|long|market_contra|3|0.0|0.0|atr_ceiling=0.018,atr_floor=0.0012,bb_width=0.0025,ema20_offset=0.0035,ema50_guard=0.02,macro_limit=0.055,range_mult=0.6,rsi_2=10,slope_guard=0.003,volume_mult=0.7"
2025-05-22 05:59:00+00:00,0.0008366166751398041,fixed_hold,0.006692933401118433,1m:LTC:ma_offset_reversion:long:market_contra:h3:tp0.0:sl0.0:b59bbcfd6a,LTC,ma_offset_reversion,long,market_contra,3,0.0,0.0,"LTC|ma_offset_reversion|long|market_contra|3|0.0|0.0|atr_ceiling=0.018,atr_floor=0.0012,bb_width=0.0025,ema20_offset=0.0035,ema50_guard=0.02,macro_limit=0.055,range_mult=0.6,rsi_2=10,slope_guard=0.003,volume_mult=0.7"
2025-05-22 13:08:00+00:00,0.0006437492951392321,fixed_hold,0.0051499943611138565,1m:SOL:vwap_stretch_reversion:long:market_chop:h12:tp0.0:sl0.0:936b55a31d,SOL,vwap_stretch_reversion,long,market_chop,12,0.0,0.0,"SOL|vwap_stretch_reversion|long|market_chop|12|0.0|0.0|atr_ceiling=0.03,atr_floor=0.0012,bb_width=0.0025,close_pos=0.35,macro_limit=0.055,min_dist=0.0035,rsi_2=10,volume_mult=0.7,z_entry=1.8"
2025-05-23 15:57:00+00:00,-0.0011028896393525801,fixed_hold,-0.008823117114820641,1m:OP:ma_offset_reversion:long:market_contra:h12:tp0.0:sl0.0:764d46ed63,OP,ma_offset_reversion,long,market_contra,12,0.0,0.0,"OP|ma_offset_reversion|long|market_contra|12|0.0|0.0|atr_ceiling=0.03,atr_floor=0.0006,bb_width=0.0025,ema20_offset=0.0035,ema50_guard=0.02,macro_limit=0.055,range_mult=0.6,rsi_2=10,slope_guard=0.003,volume_mult=0.7"
2025-05-26 16:23:00+00:00,0.0009455594498081898,fixed_hold,0.007564475598465519,1m:OP:ma_offset_reversion:long:market_contra:h12:tp0.0:sl0.0:764d46ed63,OP,ma_offset_reversion,long,market_contra,12,0.0,0.0,"OP|ma_offset_reversion|long|market_contra|12|0.0|0.0|atr_ceiling=0.03,atr_floor=0.0006,bb_width=0.0025,ema20_offset=0.0035,ema50_guard=0.02,macro_limit=0.055,range_mult=0.6,rsi_2=10,slope_guard=0.003,volume_mult=0.7"
2025-05-27 13:52:00+00:00,0.0006738224010231086,fixed_hold,0.005390579208184869,1m:ETC:ma_offset_reversion:long:market_chop:h18:tp0.0:sl0.0:8e314e8647,ETC,ma_offset_reversion,long,market_chop,18,0.0,0.0,"ETC|ma_offset_reversion|long|market_chop|18|0.0|0.0|atr_ceiling=0.018,atr_floor=0.0012,bb_width=0.0025,ema20_offset=0.0035,ema50_guard=0.02,macro_limit=0.055,range_mult=0.6,rsi_2=10,slope_guard=0.003,volume_mult=0.7"
2025-05-27 13:52:00+00:00,-0.001157850215804251,fixed_hold,-0.009262801726434008,1m:ETC:vwap_stretch_reversion:long:market_chop:h12:tp0.0:sl0.0:3984b37f3e,ETC,vwap_stretch_reversion,long,market_chop,12,0.0,0.0,"ETC|vwap_stretch_reversion|long|market_chop|12|0.0|0.0|atr_ceiling=0.03,atr_floor=0.0006,bb_width=0.0025,close_pos=0.35,macro_limit=0.055,min_dist=0.002,rsi_2=10,volume_mult=0.7,z_entry=2.4"
2025-05-30 12:12:00+00:00,-0.0004155963815054975,fixed_hold,-0.00332477105204398,1m:LTC:ma_offset_reversion:long:market_contra:h3:tp0.0:sl0.0:b59bbcfd6a,LTC,ma_offset_reversion,long,market_contra,3,0.0,0.0,"LTC|ma_offset_reversion|long|market_contra|3|0.0|0.0|atr_ceiling=0.018,atr_floor=0.0012,bb_width=0.0025,ema20_offset=0.0035,ema50_guard=0.02,macro_limit=0.055,range_mult=0.6,rsi_2=10,slope_guard=0.003,volume_mult=0.7"
2025-05-30 16:01:00+00:00,0.0018225927205712399,fixed_hold,0.014580741764569919,1m:ETC:vwap_stretch_reversion:long:market_chop:h12:tp0.0:sl0.0:3984b37f3e,ETC,vwap_stretch_reversion,long,market_chop,12,0.0,0.0,"ETC|vwap_stretch_reversion|long|market_chop|12|0.0|0.0|atr_ceiling=0.03,atr_floor=0.0006,bb_width=0.0025,close_pos=0.35,macro_limit=0.055,min_dist=0.002,rsi_2=10,volume_mult=0.7,z_entry=2.4"
2025-05-31 00:58:00+00:00,0.003934043348281028,fixed_hold,0.031472346786248225,1m:ETC:ma_offset_reversion:long:market_chop:h18:tp0.0:sl0.0:8e314e8647,ETC,ma_offset_reversion,long,market_chop,18,0.0,0.0,"ETC|ma_offset_reversion|long|market_chop|18|0.0|0.0|atr_ceiling=0.018,atr_floor=0.0012,bb_width=0.0025,ema20_offset=0.0035,ema50_guard=0.02,macro_limit=0.055,range_mult=0.6,rsi_2=10,slope_guard=0.003,volume_mult=0.7"
2025-06-14 09:57:00+00:00,0.0033672676080013374,fixed_hold,0.0269381408640107,1m:OP:ma_offset_reversion:long:market_contra:h12:tp0.0:sl0.0:764d46ed63,OP,ma_offset_reversion,long,market_contra,12,0.0,0.0,"OP|ma_offset_reversion|long|market_contra|12|0.0|0.0|atr_ceiling=0.03,atr_floor=0.0006,bb_width=0.0025,ema20_offset=0.0035,ema50_guard=0.02,macro_limit=0.055,range_mult=0.6,rsi_2=10,slope_guard=0.003,volume_mult=0.7"
2025-06-16 15:58:00+00:00,0.0024972770839384183,fixed_hold,0.019978216671507346,1m:ETC:vwap_stretch_reversion:long:market_chop:h12:tp0.0:sl0.0:3984b37f3e,ETC,vwap_stretch_reversion,long,market_chop,12,0.0,0.0,"ETC|vwap_stretch_reversion|long|market_chop|12|0.0|0.0|atr_ceiling=0.03,atr_floor=0.0006,bb_width=0.0025,close_pos=0.35,macro_limit=0.055,min_dist=0.002,rsi_2=10,volume_mult=0.7,z_entry=2.4"
2025-06-22 20:12:00+00:00,0.00018423608113944721,fixed_hold,0.0014738886491155777,1m:OP:ma_offset_reversion:long:market_contra:h12:tp0.0:sl0.0:764d46ed63,OP,ma_offset_reversion,long,market_contra,12,0.0,0.0,"OP|ma_offset_reversion|long|market_contra|12|0.0|0.0|atr_ceiling=0.03,atr_floor=0.0006,bb_width=0.0025,ema20_offset=0.0035,ema50_guard=0.02,macro_limit=0.055,range_mult=0.6,rsi_2=10,slope_guard=0.003,volume_mult=0.7"
2025-06-27 01:59:00+00:00,0.002894523001117991,fixed_hold,0.02315618400894393,1m:APT:vwap_stretch_reversion:long:market_aligned:h12:tp0.0:sl0.0:5bffc84553,APT,vwap_stretch_reversion,long,market_aligned,12,0.0,0.0,"APT|vwap_stretch_reversion|long|market_aligned|12|0.0|0.0|atr_ceiling=0.03,atr_floor=0.0006,bb_width=0.0025,close_pos=0.35,macro_limit=0.055,min_dist=0.0035,rsi_2=10,volume_mult=0.7,z_entry=1.8"
2025-06-30 20:05:00+00:00,0.0017405533835212349,fixed_hold,0.013924427068169879,1m:XLM:ma_offset_reversion:long:market_aligned:h12:tp0.0:sl0.0:c967453033,XLM,ma_offset_reversion,long,market_aligned,12,0.0,0.0,"XLM|ma_offset_reversion|long|market_aligned|12|0.0|0.0|atr_ceiling=0.018,atr_floor=0.0012,bb_width=0.0025,ema20_offset=0.002,ema50_guard=0.02,macro_limit=0.055,range_mult=0.6,rsi_2=10,slope_guard=0.003,volume_mult=0.7"
2025-07-03 10:20:00+00:00,-0.0043633953976197895,fixed_hold,-0.034907163180958316,1m:APT:vwap_stretch_reversion:long:market_chop:h12:tp0.0:sl0.0:e2e5fa91a1,APT,vwap_stretch_reversion,long,market_chop,12,0.0,0.0,"APT|vwap_stretch_reversion|long|market_chop|12|0.0|0.0|atr_ceiling=0.018,atr_floor=0.0006,bb_width=0.0025,close_pos=0.35,macro_limit=0.055,min_dist=0.0035,rsi_2=10,volume_mult=0.7,z_entry=2.4"
2025-07-13 06:54:00+00:00,-0.006776687977187028,fixed_hold,-0.05421350381749623,1m:XLM:ma_offset_reversion:long:market_aligned:h12:tp0.0:sl0.0:c967453033,XLM,ma_offset_reversion,long,market_aligned,12,0.0,0.0,"XLM|ma_offset_reversion|long|market_aligned|12|0.0|0.0|atr_ceiling=0.018,atr_floor=0.0012,bb_width=0.0025,ema20_offset=0.002,ema50_guard=0.02,macro_limit=0.055,range_mult=0.6,rsi_2=10,slope_guard=0.003,volume_mult=0.7"
2025-07-14 05:45:00+00:00,-0.006309903611186537,fixed_hold,-0.05047922888949229,1m:XRP:ma_offset_reversion:long:market_aligned:h18:tp0.0:sl0.0:28df47896b,XRP,ma_offset_reversion,long,market_aligned,18,0.0,0.0,"XRP|ma_offset_reversion|long|market_aligned|18|0.0|0.0|atr_ceiling=0.03,atr_floor=0.0012,bb_width=0.0025,ema20_offset=0.002,ema50_guard=0.02,macro_limit=0.055,range_mult=0.6,rsi_2=14,slope_guard=0.003,volume_mult=0.7"
2025-07-14 07:47:00+00:00,0.0024643880167938424,fixed_hold,0.01971510413435074,1m:XLM:ma_offset_reversion:long:market_aligned:h12:tp0.0:sl0.0:c967453033,XLM,ma_offset_reversion,long,market_aligned,12,0.0,0.0,"XLM|ma_offset_reversion|long|market_aligned|12|0.0|0.0|atr_ceiling=0.018,atr_floor=0.0012,bb_width=0.0025,ema20_offset=0.002,ema50_guard=0.02,macro_limit=0.055,range_mult=0.6,rsi_2=10,slope_guard=0.003,volume_mult=0.7"
2025-07-16 18:45:00+00:00,-0.007367738589211594,fixed_hold,-0.05894190871369275,1m:XLM:ma_offset_reversion:long:market_aligned:h12:tp0.0:sl0.0:c967453033,XLM,ma_offset_reversion,long,market_aligned,12,0.0,0.0,"XLM|ma_offset_reversion|long|market_aligned|12|0.0|0.0|atr_ceiling=0.018,atr_floor=0.0012,bb_width=0.0025,ema20_offset=0.002,ema50_guard=0.02,macro_limit=0.055,range_mult=0.6,rsi_2=10,slope_guard=0.003,volume_mult=0.7"
2025-07-17 13:33:00+00:00,0.0023302313883299263,fixed_hold,0.01864185110663941,1m:LTC:ma_offset_reversion:long:market_contra:h3:tp0.0:sl0.0:b59bbcfd6a,LTC,ma_offset_reversion,long,market_contra,3,0.0,0.0,"LTC|ma_offset_reversion|long|market_contra|3|0.0|0.0|atr_ceiling=0.018,atr_floor=0.0012,bb_width=0.0025,ema20_offset=0.0035,ema50_guard=0.02,macro_limit=0.055,range_mult=0.6,rsi_2=10,slope_guard=0.003,volume_mult=0.7"
2025-07-19 02:05:00+00:00,0.003980397818649715,fixed_hold,0.03184318254919772,1m:XRP:ma_offset_reversion:long:market_aligned:h18:tp0.0:sl0.0:28df47896b,XRP,ma_offset_reversion,long,market_aligned,18,0.0,0.0,"XRP|ma_offset_reversion|long|market_aligned|18|0.0|0.0|atr_ceiling=0.03,atr_floor=0.0012,bb_width=0.0025,ema20_offset=0.002,ema50_guard=0.02,macro_limit=0.055,range_mult=0.6,rsi_2=14,slope_guard=0.003,volume_mult=0.7"
2025-07-19 02:05:00+00:00,0.0026097437059562777,fixed_hold,0.02087794964765022,1m:XRP:ma_offset_reversion:long:market_aligned:h12:tp0.0:sl0.0:96ef77ad3d,XRP,ma_offset_reversion,long,market_aligned,12,0.0,0.0,"XRP|ma_offset_reversion|long|market_aligned|12|0.0|0.0|atr_ceiling=0.018,atr_floor=0.0006,bb_width=0.0025,ema20_offset=0.002,ema50_guard=0.02,macro_limit=0.055,range_mult=0.6,rsi_2=10,slope_guard=0.003,volume_mult=0.7"
2025-07-20 10:00:00+00:00,-0.003750000000000003,fixed_hold,-0.030000000000000023,1m:OP:ma_offset_reversion:long:market_contra:h12:tp0.0:sl0.0:764d46ed63,OP,ma_offset_reversion,long,market_contra,12,0.0,0.0,"OP|ma_offset_reversion|long|market_contra|12|0.0|0.0|atr_ceiling=0.03,atr_floor=0.0006,bb_width=0.0025,ema20_offset=0.0035,ema50_guard=0.02,macro_limit=0.055,range_mult=0.6,rsi_2=10,slope_guard=0.003,volume_mult=0.7"
2025-07-20 17:04:00+00:00,0.004621836236060537,fixed_hold,0.0369746898884843,1m:OP:ma_offset_reversion:long:market_contra:h12:tp0.0:sl0.0:764d46ed63,OP,ma_offset_reversion,long,market_contra,12,0.0,0.0,"OP|ma_offset_reversion|long|market_contra|12|0.0|0.0|atr_ceiling=0.03,atr_floor=0.0006,bb_width=0.0025,ema20_offset=0.0035,ema50_guard=0.02,macro_limit=0.055,range_mult=0.6,rsi_2=10,slope_guard=0.003,volume_mult=0.7"
2025-07-20 21:12:00+00:00,0.0012602882875118603,fixed_hold,0.010082306300094882,1m:LTC:ma_offset_reversion:long:market_contra:h3:tp0.0:sl0.0:b59bbcfd6a,LTC,ma_offset_reversion,long,market_contra,3,0.0,0.0,"LTC|ma_offset_reversion|long|market_contra|3|0.0|0.0|atr_ceiling=0.018,atr_floor=0.0012,bb_width=0.0025,ema20_offset=0.0035,ema50_guard=0.02,macro_limit=0.055,range_mult=0.6,rsi_2=10,slope_guard=0.003,volume_mult=0.7"
2025-07-21 15:12:00+00:00,0.0011422007540056599,fixed_hold,0.009137606032045279,1m:XTZ:vwap_stretch_reversion:long:market_chop:h8:tp0.0:sl0.0:5162f59369,XTZ,vwap_stretch_reversion,long,market_chop,8,0.0,0.0,"XTZ|vwap_stretch_reversion|long|market_chop|8|0.0|0.0|atr_ceiling=0.03,atr_floor=0.0006,bb_width=0.0025,close_pos=0.35,macro_limit=0.055,min_dist=0.0035,rsi_2=10,volume_mult=0.7,z_entry=1.8"
2025-07-23 00:02:00+00:00,0.0015774377098793512,fixed_hold,0.01261950167903481,1m:ETC:vwap_stretch_reversion:long:market_chop:h12:tp0.0:sl0.0:3984b37f3e,ETC,vwap_stretch_reversion,long,market_chop,12,0.0,0.0,"ETC|vwap_stretch_reversion|long|market_chop|12|0.0|0.0|atr_ceiling=0.03,atr_floor=0.0006,bb_width=0.0025,close_pos=0.35,macro_limit=0.055,min_dist=0.002,rsi_2=10,volume_mult=0.7,z_entry=2.4"
2025-07-23 07:40:00+00:00,-0.001501929244337521,fixed_hold,-0.012015433954700169,1m:SOL:vwap_stretch_reversion:long:market_chop:h12:tp0.0:sl0.0:936b55a31d,SOL,vwap_stretch_reversion,long,market_chop,12,0.0,0.0,"SOL|vwap_stretch_reversion|long|market_chop|12|0.0|0.0|atr_ceiling=0.03,atr_floor=0.0012,bb_width=0.0025,close_pos=0.35,macro_limit=0.055,min_dist=0.0035,rsi_2=10,volume_mult=0.7,z_entry=1.8"
2025-07-24 00:06:00+00:00,0.006387733232476115,fixed_hold,0.05110186585980892,1m:XRP:ma_offset_reversion:long:market_aligned:h12:tp0.0:sl0.0:96ef77ad3d,XRP,ma_offset_reversion,long,market_aligned,12,0.0,0.0,"XRP|ma_offset_reversion|long|market_aligned|12|0.0|0.0|atr_ceiling=0.018,atr_floor=0.0006,bb_width=0.0025,ema20_offset=0.002,ema50_guard=0.02,macro_limit=0.055,range_mult=0.6,rsi_2=10,slope_guard=0.003,volume_mult=0.7"
2025-07-24 00:06:00+00:00,0.005316204084027735,fixed_hold,0.04252963267222188,1m:XLM:ma_offset_reversion:long:market_aligned:h12:tp0.0:sl0.0:c967453033,XLM,ma_offset_reversion,long,market_aligned,12,0.0,0.0,"XLM|ma_offset_reversion|long|market_aligned|12|0.0|0.0|atr_ceiling=0.018,atr_floor=0.0012,bb_width=0.0025,ema20_offset=0.002,ema50_guard=0.02,macro_limit=0.055,range_mult=0.6,rsi_2=10,slope_guard=0.003,volume_mult=0.7"
2025-07-24 00:06:00+00:00,0.007412065052950016,fixed_hold,0.059296520423600126,1m:XRP:ma_offset_reversion:long:market_aligned:h18:tp0.0:sl0.0:28df47896b,XRP,ma_offset_reversion,long,market_aligned,18,0.0,0.0,"XRP|ma_offset_reversion|long|market_aligned|18|0.0|0.0|atr_ceiling=0.03,atr_floor=0.0012,bb_width=0.0025,ema20_offset=0.002,ema50_guard=0.02,macro_limit=0.055,range_mult=0.6,rsi_2=14,slope_guard=0.003,volume_mult=0.7"
2025-07-24 16:16:00+00:00,-0.006564725736153894,fixed_hold,-0.052517805889231155,1m:APT:vwap_stretch_reversion:long:market_chop:h12:tp0.0:sl0.0:e2e5fa91a1,APT,vwap_stretch_reversion,long,market_chop,12,0.0,0.0,"APT|vwap_stretch_reversion|long|market_chop|12|0.0|0.0|atr_ceiling=0.018,atr_floor=0.0006,bb_width=0.0025,close_pos=0.35,macro_limit=0.055,min_dist=0.0035,rsi_2=10,volume_mult=0.7,z_entry=2.4"
2025-07-28 01:01:00+00:00,0.0007912454244379119,fixed_hold,0.006329963395503295,1m:LTC:ma_offset_reversion:long:market_contra:h3:tp0.0:sl0.0:b59bbcfd6a,LTC,ma_offset_reversion,long,market_contra,3,0.0,0.0,"LTC|ma_offset_reversion|long|market_contra|3|0.0|0.0|atr_ceiling=0.018,atr_floor=0.0012,bb_width=0.0025,ema20_offset=0.0035,ema50_guard=0.02,macro_limit=0.055,range_mult=0.6,rsi_2=10,slope_guard=0.003,volume_mult=0.7"
2025-07-28 04:18:00+00:00,0.04977413408199162,fixed_hold,0.39819307265593296,1m:OP:ma_offset_reversion:long:market_contra:h12:tp0.0:sl0.0:764d46ed63,OP,ma_offset_reversion,long,market_contra,12,0.0,0.0,"OP|ma_offset_reversion|long|market_contra|12|0.0|0.0|atr_ceiling=0.03,atr_floor=0.0006,bb_width=0.0025,ema20_offset=0.0035,ema50_guard=0.02,macro_limit=0.055,range_mult=0.6,rsi_2=10,slope_guard=0.003,volume_mult=0.7"
2025-07-28 18:06:00+00:00,-0.0007393850658857915,fixed_hold,-0.005915080527086332,1m:LTC:ma_offset_reversion:long:market_contra:h3:tp0.0:sl0.0:b59bbcfd6a,LTC,ma_offset_reversion,long,market_contra,3,0.0,0.0,"LTC|ma_offset_reversion|long|market_contra|3|0.0|0.0|atr_ceiling=0.018,atr_floor=0.0012,bb_width=0.0025,ema20_offset=0.0035,ema50_guard=0.02,macro_limit=0.055,range_mult=0.6,rsi_2=10,slope_guard=0.003,volume_mult=0.7"
2025-07-29 14:54:00+00:00,0.0012921779141104183,fixed_hold,0.010337423312883346,1m:LTC:ma_offset_reversion:long:market_contra:h3:tp0.0:sl0.0:b59bbcfd6a,LTC,ma_offset_reversion,long,market_contra,3,0.0,0.0,"LTC|ma_offset_reversion|long|market_contra|3|0.0|0.0|atr_ceiling=0.018,atr_floor=0.0012,bb_width=0.0025,ema20_offset=0.0035,ema50_guard=0.02,macro_limit=0.055,range_mult=0.6,rsi_2=10,slope_guard=0.003,volume_mult=0.7"
2025-07-30 04:33:00+00:00,-0.0009715323661230174,fixed_hold,-0.007772258928984139,1m:ETC:vwap_stretch_reversion:long:market_chop:h12:tp0.0:sl0.0:3984b37f3e,ETC,vwap_stretch_reversion,long,market_chop,12,0.0,0.0,"ETC|vwap_stretch_reversion|long|market_chop|12|0.0|0.0|atr_ceiling=0.03,atr_floor=0.0006,bb_width=0.0025,close_pos=0.35,macro_limit=0.055,min_dist=0.002,rsi_2=10,volume_mult=0.7,z_entry=2.4"
2025-08-02 21:15:00+00:00,-0.00013167336394941055,fixed_hold,-0.0010533869115952844,1m:XRP:ma_offset_reversion:long:market_aligned:h18:tp0.0:sl0.0:28df47896b,XRP,ma_offset_reversion,long,market_aligned,18,0.0,0.0,"XRP|ma_offset_reversion|long|market_aligned|18|0.0|0.0|atr_ceiling=0.03,atr_floor=0.0012,bb_width=0.0025,ema20_offset=0.002,ema50_guard=0.02,macro_limit=0.055,range_mult=0.6,rsi_2=14,slope_guard=0.003,volume_mult=0.7"
2025-08-04 02:46:00+00:00,-0.0003975673807040525,fixed_hold,-0.00318053904563242,1m:XLM:ma_offset_reversion:long:market_aligned:h12:tp0.0:sl0.0:c967453033,XLM,ma_offset_reversion,long,market_aligned,12,0.0,0.0,"XLM|ma_offset_reversion|long|market_aligned|12|0.0|0.0|atr_ceiling=0.018,atr_floor=0.0012,bb_width=0.0025,ema20_offset=0.002,ema50_guard=0.02,macro_limit=0.055,range_mult=0.6,rsi_2=10,slope_guard=0.003,volume_mult=0.7"
2025-08-08 07:22:00+00:00,0.0036210770756928833,fixed_hold,0.028968616605543066,1m:XRP:ma_offset_reversion:long:market_aligned:h18:tp0.0:sl0.0:28df47896b,XRP,ma_offset_reversion,long,market_aligned,18,0.0,0.0,"XRP|ma_offset_reversion|long|market_aligned|18|0.0|0.0|atr_ceiling=0.03,atr_floor=0.0012,bb_width=0.0025,ema20_offset=0.002,ema50_guard=0.02,macro_limit=0.055,range_mult=0.6,rsi_2=14,slope_guard=0.003,volume_mult=0.7"
2025-08-08 21:09:00+00:00,-0.001284746657283647,fixed_hold,-0.010277973258269176,1m:XLM:ma_offset_reversion:long:market_aligned:h12:tp0.0:sl0.0:c967453033,XLM,ma_offset_reversion,long,market_aligned,12,0.0,0.0,"XLM|ma_offset_reversion|long|market_aligned|12|0.0|0.0|atr_ceiling=0.018,atr_floor=0.0012,bb_width=0.0025,ema20_offset=0.002,ema50_guard=0.02,macro_limit=0.055,range_mult=0.6,rsi_2=10,slope_guard=0.003,volume_mult=0.7"
2025-08-11 03:04:00+00:00,0.0012714562569213915,fixed_hold,0.010171650055371132,1m:XLM:ma_offset_reversion:long:market_aligned:h12:tp0.0:sl0.0:c967453033,XLM,ma_offset_reversion,long,market_aligned,12,0.0,0.0,"XLM|ma_offset_reversion|long|market_aligned|12|0.0|0.0|atr_ceiling=0.018,atr_floor=0.0012,bb_width=0.0025,ema20_offset=0.002,ema50_guard=0.02,macro_limit=0.055,range_mult=0.6,rsi_2=10,slope_guard=0.003,volume_mult=0.7"
2025-08-11 16:21:00+00:00,-0.0008588488401096989,fixed_hold,-0.006870790720877591,1m:XRP:ma_offset_reversion:long:market_aligned:h12:tp0.0:sl0.0:96ef77ad3d,XRP,ma_offset_reversion,long,market_aligned,12,0.0,0.0,"XRP|ma_offset_reversion|long|market_aligned|12|0.0|0.0|atr_ceiling=0.018,atr_floor=0.0006,bb_width=0.0025,ema20_offset=0.002,ema50_guard=0.02,macro_limit=0.055,range_mult=0.6,rsi_2=10,slope_guard=0.003,volume_mult=0.7"
2025-08-11 16:21:00+00:00,-0.004639405088550721,fixed_hold,-0.037115240708405765,1m:XRP:ma_offset_reversion:long:market_aligned:h18:tp0.0:sl0.0:28df47896b,XRP,ma_offset_reversion,long,market_aligned,18,0.0,0.0,"XRP|ma_offset_reversion|long|market_aligned|18|0.0|0.0|atr_ceiling=0.03,atr_floor=0.0012,bb_width=0.0025,ema20_offset=0.002,ema50_guard=0.02,macro_limit=0.055,range_mult=0.6,rsi_2=14,slope_guard=0.003,volume_mult=0.7"
2025-08-11 21:20:00+00:00,0.0010850572091865994,fixed_hold,0.008680457673492795,1m:LTC:ma_offset_reversion:long:market_contra:h3:tp0.0:sl0.0:b59bbcfd6a,LTC,ma_offset_reversion,long,market_contra,3,0.0,0.0,"LTC|ma_offset_reversion|long|market_contra|3|0.0|0.0|atr_ceiling=0.018,atr_floor=0.0012,bb_width=0.0025,ema20_offset=0.0035,ema50_guard=0.02,macro_limit=0.055,range_mult=0.6,rsi_2=10,slope_guard=0.003,volume_mult=0.7"
2025-08-12 21:54:00+00:00,-0.0007412382211935403,fixed_hold,-0.005929905769548323,1m:APT:vwap_stretch_reversion:long:market_chop:h12:tp0.0:sl0.0:e2e5fa91a1,APT,vwap_stretch_reversion,long,market_chop,12,0.0,0.0,"APT|vwap_stretch_reversion|long|market_chop|12|0.0|0.0|atr_ceiling=0.018,atr_floor=0.0006,bb_width=0.0025,close_pos=0.35,macro_limit=0.055,min_dist=0.0035,rsi_2=10,volume_mult=0.7,z_entry=2.4"
2025-08-13 11:17:00+00:00,-0.0004605296451489627,fixed_hold,-0.0036842371611917014,1m:APT:vwap_stretch_reversion:long:market_chop:h12:tp0.0:sl0.0:e2e5fa91a1,APT,vwap_stretch_reversion,long,market_chop,12,0.0,0.0,"APT|vwap_stretch_reversion|long|market_chop|12|0.0|0.0|atr_ceiling=0.018,atr_floor=0.0006,bb_width=0.0025,close_pos=0.35,macro_limit=0.055,min_dist=0.0035,rsi_2=10,volume_mult=0.7,z_entry=2.4"
2025-08-13 22:16:00+00:00,0.00034832587948723014,fixed_hold,0.002786607035897841,1m:APT:vwap_stretch_reversion:long:market_aligned:h12:tp0.0:sl0.0:5666960c57,APT,vwap_stretch_reversion,long,market_aligned,12,0.0,0.0,"APT|vwap_stretch_reversion|long|market_aligned|12|0.0|0.0|atr_ceiling=0.018,atr_floor=0.0006,bb_width=0.0025,close_pos=0.35,macro_limit=0.055,min_dist=0.0035,rsi_2=14,volume_mult=0.7,z_entry=2.4"
2025-08-14 07:11:00+00:00,-9.456838021330795e-05,fixed_hold,-0.0007565470417064636,1m:OP:ma_offset_reversion:long:market_contra:h12:tp0.0:sl0.0:764d46ed63,OP,ma_offset_reversion,long,market_contra,12,0.0,0.0,"OP|ma_offset_reversion|long|market_contra|12|0.0|0.0|atr_ceiling=0.03,atr_floor=0.0006,bb_width=0.0025,ema20_offset=0.0035,ema50_guard=0.02,macro_limit=0.055,range_mult=0.6,rsi_2=10,slope_guard=0.003,volume_mult=0.7"
2025-08-22 21:13:00+00:00,0.0014833360363281788,fixed_hold,0.01186668829062543,1m:XRP:ma_offset_reversion:long:market_aligned:h18:tp0.0:sl0.0:28df47896b,XRP,ma_offset_reversion,long,market_aligned,18,0.0,0.0,"XRP|ma_offset_reversion|long|market_aligned|18|0.0|0.0|atr_ceiling=0.03,atr_floor=0.0012,bb_width=0.0025,ema20_offset=0.002,ema50_guard=0.02,macro_limit=0.055,range_mult=0.6,rsi_2=14,slope_guard=0.003,volume_mult=0.7"
2025-09-08 06:08:00+00:00,0.0016609054415701184,fixed_hold,0.013287243532560947,1m:LTC:ma_offset_reversion:long:market_chop:h12:tp0.0:sl0.0:6a49d5d264,LTC,ma_offset_reversion,long,market_chop,12,0.0,0.0,"LTC|ma_offset_reversion|long|market_chop|12|0.0|0.0|atr_ceiling=0.03,atr_floor=0.0006,bb_width=0.0025,ema20_offset=0.0035,ema50_guard=0.02,macro_limit=0.055,range_mult=0.6,rsi_2=10,slope_guard=0.003,volume_mult=0.7"
2025-09-09 02:49:00+00:00,0.000717281879194579,fixed_hold,0.005738255033556632,1m:LTC:ma_offset_reversion:long:market_chop:h12:tp0.0:sl0.0:6a49d5d264,LTC,ma_offset_reversion,long,market_chop,12,0.0,0.0,"LTC|ma_offset_reversion|long|market_chop|12|0.0|0.0|atr_ceiling=0.03,atr_floor=0.0006,bb_width=0.0025,ema20_offset=0.0035,ema50_guard=0.02,macro_limit=0.055,range_mult=0.6,rsi_2=10,slope_guard=0.003,volume_mult=0.7"
2025-09-09 02:50:00+00:00,0.0022482227488151295,fixed_hold,0.017985781990521036,1m:SOL:vwap_stretch_reversion:long:market_chop:h12:tp0.0:sl0.0:936b55a31d,SOL,vwap_stretch_reversion,long,market_chop,12,0.0,0.0,"SOL|vwap_stretch_reversion|long|market_chop|12|0.0|0.0|atr_ceiling=0.03,atr_floor=0.0012,bb_width=0.0025,close_pos=0.35,macro_limit=0.055,min_dist=0.0035,rsi_2=10,volume_mult=0.7,z_entry=1.8"
2025-09-11 16:53:00+00:00,0.001758063622256598,fixed_hold,0.014064508978052784,1m:SOL:vwap_stretch_reversion:long:market_chop:h12:tp0.0:sl0.0:936b55a31d,SOL,vwap_stretch_reversion,long,market_chop,12,0.0,0.0,"SOL|vwap_stretch_reversion|long|market_chop|12|0.0|0.0|atr_ceiling=0.03,atr_floor=0.0012,bb_width=0.0025,close_pos=0.35,macro_limit=0.055,min_dist=0.0035,rsi_2=10,volume_mult=0.7,z_entry=1.8"
2025-09-13 16:42:00+00:00,-1.315467449837461e-05,fixed_hold,-0.00010523739598699688,1m:OP:ma_offset_reversion:long:market_contra:h12:tp0.0:sl0.0:764d46ed63,OP,ma_offset_reversion,long,market_contra,12,0.0,0.0,"OP|ma_offset_reversion|long|market_contra|12|0.0|0.0|atr_ceiling=0.03,atr_floor=0.0006,bb_width=0.0025,ema20_offset=0.0035,ema50_guard=0.02,macro_limit=0.055,range_mult=0.6,rsi_2=10,slope_guard=0.003,volume_mult=0.7"
2025-09-15 12:07:00+00:00,0.0021426961354973494,fixed_hold,0.017141569083978795,1m:APT:vwap_stretch_reversion:long:market_chop:h12:tp0.0:sl0.0:e2e5fa91a1,APT,vwap_stretch_reversion,long,market_chop,12,0.0,0.0,"APT|vwap_stretch_reversion|long|market_chop|12|0.0|0.0|atr_ceiling=0.018,atr_floor=0.0006,bb_width=0.0025,close_pos=0.35,macro_limit=0.055,min_dist=0.0035,rsi_2=10,volume_mult=0.7,z_entry=2.4"
2025-09-17 20:27:00+00:00,-0.002604087640597635,fixed_hold,-0.02083270112478108,1m:XRP:ma_offset_reversion:long:market_aligned:h12:tp0.0:sl0.0:96ef77ad3d,XRP,ma_offset_reversion,long,market_aligned,12,0.0,0.0,"XRP|ma_offset_reversion|long|market_aligned|12|0.0|0.0|atr_ceiling=0.018,atr_floor=0.0006,bb_width=0.0025,ema20_offset=0.002,ema50_guard=0.02,macro_limit=0.055,range_mult=0.6,rsi_2=10,slope_guard=0.003,volume_mult=0.7"
2025-09-17 23:17:00+00:00,-0.0015985834361004893,fixed_hold,-0.012788667488803914,1m:XRP:ma_offset_reversion:long:market_aligned:h18:tp0.0:sl0.0:28df47896b,XRP,ma_offset_reversion,long,market_aligned,18,0.0,0.0,"XRP|ma_offset_reversion|long|market_aligned|18|0.0|0.0|atr_ceiling=0.03,atr_floor=0.0012,bb_width=0.0025,ema20_offset=0.002,ema50_guard=0.02,macro_limit=0.055,range_mult=0.6,rsi_2=14,slope_guard=0.003,volume_mult=0.7"
2025-09-18 06:53:00+00:00,-0.00018991472328581894,fixed_hold,-0.0015193177862865516,1m:LTC:ma_offset_reversion:long:market_contra:h3:tp0.0:sl0.0:b59bbcfd6a,LTC,ma_offset_reversion,long,market_contra,3,0.0,0.0,"LTC|ma_offset_reversion|long|market_contra|3|0.0|0.0|atr_ceiling=0.018,atr_floor=0.0012,bb_width=0.0025,ema20_offset=0.0035,ema50_guard=0.02,macro_limit=0.055,range_mult=0.6,rsi_2=10,slope_guard=0.003,volume_mult=0.7"
2025-09-19 09:45:00+00:00,0.0007417841088567389,fixed_hold,0.0059342728708539115,1m:OP:ma_offset_reversion:long:market_contra:h12:tp0.0:sl0.0:764d46ed63,OP,ma_offset_reversion,long,market_contra,12,0.0,0.0,"OP|ma_offset_reversion|long|market_contra|12|0.0|0.0|atr_ceiling=0.03,atr_floor=0.0006,bb_width=0.0025,ema20_offset=0.0035,ema50_guard=0.02,macro_limit=0.055,range_mult=0.6,rsi_2=10,slope_guard=0.003,volume_mult=0.7"
2025-09-19 14:48:00+00:00,0.0009306938394524489,fixed_hold,0.007445550715619591,1m:OP:ma_offset_reversion:long:market_contra:h12:tp0.0:sl0.0:764d46ed63,OP,ma_offset_reversion,long,market_contra,12,0.0,0.0,"OP|ma_offset_reversion|long|market_contra|12|0.0|0.0|atr_ceiling=0.03,atr_floor=0.0006,bb_width=0.0025,ema20_offset=0.0035,ema50_guard=0.02,macro_limit=0.055,range_mult=0.6,rsi_2=10,slope_guard=0.003,volume_mult=0.7"
2025-09-21 19:09:00+00:00,-0.00046531681144608374,fixed_hold,-0.00372253449156867,1m:OP:ma_offset_reversion:long:market_contra:h12:tp0.0:sl0.0:764d46ed63,OP,ma_offset_reversion,long,market_contra,12,0.0,0.0,"OP|ma_offset_reversion|long|market_contra|12|0.0|0.0|atr_ceiling=0.03,atr_floor=0.0006,bb_width=0.0025,ema20_offset=0.0035,ema50_guard=0.02,macro_limit=0.055,range_mult=0.6,rsi_2=10,slope_guard=0.003,volume_mult=0.7"
2025-09-29 09:44:00+00:00,-0.0007132747581271853,fixed_hold,-0.005706198065017483,1m:APT:vwap_stretch_reversion:long:market_chop:h12:tp0.0:sl0.0:e2e5fa91a1,APT,vwap_stretch_reversion,long,market_chop,12,0.0,0.0,"APT|vwap_stretch_reversion|long|market_chop|12|0.0|0.0|atr_ceiling=0.018,atr_floor=0.0006,bb_width=0.0025,close_pos=0.35,macro_limit=0.055,min_dist=0.0035,rsi_2=10,volume_mult=0.7,z_entry=2.4"
2025-09-30 13:34:00+00:00,0.003644366197183072,fixed_hold,0.029154929577464576,1m:XRP:ma_offset_reversion:long:market_aligned:h12:tp0.0:sl0.0:96ef77ad3d,XRP,ma_offset_reversion,long,market_aligned,12,0.0,0.0,"XRP|ma_offset_reversion|long|market_aligned|12|0.0|0.0|atr_ceiling=0.018,atr_floor=0.0006,bb_width=0.0025,ema20_offset=0.002,ema50_guard=0.02,macro_limit=0.055,range_mult=0.6,rsi_2=10,slope_guard=0.003,volume_mult=0.7"
2025-10-02 11:58:00+00:00,0.0005113253762498859,fixed_hold,0.0040906030099990874,1m:XRP:ma_offset_reversion:long:market_aligned:h12:tp0.0:sl0.0:96ef77ad3d,XRP,ma_offset_reversion,long,market_aligned,12,0.0,0.0,"XRP|ma_offset_reversion|long|market_aligned|12|0.0|0.0|atr_ceiling=0.018,atr_floor=0.0006,bb_width=0.0025,ema20_offset=0.002,ema50_guard=0.02,macro_limit=0.055,range_mult=0.6,rsi_2=10,slope_guard=0.003,volume_mult=0.7"
2025-10-08 18:36:00+00:00,-0.0017886743611664198,fixed_hold,-0.014309394889331358,1m:APT:vwap_stretch_reversion:long:market_chop:h12:tp0.0:sl0.0:e2e5fa91a1,APT,vwap_stretch_reversion,long,market_chop,12,0.0,0.0,"APT|vwap_stretch_reversion|long|market_chop|12|0.0|0.0|atr_ceiling=0.018,atr_floor=0.0006,bb_width=0.0025,close_pos=0.35,macro_limit=0.055,min_dist=0.0035,rsi_2=10,volume_mult=0.7,z_entry=2.4"
2025-10-10 01:37:00+00:00,-0.00047794117647055546,fixed_hold,-0.0038235294117644437,1m:LTC:ma_offset_reversion:long:market_chop:h12:tp0.0:sl0.0:6a49d5d264,LTC,ma_offset_reversion,long,market_chop,12,0.0,0.0,"LTC|ma_offset_reversion|long|market_chop|12|0.0|0.0|atr_ceiling=0.03,atr_floor=0.0006,bb_width=0.0025,ema20_offset=0.0035,ema50_guard=0.02,macro_limit=0.055,range_mult=0.6,rsi_2=10,slope_guard=0.003,volume_mult=0.7"
2025-10-11 09:17:00+00:00,0.0028860261160581356,fixed_hold,0.023088208928465085,1m:XLM:ma_offset_reversion:long:market_aligned:h12:tp0.0:sl0.0:c967453033,XLM,ma_offset_reversion,long,market_aligned,12,0.0,0.0,"XLM|ma_offset_reversion|long|market_aligned|12|0.0|0.0|atr_ceiling=0.018,atr_floor=0.0012,bb_width=0.0025,ema20_offset=0.002,ema50_guard=0.02,macro_limit=0.055,range_mult=0.6,rsi_2=10,slope_guard=0.003,volume_mult=0.7"
2025-10-11 12:48:00+00:00,0.0028601301115240706,fixed_hold,0.022881040892192565,1m:LTC:ma_offset_reversion:long:market_chop:h12:tp0.0:sl0.0:6a49d5d264,LTC,ma_offset_reversion,long,market_chop,12,0.0,0.0,"LTC|ma_offset_reversion|long|market_chop|12|0.0|0.0|atr_ceiling=0.03,atr_floor=0.0006,bb_width=0.0025,ema20_offset=0.0035,ema50_guard=0.02,macro_limit=0.055,range_mult=0.6,rsi_2=10,slope_guard=0.003,volume_mult=0.7"
2025-10-12 18:37:00+00:00,-0.00250831255195337,fixed_hold,-0.02006650041562696,1m:SOL:vwap_stretch_reversion:long:market_chop:h12:tp0.0:sl0.0:936b55a31d,SOL,vwap_stretch_reversion,long,market_chop,12,0.0,0.0,"SOL|vwap_stretch_reversion|long|market_chop|12|0.0|0.0|atr_ceiling=0.03,atr_floor=0.0012,bb_width=0.0025,close_pos=0.35,macro_limit=0.055,min_dist=0.0035,rsi_2=10,volume_mult=0.7,z_entry=1.8"
2025-10-14 09:47:00+00:00,0.0005093012704174982,fixed_hold,0.004074410163339985,1m:LTC:ma_offset_reversion:long:market_contra:h3:tp0.0:sl0.0:b59bbcfd6a,LTC,ma_offset_reversion,long,market_contra,3,0.0,0.0,"LTC|ma_offset_reversion|long|market_contra|3|0.0|0.0|atr_ceiling=0.018,atr_floor=0.0012,bb_width=0.0025,ema20_offset=0.0035,ema50_guard=0.02,macro_limit=0.055,range_mult=0.6,rsi_2=10,slope_guard=0.003,volume_mult=0.7"
2025-10-19 17:30:00+00:00,-0.000371474038941485,fixed_hold,-0.00297179231153188,1m:XLM:ma_offset_reversion:long:market_aligned:h12:tp0.0:sl0.0:c967453033,XLM,ma_offset_reversion,long,market_aligned,12,0.0,0.0,"XLM|ma_offset_reversion|long|market_aligned|12|0.0|0.0|atr_ceiling=0.018,atr_floor=0.0012,bb_width=0.0025,ema20_offset=0.002,ema50_guard=0.02,macro_limit=0.055,range_mult=0.6,rsi_2=10,slope_guard=0.003,volume_mult=0.7"
2025-10-20 07:40:00+00:00,-0.0026266775964618734,fixed_hold,-0.021013420771694987,1m:APT:vwap_stretch_reversion:long:market_chop:h12:tp0.0:sl0.0:e2e5fa91a1,APT,vwap_stretch_reversion,long,market_chop,12,0.0,0.0,"APT|vwap_stretch_reversion|long|market_chop|12|0.0|0.0|atr_ceiling=0.018,atr_floor=0.0006,bb_width=0.0025,close_pos=0.35,macro_limit=0.055,min_dist=0.0035,rsi_2=10,volume_mult=0.7,z_entry=2.4"
2025-10-22 16:31:00+00:00,0.0025589367006286644,fixed_hold,0.020471493605029315,1m:LTC:ma_offset_reversion:long:market_contra:h3:tp0.0:sl0.0:b59bbcfd6a,LTC,ma_offset_reversion,long,market_contra,3,0.0,0.0,"LTC|ma_offset_reversion|long|market_contra|3|0.0|0.0|atr_ceiling=0.018,atr_floor=0.0012,bb_width=0.0025,ema20_offset=0.0035,ema50_guard=0.02,macro_limit=0.055,range_mult=0.6,rsi_2=10,slope_guard=0.003,volume_mult=0.7"
2025-10-25 13:04:00+00:00,7.711926159816084e-05,fixed_hold,0.0006169540927852867,1m:APT:vwap_stretch_reversion:long:market_aligned:h12:tp0.0:sl0.0:5666960c57,APT,vwap_stretch_reversion,long,market_aligned,12,0.0,0.0,"APT|vwap_stretch_reversion|long|market_aligned|12|0.0|0.0|atr_ceiling=0.018,atr_floor=0.0006,bb_width=0.0025,close_pos=0.35,macro_limit=0.055,min_dist=0.0035,rsi_2=14,volume_mult=0.7,z_entry=2.4"
2025-10-25 13:04:00+00:00,7.711926159816084e-05,fixed_hold,0.0006169540927852867,1m:APT:vwap_stretch_reversion:long:market_aligned:h12:tp0.0:sl0.0:5bffc84553,APT,vwap_stretch_reversion,long,market_aligned,12,0.0,0.0,"APT|vwap_stretch_reversion|long|market_aligned|12|0.0|0.0|atr_ceiling=0.03,atr_floor=0.0006,bb_width=0.0025,close_pos=0.35,macro_limit=0.055,min_dist=0.0035,rsi_2=10,volume_mult=0.7,z_entry=1.8"
2025-10-30 15:09:00+00:00,-0.005662614185921524,fixed_hold,-0.04530091348737219,1m:LTC:ma_offset_reversion:long:market_chop:h12:tp0.0:sl0.0:6a49d5d264,LTC,ma_offset_reversion,long,market_chop,12,0.0,0.0,"LTC|ma_offset_reversion|long|market_chop|12|0.0|0.0|atr_ceiling=0.03,atr_floor=0.0006,bb_width=0.0025,ema20_offset=0.0035,ema50_guard=0.02,macro_limit=0.055,range_mult=0.6,rsi_2=10,slope_guard=0.003,volume_mult=0.7"
2025-10-31 03:32:00+00:00,-0.0014006267063787488,fixed_hold,-0.01120501365102999,1m:APT:vwap_stretch_reversion:long:market_chop:h12:tp0.0:sl0.0:e2e5fa91a1,APT,vwap_stretch_reversion,long,market_chop,12,0.0,0.0,"APT|vwap_stretch_reversion|long|market_chop|12|0.0|0.0|atr_ceiling=0.018,atr_floor=0.0006,bb_width=0.0025,close_pos=0.35,macro_limit=0.055,min_dist=0.0035,rsi_2=10,volume_mult=0.7,z_entry=2.4"
2025-11-03 03:12:00+00:00,-0.00010514140153884634,fixed_hold,-0.0008411312123107707,1m:LTC:ma_offset_reversion:long:market_contra:h3:tp0.0:sl0.0:b59bbcfd6a,LTC,ma_offset_reversion,long,market_contra,3,0.0,0.0,"LTC|ma_offset_reversion|long|market_contra|3|0.0|0.0|atr_ceiling=0.018,atr_floor=0.0012,bb_width=0.0025,ema20_offset=0.0035,ema50_guard=0.02,macro_limit=0.055,range_mult=0.6,rsi_2=10,slope_guard=0.003,volume_mult=0.7"
2025-11-03 20:54:00+00:00,-0.0014168682331260059,fixed_hold,-0.011334945865008047,1m:LTC:ma_offset_reversion:long:market_contra:h3:tp0.0:sl0.0:b59bbcfd6a,LTC,ma_offset_reversion,long,market_contra,3,0.0,0.0,"LTC|ma_offset_reversion|long|market_contra|3|0.0|0.0|atr_ceiling=0.018,atr_floor=0.0012,bb_width=0.0025,ema20_offset=0.0035,ema50_guard=0.02,macro_limit=0.055,range_mult=0.6,rsi_2=10,slope_guard=0.003,volume_mult=0.7"
2025-11-03 23:03:00+00:00,0.0010376185519315327,fixed_hold,0.008300948415452262,1m:LTC:ma_offset_reversion:long:market_contra:h3:tp0.0:sl0.0:b59bbcfd6a,LTC,ma_offset_reversion,long,market_contra,3,0.0,0.0,"LTC|ma_offset_reversion|long|market_contra|3|0.0|0.0|atr_ceiling=0.018,atr_floor=0.0012,bb_width=0.0025,ema20_offset=0.0035,ema50_guard=0.02,macro_limit=0.055,range_mult=0.6,rsi_2=10,slope_guard=0.003,volume_mult=0.7"
2025-11-04 01:46:00+00:00,-0.0013208411147824085,fixed_hold,-0.010566728918259268,1m:APT:vwap_stretch_reversion:long:market_aligned:h12:tp0.0:sl0.0:5bffc84553,APT,vwap_stretch_reversion,long,market_aligned,12,0.0,0.0,"APT|vwap_stretch_reversion|long|market_aligned|12|0.0|0.0|atr_ceiling=0.03,atr_floor=0.0006,bb_width=0.0025,close_pos=0.35,macro_limit=0.055,min_dist=0.0035,rsi_2=10,volume_mult=0.7,z_entry=1.8"
2025-11-05 14:26:00+00:00,0.0003258716323296251,fixed_hold,0.002606973058637001,1m:SOL:vwap_stretch_reversion:long:market_chop:h12:tp0.0:sl0.0:936b55a31d,SOL,vwap_stretch_reversion,long,market_chop,12,0.0,0.0,"SOL|vwap_stretch_reversion|long|market_chop|12|0.0|0.0|atr_ceiling=0.03,atr_floor=0.0012,bb_width=0.0025,close_pos=0.35,macro_limit=0.055,min_dist=0.0035,rsi_2=10,volume_mult=0.7,z_entry=1.8"
2025-11-09 05:36:00+00:00,0.004769419911682047,fixed_hold,0.03815535929345638,1m:LTC:ma_offset_reversion:long:market_chop:h12:tp0.0:sl0.0:6a49d5d264,LTC,ma_offset_reversion,long,market_chop,12,0.0,0.0,"LTC|ma_offset_reversion|long|market_chop|12|0.0|0.0|atr_ceiling=0.03,atr_floor=0.0006,bb_width=0.0025,ema20_offset=0.0035,ema50_guard=0.02,macro_limit=0.055,range_mult=0.6,rsi_2=10,slope_guard=0.003,volume_mult=0.7"
2025-11-10 16:22:00+00:00,-0.0026551624129930724,fixed_hold,-0.02124129930394458,1m:OP:ma_offset_reversion:long:market_contra:h12:tp0.0:sl0.0:764d46ed63,OP,ma_offset_reversion,long,market_contra,12,0.0,0.0,"OP|ma_offset_reversion|long|market_contra|12|0.0|0.0|atr_ceiling=0.03,atr_floor=0.0006,bb_width=0.0025,ema20_offset=0.0035,ema50_guard=0.02,macro_limit=0.055,range_mult=0.6,rsi_2=10,slope_guard=0.003,volume_mult=0.7"
2025-11-11 23:03:00+00:00,0.0023774019215373064,fixed_hold,0.01901921537229845,1m:LTC:ma_offset_reversion:long:market_chop:h12:tp0.0:sl0.0:6a49d5d264,LTC,ma_offset_reversion,long,market_chop,12,0.0,0.0,"LTC|ma_offset_reversion|long|market_chop|12|0.0|0.0|atr_ceiling=0.03,atr_floor=0.0006,bb_width=0.0025,ema20_offset=0.0035,ema50_guard=0.02,macro_limit=0.055,range_mult=0.6,rsi_2=10,slope_guard=0.003,volume_mult=0.7"
2025-11-17 17:41:00+00:00,-0.0027508503401359875,fixed_hold,-0.0220068027210879,1m:LTC:ma_offset_reversion:long:market_contra:h3:tp0.0:sl0.0:b59bbcfd6a,LTC,ma_offset_reversion,long,market_contra,3,0.0,0.0,"LTC|ma_offset_reversion|long|market_contra|3|0.0|0.0|atr_ceiling=0.018,atr_floor=0.0012,bb_width=0.0025,ema20_offset=0.0035,ema50_guard=0.02,macro_limit=0.055,range_mult=0.6,rsi_2=10,slope_guard=0.003,volume_mult=0.7"
2025-11-18 02:18:00+00:00,0.004847255663784565,fixed_hold,0.03877804531027652,1m:LTC:ma_offset_reversion:long:market_contra:h3:tp0.0:sl0.0:b59bbcfd6a,LTC,ma_offset_reversion,long,market_contra,3,0.0,0.0,"LTC|ma_offset_reversion|long|market_contra|3|0.0|0.0|atr_ceiling=0.018,atr_floor=0.0012,bb_width=0.0025,ema20_offset=0.0035,ema50_guard=0.02,macro_limit=0.055,range_mult=0.6,rsi_2=10,slope_guard=0.003,volume_mult=0.7"
2025-11-19 04:35:00+00:00,-0.00042504265756644567,fixed_hold,-0.0034003412605315654,1m:LTC:ma_offset_reversion:long:market_contra:h3:tp0.0:sl0.0:b59bbcfd6a,LTC,ma_offset_reversion,long,market_contra,3,0.0,0.0,"LTC|ma_offset_reversion|long|market_contra|3|0.0|0.0|atr_ceiling=0.018,atr_floor=0.0012,bb_width=0.0025,ema20_offset=0.0035,ema50_guard=0.02,macro_limit=0.055,range_mult=0.6,rsi_2=10,slope_guard=0.003,volume_mult=0.7"
2025-11-19 13:23:00+00:00,-0.00173919882550326,fixed_hold,-0.01391359060402608,1m:APT:vwap_stretch_reversion:long:market_aligned:h12:tp0.0:sl0.0:5666960c57,APT,vwap_stretch_reversion,long,market_aligned,12,0.0,0.0,"APT|vwap_stretch_reversion|long|market_aligned|12|0.0|0.0|atr_ceiling=0.018,atr_floor=0.0006,bb_width=0.0025,close_pos=0.35,macro_limit=0.055,min_dist=0.0035,rsi_2=14,volume_mult=0.7,z_entry=2.4"
2025-11-20 23:39:00+00:00,-0.00019764957264960194,fixed_hold,-0.0015811965811968155,1m:LTC:ma_offset_reversion:long:market_contra:h3:tp0.0:sl0.0:b59bbcfd6a,LTC,ma_offset_reversion,long,market_contra,3,0.0,0.0,"LTC|ma_offset_reversion|long|market_contra|3|0.0|0.0|atr_ceiling=0.018,atr_floor=0.0012,bb_width=0.0025,ema20_offset=0.0035,ema50_guard=0.02,macro_limit=0.055,range_mult=0.6,rsi_2=10,slope_guard=0.003,volume_mult=0.7"
2025-11-21 03:17:00+00:00,0.000309982738780149,fixed_hold,0.002479861910241192,1m:LTC:ma_offset_reversion:long:market_contra:h3:tp0.0:sl0.0:b59bbcfd6a,LTC,ma_offset_reversion,long,market_contra,3,0.0,0.0,"LTC|ma_offset_reversion|long|market_contra|3|0.0|0.0|atr_ceiling=0.018,atr_floor=0.0012,bb_width=0.0025,ema20_offset=0.0035,ema50_guard=0.02,macro_limit=0.055,range_mult=0.6,rsi_2=10,slope_guard=0.003,volume_mult=0.7"
2025-11-21 04:33:00+00:00,-0.0009864388156372718,fixed_hold,-0.007891510525098174,1m:LTC:ma_offset_reversion:long:market_contra:h3:tp0.0:sl0.0:b59bbcfd6a,LTC,ma_offset_reversion,long,market_contra,3,0.0,0.0,"LTC|ma_offset_reversion|long|market_contra|3|0.0|0.0|atr_ceiling=0.018,atr_floor=0.0012,bb_width=0.0025,ema20_offset=0.0035,ema50_guard=0.02,macro_limit=0.055,range_mult=0.6,rsi_2=10,slope_guard=0.003,volume_mult=0.7"
2025-11-24 16:57:00+00:00,0.003260798429319326,fixed_hold,0.026086387434554607,1m:XLM:ma_offset_reversion:long:market_aligned:h12:tp0.0:sl0.0:c967453033,XLM,ma_offset_reversion,long,market_aligned,12,0.0,0.0,"XLM|ma_offset_reversion|long|market_aligned|12|0.0|0.0|atr_ceiling=0.018,atr_floor=0.0012,bb_width=0.0025,ema20_offset=0.002,ema50_guard=0.02,macro_limit=0.055,range_mult=0.6,rsi_2=10,slope_guard=0.003,volume_mult=0.7"
2025-11-25 14:44:00+00:00,-0.0023469693339722704,fixed_hold,-0.018775754671778163,1m:LTC:ma_offset_reversion:long:market_contra:h3:tp0.0:sl0.0:b59bbcfd6a,LTC,ma_offset_reversion,long,market_contra,3,0.0,0.0,"LTC|ma_offset_reversion|long|market_contra|3|0.0|0.0|atr_ceiling=0.018,atr_floor=0.0012,bb_width=0.0025,ema20_offset=0.0035,ema50_guard=0.02,macro_limit=0.055,range_mult=0.6,rsi_2=10,slope_guard=0.003,volume_mult=0.7"
2025-11-30 09:01:00+00:00,0.0007703661440761766,fixed_hold,0.006162929152609413,1m:APT:vwap_stretch_reversion:long:market_aligned:h12:tp0.0:sl0.0:5bffc84553,APT,vwap_stretch_reversion,long,market_aligned,12,0.0,0.0,"APT|vwap_stretch_reversion|long|market_aligned|12|0.0|0.0|atr_ceiling=0.03,atr_floor=0.0006,bb_width=0.0025,close_pos=0.35,macro_limit=0.055,min_dist=0.0035,rsi_2=10,volume_mult=0.7,z_entry=1.8"
2025-12-13 13:21:00+00:00,-0.00039995048910758336,fixed_hold,-0.003199603912860667,1m:APT:vwap_stretch_reversion:long:market_aligned:h12:tp0.0:sl0.0:5666960c57,APT,vwap_stretch_reversion,long,market_aligned,12,0.0,0.0,"APT|vwap_stretch_reversion|long|market_aligned|12|0.0|0.0|atr_ceiling=0.018,atr_floor=0.0006,bb_width=0.0025,close_pos=0.35,macro_limit=0.055,min_dist=0.0035,rsi_2=14,volume_mult=0.7,z_entry=2.4"
2025-12-13 13:21:00+00:00,-0.00039995048910758336,fixed_hold,-0.003199603912860667,1m:APT:vwap_stretch_reversion:long:market_aligned:h12:tp0.0:sl0.0:5bffc84553,APT,vwap_stretch_reversion,long,market_aligned,12,0.0,0.0,"APT|vwap_stretch_reversion|long|market_aligned|12|0.0|0.0|atr_ceiling=0.03,atr_floor=0.0006,bb_width=0.0025,close_pos=0.35,macro_limit=0.055,min_dist=0.0035,rsi_2=10,volume_mult=0.7,z_entry=1.8"
2025-12-18 05:16:00+00:00,-0.001622396270787862,fixed_hold,-0.012979170166302897,1m:ETC:ma_offset_reversion:long:market_chop:h18:tp0.0:sl0.0:8e314e8647,ETC,ma_offset_reversion,long,market_chop,18,0.0,0.0,"ETC|ma_offset_reversion|long|market_chop|18|0.0|0.0|atr_ceiling=0.018,atr_floor=0.0012,bb_width=0.0025,ema20_offset=0.0035,ema50_guard=0.02,macro_limit=0.055,range_mult=0.6,rsi_2=10,slope_guard=0.003,volume_mult=0.7"
2025-12-21 10:34:00+00:00,-0.000509919904253322,fixed_hold,-0.004079359234026576,1m:APT:vwap_stretch_reversion:long:market_chop:h12:tp0.0:sl0.0:e2e5fa91a1,APT,vwap_stretch_reversion,long,market_chop,12,0.0,0.0,"APT|vwap_stretch_reversion|long|market_chop|12|0.0|0.0|atr_ceiling=0.018,atr_floor=0.0006,bb_width=0.0025,close_pos=0.35,macro_limit=0.055,min_dist=0.0035,rsi_2=10,volume_mult=0.7,z_entry=2.4"
2025-12-22 02:06:00+00:00,-0.000625,fixed_hold,-0.005,1m:LTC:ma_offset_reversion:long:market_contra:h3:tp0.0:sl0.0:b59bbcfd6a,LTC,ma_offset_reversion,long,market_contra,3,0.0,0.0,"LTC|ma_offset_reversion|long|market_contra|3|0.0|0.0|atr_ceiling=0.018,atr_floor=0.0012,bb_width=0.0025,ema20_offset=0.0035,ema50_guard=0.02,macro_limit=0.055,range_mult=0.6,rsi_2=10,slope_guard=0.003,volume_mult=0.7"
2026-01-05 00:24:00+00:00,0.002310157259801868,fixed_hold,0.018481258078414945,1m:XLM:ma_offset_reversion:long:market_aligned:h12:tp0.0:sl0.0:c967453033,XLM,ma_offset_reversion,long,market_aligned,12,0.0,0.0,"XLM|ma_offset_reversion|long|market_aligned|12|0.0|0.0|atr_ceiling=0.018,atr_floor=0.0012,bb_width=0.0025,ema20_offset=0.002,ema50_guard=0.02,macro_limit=0.055,range_mult=0.6,rsi_2=10,slope_guard=0.003,volume_mult=0.7"
2026-01-06 06:37:00+00:00,-0.0005987030336180443,fixed_hold,-0.004789624268944355,1m:XRP:ma_offset_reversion:long:market_aligned:h18:tp0.0:sl0.0:28df47896b,XRP,ma_offset_reversion,long,market_aligned,18,0.0,0.0,"XRP|ma_offset_reversion|long|market_aligned|18|0.0|0.0|atr_ceiling=0.03,atr_floor=0.0012,bb_width=0.0025,ema20_offset=0.002,ema50_guard=0.02,macro_limit=0.055,range_mult=0.6,rsi_2=14,slope_guard=0.003,volume_mult=0.7"
2026-01-14 02:51:00+00:00,-0.0008604581072935846,fixed_hold,-0.006883664858348677,1m:ETC:vwap_stretch_reversion:long:market_chop:h12:tp0.0:sl0.0:3984b37f3e,ETC,vwap_stretch_reversion,long,market_chop,12,0.0,0.0,"ETC|vwap_stretch_reversion|long|market_chop|12|0.0|0.0|atr_ceiling=0.03,atr_floor=0.0006,bb_width=0.0025,close_pos=0.35,macro_limit=0.055,min_dist=0.002,rsi_2=10,volume_mult=0.7,z_entry=2.4"
2026-01-14 19:56:00+00:00,0.0013569063607534603,fixed_hold,0.010855250886027682,1m:XRP:ma_offset_reversion:long:market_aligned:h18:tp0.0:sl0.0:28df47896b,XRP,ma_offset_reversion,long,market_aligned,18,0.0,0.0,"XRP|ma_offset_reversion|long|market_aligned|18|0.0|0.0|atr_ceiling=0.03,atr_floor=0.0012,bb_width=0.0025,ema20_offset=0.002,ema50_guard=0.02,macro_limit=0.055,range_mult=0.6,rsi_2=14,slope_guard=0.003,volume_mult=0.7"
2026-01-20 17:34:00+00:00,0.0006576150688947935,fixed_hold,0.005260920551158348,1m:LTC:ma_offset_reversion:long:market_contra:h3:tp0.0:sl0.0:b59bbcfd6a,LTC,ma_offset_reversion,long,market_contra,3,0.0,0.0,"LTC|ma_offset_reversion|long|market_contra|3|0.0|0.0|atr_ceiling=0.018,atr_floor=0.0012,bb_width=0.0025,ema20_offset=0.0035,ema50_guard=0.02,macro_limit=0.055,range_mult=0.6,rsi_2=10,slope_guard=0.003,volume_mult=0.7"
2026-01-23 20:32:00+00:00,-0.0003460236571938691,fixed_hold,-0.0027681892575509527,1m:LTC:ma_offset_reversion:long:market_contra:h3:tp0.0:sl0.0:b59bbcfd6a,LTC,ma_offset_reversion,long,market_contra,3,0.0,0.0,"LTC|ma_offset_reversion|long|market_contra|3|0.0|0.0|atr_ceiling=0.018,atr_floor=0.0012,bb_width=0.0025,ema20_offset=0.0035,ema50_guard=0.02,macro_limit=0.055,range_mult=0.6,rsi_2=10,slope_guard=0.003,volume_mult=0.7"
2026-01-29 12:40:00+00:00,-0.0009971345638583313,fixed_hold,-0.00797707651086665,1m:LTC:ma_offset_reversion:long:market_chop:h12:tp0.0:sl0.0:6a49d5d264,LTC,ma_offset_reversion,long,market_chop,12,0.0,0.0,"LTC|ma_offset_reversion|long|market_chop|12|0.0|0.0|atr_ceiling=0.03,atr_floor=0.0006,bb_width=0.0025,ema20_offset=0.0035,ema50_guard=0.02,macro_limit=0.055,range_mult=0.6,rsi_2=10,slope_guard=0.003,volume_mult=0.7"
2026-01-29 19:32:00+00:00,0.00023908018664135831,fixed_hold,0.0019126414931308665,1m:DOGE:vwap_stretch_reversion:short:market_chop:h12:tp0.0:sl0.0:ee0491755a,DOGE,vwap_stretch_reversion,short,market_chop,12,0.0,0.0,"DOGE|vwap_stretch_reversion|short|market_chop|12|0.0|0.0|atr_ceiling=0.03,atr_floor=0.0012,bb_width=0.0025,close_pos=0.35,macro_limit=0.055,min_dist=0.002,rsi_2=10,volume_mult=0.7,z_entry=2.4"
2026-02-02 01:08:00+00:00,0.0018201437319272794,fixed_hold,0.014561149855418235,1m:LTC:ma_offset_reversion:long:market_chop:h12:tp0.0:sl0.0:6a49d5d264,LTC,ma_offset_reversion,long,market_chop,12,0.0,0.0,"LTC|ma_offset_reversion|long|market_chop|12|0.0|0.0|atr_ceiling=0.03,atr_floor=0.0006,bb_width=0.0025,ema20_offset=0.0035,ema50_guard=0.02,macro_limit=0.055,range_mult=0.6,rsi_2=10,slope_guard=0.003,volume_mult=0.7"
2026-02-02 01:08:00+00:00,0.007771688189960394,fixed_hold,0.062173505519683155,1m:ETC:ma_offset_reversion:long:market_chop:h18:tp0.0:sl0.0:8e314e8647,ETC,ma_offset_reversion,long,market_chop,18,0.0,0.0,"ETC|ma_offset_reversion|long|market_chop|18|0.0|0.0|atr_ceiling=0.018,atr_floor=0.0012,bb_width=0.0025,ema20_offset=0.0035,ema50_guard=0.02,macro_limit=0.055,range_mult=0.6,rsi_2=10,slope_guard=0.003,volume_mult=0.7"
2026-02-04 14:34:00+00:00,7.911392405149918e-06,fixed_hold,6.329113924119934e-05,1m:LTC:ma_offset_reversion:long:market_contra:h3:tp0.0:sl0.0:b59bbcfd6a,LTC,ma_offset_reversion,long,market_contra,3,0.0,0.0,"LTC|ma_offset_reversion|long|market_contra|3|0.0|0.0|atr_ceiling=0.018,atr_floor=0.0012,bb_width=0.0025,ema20_offset=0.0035,ema50_guard=0.02,macro_limit=0.055,range_mult=0.6,rsi_2=10,slope_guard=0.003,volume_mult=0.7"
2026-02-07 02:08:00+00:00,0.002801065506372533,fixed_hold,0.022408524050980264,1m:XRP:ma_offset_reversion:long:market_aligned:h18:tp0.0:sl0.0:28df47896b,XRP,ma_offset_reversion,long,market_aligned,18,0.0,0.0,"XRP|ma_offset_reversion|long|market_aligned|18|0.0|0.0|atr_ceiling=0.03,atr_floor=0.0012,bb_width=0.0025,ema20_offset=0.002,ema50_guard=0.02,macro_limit=0.055,range_mult=0.6,rsi_2=14,slope_guard=0.003,volume_mult=0.7"
2026-02-17 21:14:00+00:00,0.0027262064343164948,fixed_hold,0.021809651474531958,1m:DOGE:vwap_stretch_reversion:short:market_chop:h12:tp0.0:sl0.0:ee0491755a,DOGE,vwap_stretch_reversion,short,market_chop,12,0.0,0.0,"DOGE|vwap_stretch_reversion|short|market_chop|12|0.0|0.0|atr_ceiling=0.03,atr_floor=0.0012,bb_width=0.0025,close_pos=0.35,macro_limit=0.055,min_dist=0.002,rsi_2=10,volume_mult=0.7,z_entry=2.4"
2026-02-24 00:05:00+00:00,0.0024870331950207357,fixed_hold,0.019896265560165886,1m:OP:ma_offset_reversion:long:market_contra:h12:tp0.0:sl0.0:764d46ed63,OP,ma_offset_reversion,long,market_contra,12,0.0,0.0,"OP|ma_offset_reversion|long|market_contra|12|0.0|0.0|atr_ceiling=0.03,atr_floor=0.0006,bb_width=0.0025,ema20_offset=0.0035,ema50_guard=0.02,macro_limit=0.055,range_mult=0.6,rsi_2=10,slope_guard=0.003,volume_mult=0.7"
2026-02-25 16:59:00+00:00,0.0035332738204236357,fixed_hold,0.028266190563389085,1m:XLM:ma_offset_reversion:long:market_aligned:h12:tp0.0:sl0.0:c967453033,XLM,ma_offset_reversion,long,market_aligned,12,0.0,0.0,"XLM|ma_offset_reversion|long|market_aligned|12|0.0|0.0|atr_ceiling=0.018,atr_floor=0.0012,bb_width=0.0025,ema20_offset=0.002,ema50_guard=0.02,macro_limit=0.055,range_mult=0.6,rsi_2=10,slope_guard=0.003,volume_mult=0.7"
2026-02-26 00:40:00+00:00,0.0029483919736118113,fixed_hold,0.02358713578889449,1m:ETC:ma_offset_reversion:long:market_chop:h18:tp0.0:sl0.0:8e314e8647,ETC,ma_offset_reversion,long,market_chop,18,0.0,0.0,"ETC|ma_offset_reversion|long|market_chop|18|0.0|0.0|atr_ceiling=0.018,atr_floor=0.0012,bb_width=0.0025,ema20_offset=0.0035,ema50_guard=0.02,macro_limit=0.055,range_mult=0.6,rsi_2=10,slope_guard=0.003,volume_mult=0.7"
2026-02-26 10:51:00+00:00,0.0016879976449477728,fixed_hold,0.013503981159582183,1m:ETC:vwap_stretch_reversion:long:market_chop:h12:tp0.0:sl0.0:3984b37f3e,ETC,vwap_stretch_reversion,long,market_chop,12,0.0,0.0,"ETC|vwap_stretch_reversion|long|market_chop|12|0.0|0.0|atr_ceiling=0.03,atr_floor=0.0006,bb_width=0.0025,close_pos=0.35,macro_limit=0.055,min_dist=0.002,rsi_2=10,volume_mult=0.7,z_entry=2.4"
2026-03-02 17:44:00+00:00,0.004494404706968173,fixed_hold,0.03595523765574538,1m:SOL:vwap_stretch_reversion:long:market_chop:h12:tp0.0:sl0.0:936b55a31d,SOL,vwap_stretch_reversion,long,market_chop,12,0.0,0.0,"SOL|vwap_stretch_reversion|long|market_chop|12|0.0|0.0|atr_ceiling=0.03,atr_floor=0.0012,bb_width=0.0025,close_pos=0.35,macro_limit=0.055,min_dist=0.0035,rsi_2=10,volume_mult=0.7,z_entry=1.8"
2026-03-03 17:12:00+00:00,0.003895929681015029,fixed_hold,0.03116743744812023,1m:SOL:vwap_stretch_reversion:long:market_chop:h12:tp0.0:sl0.0:936b55a31d,SOL,vwap_stretch_reversion,long,market_chop,12,0.0,0.0,"SOL|vwap_stretch_reversion|long|market_chop|12|0.0|0.0|atr_ceiling=0.03,atr_floor=0.0012,bb_width=0.0025,close_pos=0.35,macro_limit=0.055,min_dist=0.0035,rsi_2=10,volume_mult=0.7,z_entry=1.8"
2026-03-10 08:27:00+00:00,0.0025456180764054513,fixed_hold,0.02036494461124361,1m:APT:vwap_stretch_reversion:long:market_aligned:h12:tp0.0:sl0.0:5666960c57,APT,vwap_stretch_reversion,long,market_aligned,12,0.0,0.0,"APT|vwap_stretch_reversion|long|market_aligned|12|0.0|0.0|atr_ceiling=0.018,atr_floor=0.0006,bb_width=0.0025,close_pos=0.35,macro_limit=0.055,min_dist=0.0035,rsi_2=14,volume_mult=0.7,z_entry=2.4"
2026-03-13 00:02:00+00:00,0.0060998572683355215,fixed_hold,0.04879885814668417,1m:APT:vwap_stretch_reversion:long:market_chop:h12:tp0.0:sl0.0:e2e5fa91a1,APT,vwap_stretch_reversion,long,market_chop,12,0.0,0.0,"APT|vwap_stretch_reversion|long|market_chop|12|0.0|0.0|atr_ceiling=0.018,atr_floor=0.0006,bb_width=0.0025,close_pos=0.35,macro_limit=0.055,min_dist=0.0035,rsi_2=10,volume_mult=0.7,z_entry=2.4"
2026-03-31 06:04:00+00:00,0.0011323523823999347,fixed_hold,0.009058819059199478,1m:XRP:ma_offset_reversion:long:market_aligned:h12:tp0.0:sl0.0:96ef77ad3d,XRP,ma_offset_reversion,long,market_aligned,12,0.0,0.0,"XRP|ma_offset_reversion|long|market_aligned|12|0.0|0.0|atr_ceiling=0.018,atr_floor=0.0006,bb_width=0.0025,ema20_offset=0.002,ema50_guard=0.02,macro_limit=0.055,range_mult=0.6,rsi_2=10,slope_guard=0.003,volume_mult=0.7"
2026-03-31 15:39:00+00:00,0.00868945603576747,fixed_hold,0.06951564828613976,1m:APT:vwap_stretch_reversion:long:market_aligned:h12:tp0.0:sl0.0:5bffc84553,APT,vwap_stretch_reversion,long,market_aligned,12,0.0,0.0,"APT|vwap_stretch_reversion|long|market_aligned|12|0.0|0.0|atr_ceiling=0.03,atr_floor=0.0006,bb_width=0.0025,close_pos=0.35,macro_limit=0.055,min_dist=0.0035,rsi_2=10,volume_mult=0.7,z_entry=1.8"
2026-04-23 19:00:00+00:00,0.00949573863636373,fixed_hold,0.07596590909090983,1m:XTZ:vwap_stretch_reversion:long:market_chop:h8:tp0.0:sl0.0:5162f59369,XTZ,vwap_stretch_reversion,long,market_chop,8,0.0,0.0,"XTZ|vwap_stretch_reversion|long|market_chop|8|0.0|0.0|atr_ceiling=0.03,atr_floor=0.0006,bb_width=0.0025,close_pos=0.35,macro_limit=0.055,min_dist=0.0035,rsi_2=10,volume_mult=0.7,z_entry=1.8"
2026-05-07 08:08:00+00:00,-0.001357708089097381,fixed_hold,-0.010861664712779048,1m:APT:vwap_stretch_reversion:long:market_chop:h12:tp0.0:sl0.0:e2e5fa91a1,APT,vwap_stretch_reversion,long,market_chop,12,0.0,0.0,"APT|vwap_stretch_reversion|long|market_chop|12|0.0|0.0|atr_ceiling=0.018,atr_floor=0.0006,bb_width=0.0025,close_pos=0.35,macro_limit=0.055,min_dist=0.0035,rsi_2=10,volume_mult=0.7,z_entry=2.4"
2026-05-08 22:31:00+00:00,-0.0005694839225440362,fixed_hold,-0.00455587138035229,1m:APT:vwap_stretch_reversion:long:market_aligned:h12:tp0.0:sl0.0:5666960c57,APT,vwap_stretch_reversion,long,market_aligned,12,0.0,0.0,"APT|vwap_stretch_reversion|long|market_aligned|12|0.0|0.0|atr_ceiling=0.018,atr_floor=0.0006,bb_width=0.0025,close_pos=0.35,macro_limit=0.055,min_dist=0.0035,rsi_2=14,volume_mult=0.7,z_entry=2.4"
