window,strategy,pair,base,side,enter_tag,open_date,close_date,profit_abs,profit_ratio_pct,duration_min,leverage
2023H2_oos,Intp20Stage12XtzCoreRocFilterStrategy,OP/USDT:USDT,OP,long,s10_01_op_maoff_l_mc_h12m_l5,2023-06-03 01:29:00+00:00,2023-06-03 01:41:00+00:00,-71.8971305,-1.4372245268996255,12,5.0
2023H2_oos,Intp20Stage12XtzCoreRocFilterStrategy,LTC/USDT:USDT,LTC,long,s10_07_ltc_maoff_l_mc_h3m_l5,2023-06-06 12:13:00+00:00,2023-06-06 12:16:00+00:00,-48.0457739,-0.9604374663025876,3,5.0
2023H2_oos,Intp20Stage12XtzCoreRocFilterStrategy,XRP/USDT:USDT,XRP,short,s9_10_xrp_rsi_s_mx_h24_l4,2023-06-06 19:56:00+00:00,2023-06-06 21:56:00+00:00,-76.86804801,-1.5381317033142947,120,4.0
2023H2_oos,Intp20Stage12XtzCoreRocFilterStrategy,MKR/USDT:USDT,MKR,short,s9_07_mkr_range_s_mc_h24_l4,2023-06-07 00:06:00+00:00,2023-06-07 02:06:00+00:00,162.3544506,3.248797707472829,120,4.0
2023H2_oos,Intp20Stage12XtzCoreRocFilterStrategy,AAVE/USDT:USDT,AAVE,long,s9_01_aave_panic_l_mc_h24_l4,2023-06-07 14:41:00+00:00,2023-06-07 16:41:00+00:00,-223.9059078,-4.475989430034147,120,4.0
2023H2_oos,Intp20Stage12XtzCoreRocFilterStrategy,LTC/USDT:USDT,LTC,short,s9_16_ltc_vwap_s_lc_h18_l5,2023-06-10 00:06:00+00:00,2023-06-10 01:36:00+00:00,165.82790169,3.3182191903760696,90,5.0
2023H2_oos,Intp20Stage12XtzCoreRocFilterStrategy,AAVE/USDT:USDT,AAVE,long,s9_01_aave_panic_l_mc_h24_l4,2023-06-10 04:31:00+00:00,2023-06-10 06:31:00+00:00,-16.1361123,-0.32256774589125997,120,4.0
2023H2_oos,Intp20Stage12XtzCoreRocFilterStrategy,ETC/USDT:USDT,ETC,long,s10_02_etc_maoff_l_mchop_h18m_l5,2023-06-10 08:02:00+00:00,2023-06-10 08:20:00+00:00,165.71689688,3.31268994478026,18,5.0
2023H2_oos,Intp20Stage12XtzCoreRocFilterStrategy,OP/USDT:USDT,OP,long,s10_01_op_maoff_l_mc_h12m_l5,2023-06-11 03:48:00+00:00,2023-06-11 04:00:00+00:00,37.67756737,0.7531769231441132,12,5.0
2023H2_oos,Intp20Stage12XtzCoreRocFilterStrategy,LTC/USDT:USDT,LTC,long,s10_07_ltc_maoff_l_mc_h3m_l5,2023-06-12 02:24:00+00:00,2023-06-12 02:27:00+00:00,-335.74812431,-6.711626514372596,3,5.0
2023H2_oos,Intp20Stage12XtzCoreRocFilterStrategy,AAVE/USDT:USDT,AAVE,long,s9_01_aave_panic_l_mc_h24_l4,2023-06-12 02:31:00+00:00,2023-06-12 04:31:00+00:00,112.3812795,2.2465588397854055,120,4.0
2023H2_oos,Intp20Stage12XtzCoreRocFilterStrategy,OP/USDT:USDT,OP,long,s10_01_op_maoff_l_mc_h12m_l5,2023-06-13 15:04:00+00:00,2023-06-13 15:16:00+00:00,-9.5510933,-0.19092644113663004,12,5.0
2023H2_oos,Intp20Stage12XtzCoreRocFilterStrategy,MKR/USDT:USDT,MKR,long,s9_11_mkr_micro_l_mchop_h18_l5,2023-06-15 08:11:00+00:00,2023-06-15 09:41:00+00:00,-219.8472743,-4.394792622403707,90,5.0
2023H2_oos,Intp20Stage12XtzCoreRocFilterStrategy,OP/USDT:USDT,OP,long,s10_01_op_maoff_l_mc_h12m_l5,2023-06-16 14:48:00+00:00,2023-06-16 15:00:00+00:00,355.62471144,7.108959368274061,12,5.0
2023H2_oos,Intp20Stage12XtzCoreRocFilterStrategy,XTZ/USDT:USDT,XTZ,long,s11_05_xtz_vstretch_l_mchop_h8m_l5,2023-06-16 19:10:00+00:00,2023-06-16 19:18:00+00:00,9.80152035,0.195932674331358,8,5.0
2023H2_oos,Intp20Stage12XtzCoreRocFilterStrategy,MKR/USDT:USDT,MKR,short,s9_07_mkr_range_s_mc_h24_l4,2023-06-17 20:36:00+00:00,2023-06-17 22:36:00+00:00,-8.0286492,-0.16065466176103307,120,4.0
2023H2_oos,Intp20Stage12XtzCoreRocFilterStrategy,XTZ/USDT:USDT,XTZ,short,s9_08_xtz_rsi_s_lc_h24_l4,2023-06-18 03:36:00+00:00,2023-06-18 05:36:00+00:00,7.48625625,0.14980017481268107,120,4.0
2023H2_oos,Intp20Stage12XtzCoreRocFilterStrategy,MKR/USDT:USDT,MKR,short,s9_07_mkr_range_s_mc_h24_l4,2023-06-18 06:06:00+00:00,2023-06-18 08:06:00+00:00,-482.9705184,-9.66426722976873,120,4.0
2023H2_oos,Intp20Stage12XtzCoreRocFilterStrategy,MKR/USDT:USDT,MKR,long,s9_11_mkr_micro_l_mchop_h18_l5,2023-06-20 15:41:00+00:00,2023-06-20 17:11:00+00:00,281.3130747,5.623474017535406,90,5.0
2023H2_oos,Intp20Stage12XtzCoreRocFilterStrategy,XRP/USDT:USDT,XRP,short,s9_10_xrp_rsi_s_mx_h24_l4,2023-06-20 18:16:00+00:00,2023-06-20 20:16:00+00:00,-52.8301536,-1.0571323397547832,120,4.0
2023H2_oos,Intp20Stage12XtzCoreRocFilterStrategy,XRP/USDT:USDT,XRP,short,s9_10_xrp_rsi_s_mx_h24_l4,2023-06-21 01:16:00+00:00,2023-06-21 03:16:00+00:00,96.43055162,1.9295763451549213,120,4.0
2023H2_oos,Intp20Stage12XtzCoreRocFilterStrategy,SOL/USDT:USDT,SOL,short,s9_02_sol_panic_s_mc_h24_l4,2023-06-21 06:01:00+00:00,2023-06-21 08:01:00+00:00,40.4659725,0.8097548804028132,120,4.0
2023H2_oos,Intp20Stage12XtzCoreRocFilterStrategy,MKR/USDT:USDT,MKR,short,s9_07_mkr_range_s_mc_h24_l4,2023-06-21 08:06:00+00:00,2023-06-21 10:06:00+00:00,-58.056856,-1.1617274470681882,120,4.0
2023H2_oos,Intp20Stage12XtzCoreRocFilterStrategy,MKR/USDT:USDT,MKR,short,s9_07_mkr_range_s_mc_h24_l4,2023-06-21 10:31:00+00:00,2023-06-21 12:31:00+00:00,9.94279815,0.1989567767151158,120,4.0
2023H2_oos,Intp20Stage12XtzCoreRocFilterStrategy,SOL/USDT:USDT,SOL,short,s9_02_sol_panic_s_mc_h24_l4,2023-06-21 15:26:00+00:00,2023-06-21 17:26:00+00:00,58.8594094,1.1778477474031133,120,4.0
2023H2_oos,Intp20Stage12XtzCoreRocFilterStrategy,MKR/USDT:USDT,MKR,short,s9_07_mkr_range_s_mc_h24_l4,2023-06-21 23:26:00+00:00,2023-06-22 01:26:00+00:00,-25.2851649,-0.505958208898427,120,4.0
2023H2_oos,Intp20Stage12XtzCoreRocFilterStrategy,MKR/USDT:USDT,MKR,short,s9_07_mkr_range_s_mc_h24_l4,2023-06-23 12:36:00+00:00,2023-06-23 14:36:00+00:00,165.8287568,3.3183486034194374,120,4.0
2023H2_oos,Intp20Stage12XtzCoreRocFilterStrategy,SOL/USDT:USDT,SOL,short,s9_02_sol_panic_s_mc_h24_l4,2023-06-23 15:11:00+00:00,2023-06-23 17:11:00+00:00,-613.423004,-12.275554871969357,120,4.0
2023H2_oos,Intp20Stage12XtzCoreRocFilterStrategy,OP/USDT:USDT,OP,long,s10_01_op_maoff_l_mc_h12m_l5,2023-06-24 21:15:00+00:00,2023-06-24 21:27:00+00:00,158.00082922,3.1584519388143875,12,5.0
2023H2_oos,Intp20Stage12XtzCoreRocFilterStrategy,SOL/USDT:USDT,SOL,short,s9_02_sol_panic_s_mc_h24_l4,2023-06-25 04:16:00+00:00,2023-06-25 06:16:00+00:00,66.7803975,1.3363849900568618,120,4.0
2023H2_oos,Intp20Stage12XtzCoreRocFilterStrategy,SUI/USDT:USDT,SUI,long,s9_25_sui_vwap_l_lc_h18_l5,2023-06-25 07:26:00+00:00,2023-06-25 08:56:00+00:00,358.96810005,7.175785629643807,90,5.0
2023H2_oos,Intp20Stage12XtzCoreRocFilterStrategy,SUI/USDT:USDT,SUI,long,s9_25_sui_vwap_l_lc_h18_l5,2023-06-25 10:36:00+00:00,2023-06-25 12:06:00+00:00,10.65474508,0.2129885893737526,90,5.0
2023H2_oos,Intp20Stage12XtzCoreRocFilterStrategy,MKR/USDT:USDT,MKR,short,s9_24_mkr_vwap_s_mchop_h12_l5,2023-06-26 00:31:00+00:00,2023-06-26 01:31:00+00:00,294.6238992,5.895465125719185,60,5.0
2023H2_oos,Intp20Stage12XtzCoreRocFilterStrategy,XTZ/USDT:USDT,XTZ,short,s9_08_xtz_rsi_s_lc_h24_l4,2023-06-26 13:16:00+00:00,2023-06-26 15:16:00+00:00,-93.92841175,-1.8795111841635102,120,4.0
2023H2_oos,Intp20Stage12XtzCoreRocFilterStrategy,ETC/USDT:USDT,ETC,long,s10_02_etc_maoff_l_mchop_h18m_l5,2023-06-26 20:32:00+00:00,2023-06-26 20:50:00+00:00,-26.35847812,-0.5269086857180371,18,5.0
2023H2_oos,Intp20Stage12XtzCoreRocFilterStrategy,MKR/USDT:USDT,MKR,short,s9_07_mkr_range_s_mc_h24_l4,2023-06-27 09:06:00+00:00,2023-06-27 11:06:00+00:00,-119.05712,-2.3823793084661142,120,4.0
2023H2_oos,Intp20Stage12XtzCoreRocFilterStrategy,SOL/USDT:USDT,SOL,short,s9_02_sol_panic_s_mc_h24_l4,2023-06-27 14:11:00+00:00,2023-06-27 16:11:00+00:00,288.4899694,5.772686163816895,120,4.0
2023H2_oos,Intp20Stage12XtzCoreRocFilterStrategy,XLM/USDT:USDT,XLM,long,s9_04_xlm_panic_l_mc_h12_l4,2023-06-28 02:56:00+00:00,2023-06-28 03:56:00+00:00,-78.3477717,-1.5661754645152612,60,4.0
2023H2_oos,Intp20Stage12XtzCoreRocFilterStrategy,LTC/USDT:USDT,LTC,long,s10_07_ltc_maoff_l_mc_h3m_l5,2023-06-28 17:38:00+00:00,2023-06-28 17:41:00+00:00,-4.33208499,-0.08659855339418777,3,5.0
2023H2_oos,Intp20Stage12XtzCoreRocFilterStrategy,AAVE/USDT:USDT,AAVE,long,s9_01_aave_panic_l_mc_h24_l4,2023-06-28 17:41:00+00:00,2023-06-28 19:41:00+00:00,-633.0203364,-12.654206230218223,120,4.0
2023H2_oos,Intp20Stage12XtzCoreRocFilterStrategy,SOL/USDT:USDT,SOL,short,s9_02_sol_panic_s_mc_h24_l4,2023-06-29 06:46:00+00:00,2023-06-29 08:46:00+00:00,-206.95516875,-4.141331850257782,120,4.0
2023H2_oos,Intp20Stage12XtzCoreRocFilterStrategy,SOL/USDT:USDT,SOL,short,s9_02_sol_panic_s_mc_h24_l4,2023-06-29 09:46:00+00:00,2023-06-29 11:46:00+00:00,-1046.16394525,-20.934144049979494,120,4.0
2023H2_oos,Intp20Stage12XtzCoreRocFilterStrategy,XTZ/USDT:USDT,XTZ,short,s9_08_xtz_rsi_s_lc_h24_l4,2023-06-29 20:06:00+00:00,2023-06-29 22:06:00+00:00,161.2029726,3.225674933197517,120,4.0
2023H2_oos,Intp20Stage12XtzCoreRocFilterStrategy,MKR/USDT:USDT,MKR,long,s9_11_mkr_micro_l_mchop_h18_l5,2023-06-30 08:16:00+00:00,2023-06-30 09:46:00+00:00,1314.0209028,26.267860100215056,90,5.0
2023H2_oos,Intp20Stage12XtzCoreRocFilterStrategy,LTC/USDT:USDT,LTC,long,s10_07_ltc_maoff_l_mc_h3m_l5,2023-07-01 04:18:00+00:00,2023-07-01 04:21:00+00:00,-62.80946248,-1.2555666558625358,3,5.0
2023H2_oos,Intp20Stage12XtzCoreRocFilterStrategy,MKR/USDT:USDT,MKR,short,s9_24_mkr_vwap_s_mchop_h12_l5,2023-07-01 09:01:00+00:00,2023-07-01 10:01:00+00:00,-0.5558098,-0.01112210148563165,60,5.0
2023H2_oos,Intp20Stage12XtzCoreRocFilterStrategy,XTZ/USDT:USDT,XTZ,short,s9_08_xtz_rsi_s_lc_h24_l4,2023-07-01 19:01:00+00:00,2023-07-01 21:01:00+00:00,-19.9999364,-0.400200100050025,120,4.0
2023H2_oos,Intp20Stage12XtzCoreRocFilterStrategy,LTC/USDT:USDT,LTC,long,s10_07_ltc_maoff_l_mc_h3m_l5,2023-07-02 03:39:00+00:00,2023-07-02 03:42:00+00:00,-36.72342192,-0.7341032496856295,3,5.0
2023H2_oos,Intp20Stage12XtzCoreRocFilterStrategy,MKR/USDT:USDT,MKR,long,s9_11_mkr_micro_l_mchop_h18_l5,2023-07-02 10:36:00+00:00,2023-07-02 12:06:00+00:00,866.116939,17.314180587431405,90,5.0
2023H2_oos,Intp20Stage12XtzCoreRocFilterStrategy,SUI/USDT:USDT,SUI,long,s9_25_sui_vwap_l_lc_h18_l5,2023-07-03 04:51:00+00:00,2023-07-03 06:21:00+00:00,-238.99447936,-4.7775141832452315,90,5.0
2023H2_oos,Intp20Stage12XtzCoreRocFilterStrategy,XTZ/USDT:USDT,XTZ,short,s9_08_xtz_rsi_s_lc_h24_l4,2023-07-03 15:06:00+00:00,2023-07-03 17:06:00+00:00,120.74999,2.416213968649037,120,4.0
2023H2_oos,Intp20Stage12XtzCoreRocFilterStrategy,SUI/USDT:USDT,SUI,long,s9_25_sui_vwap_l_lc_h18_l5,2023-07-04 09:16:00+00:00,2023-07-04 10:46:00+00:00,30.79117794,0.615516969396965,90,5.0
2023H2_oos,Intp20Stage12XtzCoreRocFilterStrategy,LTC/USDT:USDT,LTC,short,s9_16_ltc_vwap_s_lc_h18_l5,2023-07-04 17:41:00+00:00,2023-07-04 19:11:00+00:00,301.47240832,6.032477361186653,90,5.0
2023H2_oos,Intp20Stage12XtzCoreRocFilterStrategy,MKR/USDT:USDT,MKR,long,s9_11_mkr_micro_l_mchop_h18_l5,2023-07-05 03:51:00+00:00,2023-07-05 05:21:00+00:00,140.3931712,2.8065397649184636,90,5.0
2023H2_oos,Intp20Stage12XtzCoreRocFilterStrategy,AAVE/USDT:USDT,AAVE,long,s9_01_aave_panic_l_mc_h24_l4,2023-07-05 09:31:00+00:00,2023-07-05 11:31:00+00:00,-576.6342167,-11.526994012340227,120,4.0
2023H2_oos,Intp20Stage12XtzCoreRocFilterStrategy,MKR/USDT:USDT,MKR,long,s9_11_mkr_micro_l_mchop_h18_l5,2023-07-07 02:36:00+00:00,2023-07-07 04:06:00+00:00,202.310952,4.044304358252989,90,5.0
2023H2_oos,Intp20Stage12XtzCoreRocFilterStrategy,SUI/USDT:USDT,SUI,long,s9_25_sui_vwap_l_lc_h18_l5,2023-07-07 12:31:00+00:00,2023-07-07 14:01:00+00:00,253.23171975,5.062104396246051,90,5.0
2023H2_oos,Intp20Stage12XtzCoreRocFilterStrategy,SOL/USDT:USDT,SOL,short,s9_02_sol_panic_s_mc_h24_l4,2023-07-08 00:26:00+00:00,2023-07-08 02:26:00+00:00,47.04191605,0.941389591385402,120,4.0
2023H2_oos,Intp20Stage12XtzCoreRocFilterStrategy,MKR/USDT:USDT,MKR,long,s9_11_mkr_micro_l_mchop_h18_l5,2023-07-08 01:51:00+00:00,2023-07-08 03:21:00+00:00,532.4300037,10.643473380641048,90,5.0
2023H2_oos,Intp20Stage12XtzCoreRocFilterStrategy,MKR/USDT:USDT,MKR,short,s9_07_mkr_range_s_mc_h24_l4,2023-07-08 17:16:00+00:00,2023-07-08 19:16:00+00:00,168.5259442,3.372361598965903,120,4.0
2023H2_oos,Intp20Stage12XtzCoreRocFilterStrategy,XTZ/USDT:USDT,XTZ,short,s9_08_xtz_rsi_s_lc_h24_l4,2023-07-08 21:46:00+00:00,2023-07-08 23:46:00+00:00,-119.059044,-2.3823793084661142,120,4.0
2023H2_oos,Intp20Stage12XtzCoreRocFilterStrategy,MKR/USDT:USDT,MKR,short,s9_07_mkr_range_s_mc_h24_l4,2023-07-08 23:41:00+00:00,2023-07-09 01:41:00+00:00,-7.0819029,-0.14171062290344658,120,4.0
2023H2_oos,Intp20Stage12XtzCoreRocFilterStrategy,SOL/USDT:USDT,SOL,short,s9_02_sol_panic_s_mc_h24_l4,2023-07-10 14:56:00+00:00,2023-07-10 16:56:00+00:00,96.992265,1.940990299931406,120,4.0
2023H2_oos,Intp20Stage12XtzCoreRocFilterStrategy,SOL/USDT:USDT,SOL,short,s9_02_sol_panic_s_mc_h24_l4,2023-07-10 18:46:00+00:00,2023-07-10 20:46:00+00:00,-97.035321,-1.941791630156331,120,4.0
2023H2_oos,Intp20Stage12XtzCoreRocFilterStrategy,LTC/USDT:USDT,LTC,long,s10_07_ltc_maoff_l_mc_h3m_l5,2023-07-10 22:05:00+00:00,2023-07-10 22:08:00+00:00,27.10613739,0.5418518975315805,3,5.0
2023H2_oos,Intp20Stage12XtzCoreRocFilterStrategy,MKR/USDT:USDT,MKR,short,s9_07_mkr_range_s_mc_h24_l4,2023-07-11 07:21:00+00:00,2023-07-11 09:21:00+00:00,41.098764,0.8223959307898225,120,4.0
2023H2_oos,Intp20Stage12XtzCoreRocFilterStrategy,MKR/USDT:USDT,MKR,short,s9_07_mkr_range_s_mc_h24_l4,2023-07-11 23:31:00+00:00,2023-07-12 01:31:00+00:00,-198.18312255,-3.96576916426551,120,4.0
2023H2_oos,Intp20Stage12XtzCoreRocFilterStrategy,LTC/USDT:USDT,LTC,short,s9_16_ltc_vwap_s_lc_h18_l5,2023-07-12 06:36:00+00:00,2023-07-12 08:06:00+00:00,-133.50283333,-2.671393536057432,90,5.0
2023H2_oos,Intp20Stage12XtzCoreRocFilterStrategy,MKR/USDT:USDT,MKR,short,s9_07_mkr_range_s_mc_h24_l4,2023-07-12 12:11:00+00:00,2023-07-12 14:11:00+00:00,-15.6079952,-0.3123255910847995,120,4.0
2023H2_oos,Intp20Stage12XtzCoreRocFilterStrategy,MKR/USDT:USDT,MKR,long,s9_11_mkr_micro_l_mchop_h18_l5,2023-07-12 23:46:00+00:00,2023-07-13 01:16:00+00:00,-355.230766,-7.101075013154215,90,5.0
2023H2_oos,Intp20Stage12XtzCoreRocFilterStrategy,XLM/USDT:USDT,XLM,long,s9_04_xlm_panic_l_mc_h12_l4,2023-07-14 07:36:00+00:00,2023-07-14 08:36:00+00:00,510.63285133,10.207599403635717,60,4.0
2023H2_oos,Intp20Stage12XtzCoreRocFilterStrategy,SOL/USDT:USDT,SOL,long,s11_02_sol_vstretch_l_mchop_h12m_l5,2023-07-14 16:25:00+00:00,2023-07-14 16:37:00+00:00,-251.8609396,-5.035098650141672,12,5.0
2023H2_oos,Intp20Stage12XtzCoreRocFilterStrategy,MKR/USDT:USDT,MKR,long,s9_11_mkr_micro_l_mchop_h18_l5,2023-07-15 07:46:00+00:00,2023-07-15 09:16:00+00:00,399.10336575,7.978085775262699,90,5.0
2023H2_oos,Intp20Stage12XtzCoreRocFilterStrategy,MKR/USDT:USDT,MKR,long,s9_11_mkr_micro_l_mchop_h18_l5,2023-07-15 09:21:00+00:00,2023-07-15 10:51:00+00:00,-109.4735748,-2.1883919433116437,90,5.0
2023H2_oos,Intp20Stage12XtzCoreRocFilterStrategy,ETC/USDT:USDT,ETC,long,s11_03_etc_vstretch_l_mchop_h12m_l5,2023-07-15 13:03:00+00:00,2023-07-15 13:15:00+00:00,-63.8245764,-1.2758536828540359,12,5.0
2023H2_oos,Intp20Stage12XtzCoreRocFilterStrategy,XLM/USDT:USDT,XLM,long,s10_06_xlm_maoff_l_ma_h12m_l5,2023-07-15 19:26:00+00:00,2023-07-15 19:38:00+00:00,-111.23619578,-2.22361784825817,12,5.0
2023H2_oos,Intp20Stage12XtzCoreRocFilterStrategy,XTZ/USDT:USDT,XTZ,short,s9_08_xtz_rsi_s_lc_h24_l4,2023-07-15 18:41:00+00:00,2023-07-15 20:41:00+00:00,-19.9999873,-0.400200100050025,120,4.0
2023H2_oos,Intp20Stage12XtzCoreRocFilterStrategy,AAVE/USDT:USDT,AAVE,long,s9_01_aave_panic_l_mc_h24_l4,2023-07-16 00:31:00+00:00,2023-07-16 02:31:00+00:00,-241.7905035,-4.833573520598456,120,4.0
2023H2_oos,Intp20Stage12XtzCoreRocFilterStrategy,MKR/USDT:USDT,MKR,long,s9_11_mkr_micro_l_mchop_h18_l5,2023-07-16 07:06:00+00:00,2023-07-16 08:36:00+00:00,405.0739553,8.097592213087383,90,5.0
2023H2_oos,Intp20Stage12XtzCoreRocFilterStrategy,MKR/USDT:USDT,MKR,short,s9_07_mkr_range_s_mc_h24_l4,2023-07-16 13:41:00+00:00,2023-07-16 15:41:00+00:00,-124.377594,-2.488817283756944,120,4.0
2023H2_oos,Intp20Stage12XtzCoreRocFilterStrategy,XRP/USDT:USDT,XRP,long,s10_03_xrp_maoff_l_ma_h18m_l5,2023-07-16 15:41:00+00:00,2023-07-16 15:59:00+00:00,-31.48764696,-0.6294399210883977,18,5.0
2023H2_oos,Intp20Stage12XtzCoreRocFilterStrategy,MKR/USDT:USDT,MKR,long,s9_11_mkr_micro_l_mchop_h18_l5,2023-07-17 16:21:00+00:00,2023-07-17 17:51:00+00:00,-512.1128496,-10.237413522564784,90,5.0
2023H2_oos,Intp20Stage12XtzCoreRocFilterStrategy,DOGE/USDT:USDT,DOGE,short,s11_04_doge_vstretch_s_mchop_h12m_l5,2023-07-17 19:17:00+00:00,2023-07-17 19:29:00+00:00,-14.11869191,-0.2825150975559706,12,5.0
2023H2_oos,Intp20Stage12XtzCoreRocFilterStrategy,MKR/USDT:USDT,MKR,short,s9_07_mkr_range_s_mc_h24_l4,2023-07-18 01:06:00+00:00,2023-07-18 03:06:00+00:00,-60.91331845,-1.2189262948305835,120,4.0
2023H2_oos,Intp20Stage12XtzCoreRocFilterStrategy,XTZ/USDT:USDT,XTZ,short,s9_08_xtz_rsi_s_lc_h24_l4,2023-07-18 18:31:00+00:00,2023-07-18 20:31:00+00:00,148.9622823,2.98074248221819,120,4.0
2023H2_oos,Intp20Stage12XtzCoreRocFilterStrategy,SOL/USDT:USDT,SOL,short,s9_02_sol_panic_s_mc_h24_l4,2023-07-19 03:16:00+00:00,2023-07-19 05:16:00+00:00,61.1053644,1.2228184782242242,120,4.0
2023H2_oos,Intp20Stage12XtzCoreRocFilterStrategy,SUI/USDT:USDT,SUI,long,s9_25_sui_vwap_l_lc_h18_l5,2023-07-20 03:21:00+00:00,2023-07-20 04:51:00+00:00,-0.47153145,-0.00942594201610483,90,5.0
2023H2_oos,Intp20Stage12XtzCoreRocFilterStrategy,MKR/USDT:USDT,MKR,short,s9_24_mkr_vwap_s_mchop_h12_l5,2023-07-20 05:26:00+00:00,2023-07-20 06:26:00+00:00,-270.906636,-5.420898651572977,60,5.0
2023H2_oos,Intp20Stage12XtzCoreRocFilterStrategy,XTZ/USDT:USDT,XTZ,long,s11_05_xtz_vstretch_l_mchop_h8m_l5,2023-07-20 10:51:00+00:00,2023-07-20 10:59:00+00:00,-136.6756797,-2.7321534763344584,8,5.0
2023H2_oos,Intp20Stage12XtzCoreRocFilterStrategy,SUI/USDT:USDT,SUI,long,s9_25_sui_vwap_l_lc_h18_l5,2023-07-21 04:36:00+00:00,2023-07-21 06:06:00+00:00,-216.93246773,-4.336491174702504,90,5.0
2023H2_oos,Intp20Stage12XtzCoreRocFilterStrategy,LTC/USDT:USDT,LTC,short,s9_16_ltc_vwap_s_lc_h18_l5,2023-07-21 11:21:00+00:00,2023-07-21 12:51:00+00:00,-95.5264208,-1.911486054273205,90,5.0
2023H2_oos,Intp20Stage12XtzCoreRocFilterStrategy,MKR/USDT:USDT,MKR,short,s9_07_mkr_range_s_mc_h24_l4,2023-07-21 15:31:00+00:00,2023-07-21 17:31:00+00:00,51.3267678,1.0270654367350602,120,4.0
2023H2_oos,Intp20Stage12XtzCoreRocFilterStrategy,XLM/USDT:USDT,XLM,long,s10_06_xlm_maoff_l_ma_h12m_l5,2023-07-22 00:33:00+00:00,2023-07-22 00:45:00+00:00,3.68828667,0.07372892199135793,12,5.0
2023H2_oos,Intp20Stage12XtzCoreRocFilterStrategy,XLM/USDT:USDT,XLM,long,s10_06_xlm_maoff_l_ma_h12m_l5,2023-07-22 01:08:00+00:00,2023-07-22 01:20:00+00:00,-52.235129,-1.0441820188552708,12,5.0
2023H2_oos,Intp20Stage12XtzCoreRocFilterStrategy,MKR/USDT:USDT,MKR,short,s9_07_mkr_range_s_mc_h24_l4,2023-07-21 23:56:00+00:00,2023-07-22 01:56:00+00:00,-142.73055585,-2.8561932710381557,120,4.0
2023H2_oos,Intp20Stage12XtzCoreRocFilterStrategy,SOL/USDT:USDT,SOL,short,s9_02_sol_panic_s_mc_h24_l4,2023-07-22 03:26:00+00:00,2023-07-22 05:26:00+00:00,196.2131704,3.926446088125878,120,4.0
2023H2_oos,Intp20Stage12XtzCoreRocFilterStrategy,SUI/USDT:USDT,SUI,long,s9_25_sui_vwap_l_lc_h18_l5,2023-07-22 18:21:00+00:00,2023-07-22 19:51:00+00:00,-6.91668629,-0.13826492456478376,90,5.0
2023H2_oos,Intp20Stage12XtzCoreRocFilterStrategy,MKR/USDT:USDT,MKR,long,s9_11_mkr_micro_l_mchop_h18_l5,2023-07-23 15:36:00+00:00,2023-07-23 17:06:00+00:00,-357.71403855,-7.15082583819797,90,5.0
2023H2_oos,Intp20Stage12XtzCoreRocFilterStrategy,SOL/USDT:USDT,SOL,short,s9_02_sol_panic_s_mc_h24_l4,2023-07-23 16:56:00+00:00,2023-07-23 18:56:00+00:00,-206.040002,-4.123061851541353,120,4.0
2023H2_oos,Intp20Stage12XtzCoreRocFilterStrategy,AAVE/USDT:USDT,AAVE,long,s9_01_aave_panic_l_mc_h24_l4,2023-07-24 09:56:00+00:00,2023-07-24 11:56:00+00:00,60.7428954,1.2142803381921272,120,4.0
2023H2_oos,Intp20Stage12XtzCoreRocFilterStrategy,MKR/USDT:USDT,MKR,long,s9_11_mkr_micro_l_mchop_h18_l5,2023-07-25 05:41:00+00:00,2023-07-25 07:11:00+00:00,6.9298266,0.13853058866696627,90,5.0
2023H2_oos,Intp20Stage12XtzCoreRocFilterStrategy,LTC/USDT:USDT,LTC,short,s9_16_ltc_vwap_s_lc_h18_l5,2023-07-25 07:11:00+00:00,2023-07-25 08:41:00+00:00,-97.98800109,-1.9607446821053625,90,5.0
2023H2_oos,Intp20Stage12XtzCoreRocFilterStrategy,MKR/USDT:USDT,MKR,long,s9_11_mkr_micro_l_mchop_h18_l5,2023-07-27 23:31:00+00:00,2023-07-28 01:01:00+00:00,45.75391045,0.914657653153859,90,5.0
2023H2_oos,Intp20Stage12XtzCoreRocFilterStrategy,SOL/USDT:USDT,SOL,short,s9_02_sol_panic_s_mc_h24_l4,2023-07-28 14:36:00+00:00,2023-07-28 16:36:00+00:00,-104.7138932,-2.095455780294685,120,4.0
2023H2_oos,Intp20Stage12XtzCoreRocFilterStrategy,MKR/USDT:USDT,MKR,short,s9_07_mkr_range_s_mc_h24_l4,2023-07-30 12:41:00+00:00,2023-07-30 14:41:00+00:00,-65.74083825,-1.3155087712546167,120,4.0
2023H2_oos,Intp20Stage12XtzCoreRocFilterStrategy,LTC/USDT:USDT,LTC,long,s10_07_ltc_maoff_l_mc_h3m_l5,2023-07-30 19:51:00+00:00,2023-07-30 19:54:00+00:00,-108.25560239,-2.1640351364440744,3,5.0
2023H2_oos,Intp20Stage12XtzCoreRocFilterStrategy,AAVE/USDT:USDT,AAVE,long,s9_01_aave_panic_l_mc_h24_l4,2023-07-30 20:16:00+00:00,2023-07-30 22:16:00+00:00,349.1686716,6.980074744302867,120,4.0
2023H2_oos,Intp20Stage12XtzCoreRocFilterStrategy,OP/USDT:USDT,OP,long,s10_01_op_maoff_l_mc_h12m_l5,2023-07-31 07:16:00+00:00,2023-07-31 07:28:00+00:00,113.66162149,2.2721051910154424,12,5.0
2023H2_oos,Intp20Stage12XtzCoreRocFilterStrategy,MKR/USDT:USDT,MKR,long,s9_11_mkr_micro_l_mchop_h18_l5,2023-07-31 11:36:00+00:00,2023-07-31 13:06:00+00:00,-252.43926795,-5.046313781027643,90,5.0
2023H2_oos,Intp20Stage12XtzCoreRocFilterStrategy,MKR/USDT:USDT,MKR,short,s9_07_mkr_range_s_mc_h24_l4,2023-07-31 13:46:00+00:00,2023-07-31 15:46:00+00:00,329.9364835,6.60222974256941,120,4.0
2023H2_oos,Intp20Stage12XtzCoreRocFilterStrategy,MKR/USDT:USDT,MKR,long,s9_11_mkr_micro_l_mchop_h18_l5,2023-08-01 06:41:00+00:00,2023-08-01 08:11:00+00:00,105.0543432,2.100121052030914,90,5.0
2023H2_oos,Intp20Stage12XtzCoreRocFilterStrategy,SUI/USDT:USDT,SUI,long,s9_25_sui_vwap_l_lc_h18_l5,2023-08-01 15:36:00+00:00,2023-08-01 17:06:00+00:00,179.4928024,3.5880706168791585,90,5.0
2023H2_oos,Intp20Stage12XtzCoreRocFilterStrategy,XTZ/USDT:USDT,XTZ,short,s9_08_xtz_rsi_s_lc_h24_l4,2023-08-02 07:21:00+00:00,2023-08-02 09:21:00+00:00,97.98346705,1.960650136388949,120,4.0
2023H2_oos,Intp20Stage12XtzCoreRocFilterStrategy,LTC/USDT:USDT,LTC,long,s10_07_ltc_maoff_l_mc_h3m_l5,2023-08-02 16:18:00+00:00,2023-08-02 16:21:00+00:00,-16.52483993,-0.3303322901448656,3,5.0
2023H2_oos,Intp20Stage12XtzCoreRocFilterStrategy,MKR/USDT:USDT,MKR,long,s9_11_mkr_micro_l_mchop_h18_l5,2023-08-03 01:41:00+00:00,2023-08-03 03:11:00+00:00,-34.49848365,-0.6896597325244305,90,5.0
2023H2_oos,Intp20Stage12XtzCoreRocFilterStrategy,MKR/USDT:USDT,MKR,long,s9_11_mkr_micro_l_mchop_h18_l5,2023-08-03 10:16:00+00:00,2023-08-03 11:46:00+00:00,-76.144398,-1.5221522738744342,90,5.0
2023H2_oos,Intp20Stage12XtzCoreRocFilterStrategy,LTC/USDT:USDT,LTC,short,s9_16_ltc_vwap_s_lc_h18_l5,2023-08-03 20:36:00+00:00,2023-08-03 22:06:00+00:00,134.64799902,2.69430874193044,90,5.0
2023H2_oos,Intp20Stage12XtzCoreRocFilterStrategy,SUI/USDT:USDT,SUI,long,s9_25_sui_vwap_l_lc_h18_l5,2023-08-04 00:06:00+00:00,2023-08-04 01:36:00+00:00,295.29834648,5.903019143152323,90,5.0
2023H2_oos,Intp20Stage12XtzCoreRocFilterStrategy,XRP/USDT:USDT,XRP,long,s10_03_xrp_maoff_l_ma_h18m_l5,2023-08-05 15:07:00+00:00,2023-08-05 15:25:00+00:00,-69.04847315,-1.3802794116762132,18,5.0
2023H2_oos,Intp20Stage12XtzCoreRocFilterStrategy,OP/USDT:USDT,OP,long,s10_01_op_maoff_l_mc_h12m_l5,2023-08-05 16:35:00+00:00,2023-08-05 16:47:00+00:00,-3.90203112,-0.0780021303503004,12,5.0
2023H2_oos,Intp20Stage12XtzCoreRocFilterStrategy,XLM/USDT:USDT,XLM,long,s9_04_xlm_panic_l_mc_h12_l4,2023-08-06 10:46:00+00:00,2023-08-06 11:46:00+00:00,29.53605317,0.5904297921840552,60,4.0
2023H2_oos,Intp20Stage12XtzCoreRocFilterStrategy,SUI/USDT:USDT,SUI,long,s9_25_sui_vwap_l_lc_h18_l5,2023-08-06 10:46:00+00:00,2023-08-06 12:16:00+00:00,-33.30146358,-0.6656970518063225,90,5.0
2023H2_oos,Intp20Stage12XtzCoreRocFilterStrategy,MKR/USDT:USDT,MKR,short,s9_07_mkr_range_s_mc_h24_l4,2023-08-06 19:56:00+00:00,2023-08-06 21:56:00+00:00,-174.707225,-3.4959081778099117,120,4.0
2023H2_oos,Intp20Stage12XtzCoreRocFilterStrategy,SOL/USDT:USDT,SOL,short,s9_02_sol_panic_s_mc_h24_l4,2023-08-06 21:01:00+00:00,2023-08-06 23:01:00+00:00,14.3703004,0.28756594984914624,120,4.0
2023H2_oos,Intp20Stage12XtzCoreRocFilterStrategy,MKR/USDT:USDT,MKR,long,s9_11_mkr_micro_l_mchop_h18_l5,2023-08-07 01:16:00+00:00,2023-08-07 02:46:00+00:00,149.3812958,2.986172255104291,90,5.0
2023H2_oos,Intp20Stage12XtzCoreRocFilterStrategy,XLM/USDT:USDT,XLM,long,s9_04_xlm_panic_l_mc_h12_l4,2023-08-07 15:26:00+00:00,2023-08-07 16:26:00+00:00,-172.38796425,-3.446054117426895,60,4.0
2023H2_oos,Intp20Stage12XtzCoreRocFilterStrategy,MKR/USDT:USDT,MKR,short,s9_24_mkr_vwap_s_mchop_h12_l5,2023-08-08 21:31:00+00:00,2023-08-08 22:31:00+00:00,-70.1332515,-1.4033837785034249,60,5.0
2023H2_oos,Intp20Stage12XtzCoreRocFilterStrategy,MKR/USDT:USDT,MKR,long,s9_11_mkr_micro_l_mchop_h18_l5,2023-08-10 00:21:00+00:00,2023-08-10 01:51:00+00:00,-57.8345376,-1.1561236464553533,90,5.0
2023H2_oos,Intp20Stage12XtzCoreRocFilterStrategy,MKR/USDT:USDT,MKR,long,s9_11_mkr_micro_l_mchop_h18_l5,2023-08-10 04:06:00+00:00,2023-08-10 05:36:00+00:00,188.253624,3.7632366455153305,90,5.0
2023H2_oos,Intp20Stage12XtzCoreRocFilterStrategy,MKR/USDT:USDT,MKR,short,s9_07_mkr_range_s_mc_h24_l4,2023-08-15 00:16:00+00:00,2023-08-15 02:16:00+00:00,89.2161528,1.785320337163284,120,4.0
2023H2_oos,Intp20Stage12XtzCoreRocFilterStrategy,MKR/USDT:USDT,MKR,short,s9_24_mkr_vwap_s_mchop_h12_l5,2023-08-15 18:41:00+00:00,2023-08-15 19:41:00+00:00,-228.0304117,-4.56308193060732,60,5.0
2023H2_oos,Intp20Stage12XtzCoreRocFilterStrategy,MKR/USDT:USDT,MKR,short,s9_24_mkr_vwap_s_mchop_h12_l5,2023-08-21 01:41:00+00:00,2023-08-21 02:41:00+00:00,40.48898835,0.8101965392230244,60,5.0
2023H2_oos,Intp20Stage12XtzCoreRocFilterStrategy,OP/USDT:USDT,OP,long,s10_01_op_maoff_l_mc_h12m_l5,2023-08-21 09:45:00+00:00,2023-08-21 09:57:00+00:00,60.34979466,1.2063990106614364,12,5.0
2023H2_oos,Intp20Stage12XtzCoreRocFilterStrategy,LTC/USDT:USDT,LTC,short,s9_16_ltc_vwap_s_lc_h18_l5,2023-08-22 09:51:00+00:00,2023-08-22 11:21:00+00:00,27.84858681,0.5572511580269458,90,5.0
2023H2_oos,Intp20Stage12XtzCoreRocFilterStrategy,SUI/USDT:USDT,SUI,long,s9_25_sui_vwap_l_lc_h18_l5,2023-08-22 13:41:00+00:00,2023-08-22 15:11:00+00:00,-356.264664,-7.121738339079402,90,5.0
2023H2_oos,Intp20Stage12XtzCoreRocFilterStrategy,LTC/USDT:USDT,LTC,short,s9_16_ltc_vwap_s_lc_h18_l5,2023-08-22 16:21:00+00:00,2023-08-22 17:51:00+00:00,430.87745008,8.621868649999364,90,5.0
2023H2_oos,Intp20Stage12XtzCoreRocFilterStrategy,MKR/USDT:USDT,MKR,short,s9_24_mkr_vwap_s_mchop_h12_l5,2023-08-24 12:01:00+00:00,2023-08-24 13:01:00+00:00,-112.2455524,-2.2460743865599033,60,5.0
2023H2_oos,Intp20Stage12XtzCoreRocFilterStrategy,MKR/USDT:USDT,MKR,short,s9_07_mkr_range_s_mc_h24_l4,2023-08-28 16:26:00+00:00,2023-08-28 18:26:00+00:00,229.84572275,4.599389459748063,120,4.0
2023H2_oos,Intp20Stage12XtzCoreRocFilterStrategy,XRP/USDT:USDT,XRP,short,s9_10_xrp_rsi_s_mx_h24_l4,2023-08-29 14:31:00+00:00,2023-08-29 16:31:00+00:00,-188.21395061,-3.7661647935867806,120,4.0
2023H2_oos,Intp20Stage12XtzCoreRocFilterStrategy,MKR/USDT:USDT,MKR,long,s9_11_mkr_micro_l_mchop_h18_l5,2023-08-30 01:21:00+00:00,2023-08-30 02:51:00+00:00,12.87008,0.25728350185047666,90,5.0
2023H2_oos,Intp20Stage12XtzCoreRocFilterStrategy,SUI/USDT:USDT,SUI,long,s9_25_sui_vwap_l_lc_h18_l5,2023-08-30 09:41:00+00:00,2023-08-30 11:11:00+00:00,-129.11435196,-2.5810011660836247,90,5.0
2023H2_oos,Intp20Stage12XtzCoreRocFilterStrategy,SUI/USDT:USDT,SUI,long,s9_25_sui_vwap_l_lc_h18_l5,2023-08-31 00:16:00+00:00,2023-08-31 01:46:00+00:00,-163.5274968,-3.268916105892762,90,5.0
2023H2_oos,Intp20Stage12XtzCoreRocFilterStrategy,MKR/USDT:USDT,MKR,long,s9_11_mkr_micro_l_mchop_h18_l5,2023-08-31 08:56:00+00:00,2023-08-31 10:26:00+00:00,1047.73144845,20.944477173499664,90,5.0
2023H2_oos,Intp20Stage12XtzCoreRocFilterStrategy,COMP/USDT:USDT,COMP,long,s9_05_comp_rsi_l_mx_h24_l4,2023-08-31 16:56:00+00:00,2023-08-31 18:56:00+00:00,-53.89775752,-1.0774167179975904,120,4.0
2023H2_oos,Intp20Stage12XtzCoreRocFilterStrategy,MKR/USDT:USDT,MKR,long,s9_11_mkr_micro_l_mchop_h18_l5,2023-09-01 09:16:00+00:00,2023-09-01 10:46:00+00:00,-151.1723682,-3.0220468334815815,90,5.0
2023H2_oos,Intp20Stage12XtzCoreRocFilterStrategy,MKR/USDT:USDT,MKR,short,s9_07_mkr_range_s_mc_h24_l4,2023-09-02 12:26:00+00:00,2023-09-02 14:26:00+00:00,58.23132,1.165222054989267,120,4.0
2023H2_oos,Intp20Stage12XtzCoreRocFilterStrategy,MKR/USDT:USDT,MKR,short,s9_07_mkr_range_s_mc_h24_l4,2023-09-03 09:11:00+00:00,2023-09-03 11:11:00+00:00,-197.1195447,-3.944515176042957,120,4.0
2023H2_oos,Intp20Stage12XtzCoreRocFilterStrategy,MKR/USDT:USDT,MKR,long,s9_11_mkr_micro_l_mchop_h18_l5,2023-09-03 18:16:00+00:00,2023-09-03 19:46:00+00:00,-250.8678237,-5.015006620983294,90,5.0
2023H2_oos,Intp20Stage12XtzCoreRocFilterStrategy,MKR/USDT:USDT,MKR,long,s9_11_mkr_micro_l_mchop_h18_l5,2023-09-05 01:41:00+00:00,2023-09-05 03:11:00+00:00,-120.5583065,-2.409969863876315,90,5.0
2023H2_oos,Intp20Stage12XtzCoreRocFilterStrategy,LTC/USDT:USDT,LTC,short,s9_16_ltc_vwap_s_lc_h18_l5,2023-09-05 13:06:00+00:00,2023-09-05 14:36:00+00:00,82.26442748,1.6461137176958236,90,5.0
2023H2_oos,Intp20Stage12XtzCoreRocFilterStrategy,XLM/USDT:USDT,XLM,long,s9_04_xlm_panic_l_mc_h12_l4,2023-09-06 15:21:00+00:00,2023-09-06 16:21:00+00:00,-16.61006715,-0.332036796592377,60,4.0
2023H2_oos,Intp20Stage12XtzCoreRocFilterStrategy,OP/USDT:USDT,OP,long,s10_01_op_maoff_l_mc_h12m_l5,2023-09-09 00:56:00+00:00,2023-09-09 01:08:00+00:00,134.72664066,2.6931887969329957,12,5.0
2023H2_oos,Intp20Stage12XtzCoreRocFilterStrategy,SUI/USDT:USDT,SUI,long,s9_25_sui_vwap_l_lc_h18_l5,2023-09-09 10:21:00+00:00,2023-09-09 11:51:00+00:00,-9.44761048,-0.18885785323106083,90,5.0
2023H2_oos,Intp20Stage12XtzCoreRocFilterStrategy,XLM/USDT:USDT,XLM,long,s10_06_xlm_maoff_l_ma_h12m_l5,2023-09-09 23:06:00+00:00,2023-09-09 23:18:00+00:00,-64.81916425,-1.2957362569284487,12,5.0
2023H2_oos,Intp20Stage12XtzCoreRocFilterStrategy,XTZ/USDT:USDT,XTZ,long,s11_05_xtz_vstretch_l_mchop_h8m_l5,2023-09-10 07:59:00+00:00,2023-09-10 08:07:00+00:00,11.85470165,0.23697590732657273,8,5.0
2023H2_oos,Intp20Stage12XtzCoreRocFilterStrategy,SOL/USDT:USDT,SOL,long,s11_02_sol_vstretch_l_mchop_h12m_l5,2023-09-10 14:32:00+00:00,2023-09-10 14:44:00+00:00,13.748085,0.2748404264859152,12,5.0
2023H2_oos,Intp20Stage12XtzCoreRocFilterStrategy,XLM/USDT:USDT,XLM,long,s9_04_xlm_panic_l_mc_h12_l4,2023-09-11 00:51:00+00:00,2023-09-11 01:51:00+00:00,-35.14494044,-0.7025504597500476,60,4.0
2023H2_oos,Intp20Stage12XtzCoreRocFilterStrategy,XLM/USDT:USDT,XLM,long,s9_04_xlm_panic_l_mc_h12_l4,2023-09-11 10:26:00+00:00,2023-09-11 11:26:00+00:00,116.20150755,2.3228759570460373,60,4.0
2023H2_oos,Intp20Stage12XtzCoreRocFilterStrategy,XTZ/USDT:USDT,XTZ,long,s11_05_xtz_vstretch_l_mchop_h8m_l5,2023-09-11 21:44:00+00:00,2023-09-11 21:52:00+00:00,53.4535968,1.0685395136026963,8,5.0
2023H2_oos,Intp20Stage12XtzCoreRocFilterStrategy,MKR/USDT:USDT,MKR,short,s9_24_mkr_vwap_s_mchop_h12_l5,2023-09-12 02:16:00+00:00,2023-09-12 03:16:00+00:00,-368.6497968,-7.376785310590684,60,5.0
2023H2_oos,Intp20Stage12XtzCoreRocFilterStrategy,XRP/USDT:USDT,XRP,short,s9_10_xrp_rsi_s_mx_h24_l4,2023-09-12 03:26:00+00:00,2023-09-12 05:26:00+00:00,175.19925105,3.5057379250023515,120,4.0
2023H2_oos,Intp20Stage12XtzCoreRocFilterStrategy,SUI/USDT:USDT,SUI,long,s9_25_sui_vwap_l_lc_h18_l5,2023-09-12 09:01:00+00:00,2023-09-12 10:31:00+00:00,573.84105948,11.47109013885551,90,5.0
2023H2_oos,Intp20Stage12XtzCoreRocFilterStrategy,XTZ/USDT:USDT,XTZ,short,s9_08_xtz_rsi_s_lc_h24_l4,2023-09-13 19:31:00+00:00,2023-09-13 21:31:00+00:00,-113.35889245,-2.2683192295992476,120,4.0
2023H2_oos,Intp20Stage12XtzCoreRocFilterStrategy,MKR/USDT:USDT,MKR,long,s9_11_mkr_micro_l_mchop_h18_l5,2023-09-14 02:56:00+00:00,2023-09-14 04:26:00+00:00,-27.1219879,-0.5421849435489544,90,5.0
2023H2_oos,Intp20Stage12XtzCoreRocFilterStrategy,MKR/USDT:USDT,MKR,short,s9_07_mkr_range_s_mc_h24_l4,2023-09-14 08:46:00+00:00,2023-09-14 10:46:00+00:00,166.0915908,3.3236584162388367,120,4.0
2023H2_oos,Intp20Stage12XtzCoreRocFilterStrategy,SUI/USDT:USDT,SUI,long,s9_25_sui_vwap_l_lc_h18_l5,2023-09-14 12:36:00+00:00,2023-09-14 14:06:00+00:00,-59.1591753,-1.1825939388473912,90,5.0
2023H2_oos,Intp20Stage12XtzCoreRocFilterStrategy,MKR/USDT:USDT,MKR,short,s9_07_mkr_range_s_mc_h24_l4,2023-09-14 12:31:00+00:00,2023-09-14 14:31:00+00:00,-246.1177065,-4.924889426632649,120,4.0
2023H2_oos,Intp20Stage12XtzCoreRocFilterStrategy,OP/USDT:USDT,OP,long,s10_01_op_maoff_l_mc_h12m_l5,2023-09-14 19:02:00+00:00,2023-09-14 19:14:00+00:00,-32.4212625,-0.6481018475021473,12,5.0
2023H2_oos,Intp20Stage12XtzCoreRocFilterStrategy,APT/USDT:USDT,APT,long,s11_01_apt_vstretch_l_ma_h12m_l5,2023-09-15 03:33:00+00:00,2023-09-15 03:45:00+00:00,-48.83319945,-0.976190653242627,12,5.0
2023H2_oos,Intp20Stage12XtzCoreRocFilterStrategy,SOL/USDT:USDT,SOL,short,s9_02_sol_panic_s_mc_h24_l4,2023-09-15 22:46:00+00:00,2023-09-16 00:46:00+00:00,-52.53735435,-1.0513256418378627,120,4.0
2023H2_oos,Intp20Stage12XtzCoreRocFilterStrategy,MKR/USDT:USDT,MKR,short,s9_24_mkr_vwap_s_mchop_h12_l5,2023-09-16 20:46:00+00:00,2023-09-16 21:46:00+00:00,-21.0593544,-0.42141256498927576,60,5.0
2023H2_oos,Intp20Stage12XtzCoreRocFilterStrategy,MKR/USDT:USDT,MKR,long,s9_11_mkr_micro_l_mchop_h18_l5,2023-09-17 03:36:00+00:00,2023-09-17 05:06:00+00:00,-63.9319176,-1.2780303522280618,90,5.0
2023H2_oos,Intp20Stage12XtzCoreRocFilterStrategy,MKR/USDT:USDT,MKR,short,s9_07_mkr_range_s_mc_h24_l4,2023-09-18 08:41:00+00:00,2023-09-18 10:41:00+00:00,27.3907572,0.5480912083103998,120,4.0
2023H2_oos,Intp20Stage12XtzCoreRocFilterStrategy,SOL/USDT:USDT,SOL,short,s9_02_sol_panic_s_mc_h24_l4,2023-09-18 12:41:00+00:00,2023-09-18 14:41:00+00:00,-4.88493855,-0.09775257252959242,120,4.0
2023H2_oos,Intp20Stage12XtzCoreRocFilterStrategy,XTZ/USDT:USDT,XTZ,long,s11_05_xtz_vstretch_l_mchop_h8m_l5,2023-09-19 10:30:00+00:00,2023-09-19 10:38:00+00:00,86.38558105,1.7268483143272346,8,5.0
2023H2_oos,Intp20Stage12XtzCoreRocFilterStrategy,MKR/USDT:USDT,MKR,short,s9_24_mkr_vwap_s_mchop_h12_l5,2023-09-19 20:26:00+00:00,2023-09-19 21:26:00+00:00,-19.0343235,-0.38088445606060845,60,5.0
2023H2_oos,Intp20Stage12XtzCoreRocFilterStrategy,LTC/USDT:USDT,LTC,long,s10_05_ltc_maoff_l_mchop_h12m_l5,2023-09-20 12:27:00+00:00,2023-09-20 12:39:00+00:00,-151.91780556,-3.0368454375244265,12,5.0
2023H2_oos,Intp20Stage12XtzCoreRocFilterStrategy,MKR/USDT:USDT,MKR,long,s9_11_mkr_micro_l_mchop_h18_l5,2023-09-20 12:06:00+00:00,2023-09-20 13:36:00+00:00,-65.005083,-1.2994989239140724,90,5.0
2023H2_oos,Intp20Stage12XtzCoreRocFilterStrategy,SOL/USDT:USDT,SOL,short,s9_02_sol_panic_s_mc_h24_l4,2023-09-20 17:21:00+00:00,2023-09-20 19:21:00+00:00,296.76139605,5.93843304253103,120,4.0
2023H2_oos,Intp20Stage12XtzCoreRocFilterStrategy,MKR/USDT:USDT,MKR,long,s9_11_mkr_micro_l_mchop_h18_l5,2023-09-21 04:16:00+00:00,2023-09-21 05:46:00+00:00,39.3958812,0.7875268609712519,90,5.0
2023H2_oos,Intp20Stage12XtzCoreRocFilterStrategy,MKR/USDT:USDT,MKR,long,s9_11_mkr_micro_l_mchop_h18_l5,2023-09-21 15:56:00+00:00,2023-09-21 17:26:00+00:00,-122.5391265,-2.4496047149460325,90,5.0
2023H2_oos,Intp20Stage12XtzCoreRocFilterStrategy,SUI/USDT:USDT,SUI,long,s9_25_sui_vwap_l_lc_h18_l5,2023-09-23 02:36:00+00:00,2023-09-23 04:06:00+00:00,-227.37317183,-4.545196468132638,90,5.0
2023H2_oos,Intp20Stage12XtzCoreRocFilterStrategy,OP/USDT:USDT,OP,long,s10_01_op_maoff_l_mc_h12m_l5,2023-09-24 23:29:00+00:00,2023-09-24 23:41:00+00:00,-86.26770967,-1.7244996104127557,12,5.0
2023H2_oos,Intp20Stage12XtzCoreRocFilterStrategy,MKR/USDT:USDT,MKR,long,s9_11_mkr_micro_l_mchop_h18_l5,2023-09-27 09:26:00+00:00,2023-09-27 10:56:00+00:00,255.65977055,5.110654523442896,90,5.0
2023H2_oos,Intp20Stage12XtzCoreRocFilterStrategy,SOL/USDT:USDT,SOL,short,s9_02_sol_panic_s_mc_h24_l4,2023-09-27 09:46:00+00:00,2023-09-27 11:46:00+00:00,-394.7504834,-7.899432639566202,120,4.0
2023H2_oos,Intp20Stage12XtzCoreRocFilterStrategy,MKR/USDT:USDT,MKR,long,s9_11_mkr_micro_l_mchop_h18_l5,2023-09-27 22:16:00+00:00,2023-09-27 23:46:00+00:00,151.2082215,3.022818632996619,90,5.0
2023H2_oos,Intp20Stage12XtzCoreRocFilterStrategy,MKR/USDT:USDT,MKR,long,s9_11_mkr_micro_l_mchop_h18_l5,2023-09-28 09:01:00+00:00,2023-09-28 10:31:00+00:00,-176.50431585,-3.5284059626204636,90,5.0
2023H2_oos,Intp20Stage12XtzCoreRocFilterStrategy,MKR/USDT:USDT,MKR,short,s9_07_mkr_range_s_mc_h24_l4,2023-09-28 15:21:00+00:00,2023-09-28 17:21:00+00:00,-234.6762345,-4.695884366024072,120,4.0
2023H2_oos,Intp20Stage12XtzCoreRocFilterStrategy,XTZ/USDT:USDT,XTZ,long,s11_05_xtz_vstretch_l_mchop_h8m_l5,2023-09-28 18:26:00+00:00,2023-09-28 18:34:00+00:00,-24.9999399,-0.4997501249375312,8,5.0
2023H2_oos,Intp20Stage12XtzCoreRocFilterStrategy,SUI/USDT:USDT,SUI,long,s9_25_sui_vwap_l_lc_h18_l5,2023-09-29 03:36:00+00:00,2023-09-29 05:06:00+00:00,265.48736409,5.307093826214548,90,5.0
2023H2_oos,Intp20Stage12XtzCoreRocFilterStrategy,MKR/USDT:USDT,MKR,short,s9_07_mkr_range_s_mc_h24_l4,2023-09-29 07:41:00+00:00,2023-09-29 09:41:00+00:00,870.187131,17.412675209199932,120,4.0
2023H2_oos,Intp20Stage12XtzCoreRocFilterStrategy,SUI/USDT:USDT,SUI,long,s9_25_sui_vwap_l_lc_h18_l5,2023-09-29 13:36:00+00:00,2023-09-29 15:06:00+00:00,-9.37629475,-0.18743233635370726,90,5.0
2023H2_oos,Intp20Stage12XtzCoreRocFilterStrategy,MKR/USDT:USDT,MKR,short,s9_24_mkr_vwap_s_mchop_h12_l5,2023-09-30 01:46:00+00:00,2023-09-30 02:46:00+00:00,-157.82152785,-3.1580790395197593,60,5.0
2023H2_oos,Intp20Stage12XtzCoreRocFilterStrategy,MKR/USDT:USDT,MKR,long,s9_11_mkr_micro_l_mchop_h18_l5,2023-09-30 03:16:00+00:00,2023-09-30 04:46:00+00:00,-14.7343136,-0.2945463249203881,90,5.0
2023H2_oos,Intp20Stage12XtzCoreRocFilterStrategy,MKR/USDT:USDT,MKR,long,s9_11_mkr_micro_l_mchop_h18_l5,2023-09-30 19:16:00+00:00,2023-09-30 20:46:00+00:00,25.23634515,0.5044983831451547,90,5.0
2023H2_oos,Intp20Stage12XtzCoreRocFilterStrategy,XTZ/USDT:USDT,XTZ,short,s9_08_xtz_rsi_s_lc_h24_l4,2023-10-02 07:46:00+00:00,2023-10-02 09:46:00+00:00,93.8549005,1.8780371693670448,120,4.0
2023H2_oos,Intp20Stage12XtzCoreRocFilterStrategy,MKR/USDT:USDT,MKR,short,s9_07_mkr_range_s_mc_h24_l4,2023-10-02 09:51:00+00:00,2023-10-02 11:51:00+00:00,-15.9555632,-0.3192839262339152,120,4.0
2023H2_oos,Intp20Stage12XtzCoreRocFilterStrategy,MKR/USDT:USDT,MKR,short,s9_07_mkr_range_s_mc_h24_l4,2023-10-02 14:11:00+00:00,2023-10-02 16:11:00+00:00,216.7941168,4.338263806459443,120,4.0
2023H2_oos,Intp20Stage12XtzCoreRocFilterStrategy,SOL/USDT:USDT,SOL,short,s9_02_sol_panic_s_mc_h24_l4,2023-10-02 15:06:00+00:00,2023-10-02 17:06:00+00:00,195.2593825,3.9074943604131276,120,4.0
2023H2_oos,Intp20Stage12XtzCoreRocFilterStrategy,OP/USDT:USDT,OP,long,s10_01_op_maoff_l_mc_h12m_l5,2023-10-02 21:14:00+00:00,2023-10-02 21:26:00+00:00,97.61137308,1.9512541319180214,12,5.0
2023H2_oos,Intp20Stage12XtzCoreRocFilterStrategy,LTC/USDT:USDT,LTC,short,s9_16_ltc_vwap_s_lc_h18_l5,2023-10-03 16:11:00+00:00,2023-10-03 17:41:00+00:00,-105.03380341,-2.1017289081316983,90,5.0
2023H2_oos,Intp20Stage12XtzCoreRocFilterStrategy,LTC/USDT:USDT,LTC,short,s9_16_ltc_vwap_s_lc_h18_l5,2023-10-03 23:11:00+00:00,2023-10-04 00:41:00+00:00,882.18817417,17.65260868776357,90,5.0
2023H2_oos,Intp20Stage12XtzCoreRocFilterStrategy,SOL/USDT:USDT,SOL,short,s9_02_sol_panic_s_mc_h24_l4,2023-10-04 08:46:00+00:00,2023-10-04 10:46:00+00:00,-59.164073,-1.183962193862889,120,4.0
2023H2_oos,Intp20Stage12XtzCoreRocFilterStrategy,MKR/USDT:USDT,MKR,long,s9_11_mkr_micro_l_mchop_h18_l5,2023-10-06 01:06:00+00:00,2023-10-06 02:36:00+00:00,-232.3468593,-4.644840580654215,90,5.0
2023H2_oos,Intp20Stage12XtzCoreRocFilterStrategy,SOL/USDT:USDT,SOL,short,s9_02_sol_panic_s_mc_h24_l4,2023-10-06 15:46:00+00:00,2023-10-06 17:46:00+00:00,-187.5062962,-3.7521173776141907,120,4.0
2023H2_oos,Intp20Stage12XtzCoreRocFilterStrategy,MKR/USDT:USDT,MKR,short,s9_07_mkr_range_s_mc_h24_l4,2023-10-08 00:06:00+00:00,2023-10-08 02:06:00+00:00,-111.2965222,-2.22707775075247,120,4.0
2023H2_oos,Intp20Stage12XtzCoreRocFilterStrategy,SOL/USDT:USDT,SOL,short,s9_02_sol_panic_s_mc_h24_l4,2023-10-08 03:16:00+00:00,2023-10-08 05:16:00+00:00,140.63769825,2.814431301288468,120,4.0
2023H2_oos,Intp20Stage12XtzCoreRocFilterStrategy,MKR/USDT:USDT,MKR,short,s9_07_mkr_range_s_mc_h24_l4,2023-10-10 09:01:00+00:00,2023-10-10 11:01:00+00:00,-145.880119,-2.9191772184556073,120,4.0
2023H2_oos,Intp20Stage12XtzCoreRocFilterStrategy,MKR/USDT:USDT,MKR,long,s9_11_mkr_micro_l_mchop_h18_l5,2023-10-11 01:36:00+00:00,2023-10-11 03:06:00+00:00,-399.5904118,-7.988133470744006,90,5.0
2023H2_oos,Intp20Stage12XtzCoreRocFilterStrategy,MKR/USDT:USDT,MKR,long,s9_11_mkr_micro_l_mchop_h18_l5,2023-10-11 09:36:00+00:00,2023-10-11 11:06:00+00:00,194.82690575,3.894680225869471,90,5.0
2023H2_oos,Intp20Stage12XtzCoreRocFilterStrategy,MKR/USDT:USDT,MKR,short,s9_07_mkr_range_s_mc_h24_l4,2023-10-12 06:56:00+00:00,2023-10-12 08:56:00+00:00,240.0104817,4.802789074916523,120,4.0
2023H2_oos,Intp20Stage12XtzCoreRocFilterStrategy,ETC/USDT:USDT,ETC,long,s10_02_etc_maoff_l_mchop_h18m_l5,2023-10-12 08:51:00+00:00,2023-10-12 09:09:00+00:00,-40.07686958,-0.8011380473273421,18,5.0
2023H2_oos,Intp20Stage12XtzCoreRocFilterStrategy,MKR/USDT:USDT,MKR,long,s9_11_mkr_micro_l_mchop_h18_l5,2023-10-12 16:41:00+00:00,2023-10-12 18:11:00+00:00,-177.55223115,-3.5492919226300788,90,5.0
2023H2_oos,Intp20Stage12XtzCoreRocFilterStrategy,SOL/USDT:USDT,SOL,short,s9_02_sol_panic_s_mc_h24_l4,2023-10-13 06:51:00+00:00,2023-10-13 08:51:00+00:00,-100.9054736,-2.019195690280139,120,4.0
2023H2_oos,Intp20Stage12XtzCoreRocFilterStrategy,SUI/USDT:USDT,SUI,long,s9_25_sui_vwap_l_lc_h18_l5,2023-10-14 09:41:00+00:00,2023-10-14 11:11:00+00:00,-55.03300358,-1.1001110022911622,90,5.0
2023H2_oos,Intp20Stage12XtzCoreRocFilterStrategy,SUI/USDT:USDT,SUI,long,s9_25_sui_vwap_l_lc_h18_l5,2023-10-15 18:11:00+00:00,2023-10-15 19:41:00+00:00,66.84319431,1.3361978652918092,90,5.0
2023H2_oos,Intp20Stage12XtzCoreRocFilterStrategy,MKR/USDT:USDT,MKR,short,s9_07_mkr_range_s_mc_h24_l4,2023-10-15 22:11:00+00:00,2023-10-16 00:11:00+00:00,-191.8670029,-3.839391762920566,120,4.0
2023H2_oos,Intp20Stage12XtzCoreRocFilterStrategy,XRP/USDT:USDT,XRP,short,s9_10_xrp_rsi_s_mx_h24_l4,2023-10-16 05:41:00+00:00,2023-10-16 07:41:00+00:00,36.60537076,0.7324737333305974,120,4.0
2023H2_oos,Intp20Stage12XtzCoreRocFilterStrategy,LTC/USDT:USDT,LTC,long,s10_07_ltc_maoff_l_mc_h3m_l5,2023-10-16 21:08:00+00:00,2023-10-16 21:11:00+00:00,-84.26817463,-1.6845230135355473,3,5.0
2023H2_oos,Intp20Stage12XtzCoreRocFilterStrategy,MKR/USDT:USDT,MKR,short,s9_07_mkr_range_s_mc_h24_l4,2023-10-16 23:56:00+00:00,2023-10-17 01:56:00+00:00,251.6049189,5.034712478190315,120,4.0
2023H2_oos,Intp20Stage12XtzCoreRocFilterStrategy,ETH/USDT:USDT,ETH,long,s9_15_eth_micro_l_mc_h18_l5,2023-10-18 11:21:00+00:00,2023-10-18 12:51:00+00:00,-131.69927904,-2.6328023606642663,90,5.0
2023H2_oos,Intp20Stage12XtzCoreRocFilterStrategy,SOL/USDT:USDT,SOL,long,s11_02_sol_vstretch_l_mchop_h12m_l5,2023-10-18 23:51:00+00:00,2023-10-19 00:03:00+00:00,-3.6274563,-0.07251645100769977,12,5.0
2023H2_oos,Intp20Stage12XtzCoreRocFilterStrategy,XTZ/USDT:USDT,XTZ,short,s9_08_xtz_rsi_s_lc_h24_l4,2023-10-18 22:21:00+00:00,2023-10-19 00:21:00+00:00,106.645335,2.1339783815958615,120,4.0
2023H2_oos,Intp20Stage12XtzCoreRocFilterStrategy,MKR/USDT:USDT,MKR,short,s9_07_mkr_range_s_mc_h24_l4,2023-10-19 08:36:00+00:00,2023-10-19 10:36:00+00:00,-33.0432903,-0.6612171796458856,120,4.0
2023H2_oos,Intp20Stage12XtzCoreRocFilterStrategy,SOL/USDT:USDT,SOL,long,s11_02_sol_vstretch_l_mchop_h12m_l5,2023-10-19 16:48:00+00:00,2023-10-19 17:00:00+00:00,-35.0054637,-0.699774251909765,12,5.0
2023H2_oos,Intp20Stage12XtzCoreRocFilterStrategy,XRP/USDT:USDT,XRP,long,s10_03_xrp_maoff_l_ma_h18m_l5,2023-10-20 03:36:00+00:00,2023-10-20 03:54:00+00:00,42.48166677,0.8492088832127147,18,5.0
2023H2_oos,Intp20Stage12XtzCoreRocFilterStrategy,SOL/USDT:USDT,SOL,long,s11_02_sol_vstretch_l_mchop_h12m_l5,2023-10-20 06:23:00+00:00,2023-10-20 06:35:00+00:00,79.4591118,1.5885256972618322,12,5.0
2023H2_oos,Intp20Stage12XtzCoreRocFilterStrategy,MKR/USDT:USDT,MKR,short,s9_07_mkr_range_s_mc_h24_l4,2023-10-20 06:31:00+00:00,2023-10-20 08:31:00+00:00,-262.6751336,-5.25627360288521,120,4.0
2023H2_oos,Intp20Stage12XtzCoreRocFilterStrategy,MKR/USDT:USDT,MKR,short,s9_07_mkr_range_s_mc_h24_l4,2023-10-21 09:56:00+00:00,2023-10-21 11:56:00+00:00,-183.5715312,-3.6733800303957476,120,4.0
2023H2_oos,Intp20Stage12XtzCoreRocFilterStrategy,SOL/USDT:USDT,SOL,short,s9_02_sol_panic_s_mc_h24_l4,2023-10-21 11:51:00+00:00,2023-10-21 13:51:00+00:00,558.984759,11.186077560987764,120,4.0
2023H2_oos,Intp20Stage12XtzCoreRocFilterStrategy,MKR/USDT:USDT,MKR,short,s9_07_mkr_range_s_mc_h24_l4,2023-10-21 17:01:00+00:00,2023-10-21 19:01:00+00:00,-1.84581325,-0.036936606344906,120,4.0
2023H2_oos,Intp20Stage12XtzCoreRocFilterStrategy,XTZ/USDT:USDT,XTZ,long,s11_05_xtz_vstretch_l_mchop_h8m_l5,2023-10-21 19:28:00+00:00,2023-10-21 19:36:00+00:00,88.06539915,1.7604320011939734,8,5.0
2023H2_oos,Intp20Stage12XtzCoreRocFilterStrategy,MKR/USDT:USDT,MKR,short,s9_24_mkr_vwap_s_mchop_h12_l5,2023-10-22 00:36:00+00:00,2023-10-22 01:36:00+00:00,98.9859975,1.9807606798581858,60,5.0
2023H2_oos,Intp20Stage12XtzCoreRocFilterStrategy,SOL/USDT:USDT,SOL,short,s9_02_sol_panic_s_mc_h24_l4,2023-10-23 03:51:00+00:00,2023-10-23 05:51:00+00:00,-353.7189558,-7.078137709650649,120,4.0
2023H2_oos,Intp20Stage12XtzCoreRocFilterStrategy,SOL/USDT:USDT,SOL,long,s11_02_sol_vstretch_l_mchop_h12m_l5,2023-10-23 13:22:00+00:00,2023-10-23 13:34:00+00:00,-286.976773,-5.736706824448006,12,5.0
2023H2_oos,Intp20Stage12XtzCoreRocFilterStrategy,DOGE/USDT:USDT,DOGE,long,s10_04_doge_maoff_l_ma_h12m_l5,2023-10-24 01:01:00+00:00,2023-10-24 01:13:00+00:00,-69.38929904,-1.3870932779354217,12,5.0
2023H2_oos,Intp20Stage12XtzCoreRocFilterStrategy,DOGE/USDT:USDT,DOGE,long,s10_04_doge_maoff_l_ma_h12m_l5,2023-10-24 01:30:00+00:00,2023-10-24 01:42:00+00:00,-77.37674304,-1.5467636746082714,12,5.0
2023H2_oos,Intp20Stage12XtzCoreRocFilterStrategy,XRP/USDT:USDT,XRP,short,s9_10_xrp_rsi_s_mx_h24_l4,2023-10-24 02:51:00+00:00,2023-10-24 04:51:00+00:00,357.95373456,7.16267469946522,120,4.0
2023H2_oos,Intp20Stage12XtzCoreRocFilterStrategy,LTC/USDT:USDT,LTC,long,s10_07_ltc_maoff_l_mc_h3m_l5,2023-10-24 15:25:00+00:00,2023-10-24 15:28:00+00:00,-132.58108199,-2.650296550920866,3,5.0
2023H2_oos,Intp20Stage12XtzCoreRocFilterStrategy,XRP/USDT:USDT,XRP,long,s10_03_xrp_maoff_l_ma_h18m_l5,2023-10-24 22:52:00+00:00,2023-10-24 23:10:00+00:00,15.12264715,0.3023020158074397,18,5.0
2023H2_oos,Intp20Stage12XtzCoreRocFilterStrategy,XTZ/USDT:USDT,XTZ,long,s11_05_xtz_vstretch_l_mchop_h8m_l5,2023-10-25 02:21:00+00:00,2023-10-25 02:29:00+00:00,-200.22783255,-4.002556926305431,8,5.0
2023H2_oos,Intp20Stage12XtzCoreRocFilterStrategy,LTC/USDT:USDT,LTC,long,s10_05_ltc_maoff_l_mchop_h12m_l5,2023-10-25 02:24:00+00:00,2023-10-25 02:36:00+00:00,7.33929458,0.1467126662000321,12,5.0
2023H2_oos,Intp20Stage12XtzCoreRocFilterStrategy,LTC/USDT:USDT,LTC,short,s9_16_ltc_vwap_s_lc_h18_l5,2023-10-25 11:21:00+00:00,2023-10-25 12:51:00+00:00,-90.50628444,-1.811032098327645,90,5.0
2023H2_oos,Intp20Stage12XtzCoreRocFilterStrategy,DOGE/USDT:USDT,DOGE,short,s11_04_doge_vstretch_s_mchop_h12m_l5,2023-10-25 15:11:00+00:00,2023-10-25 15:23:00+00:00,365.07942765,7.305248601563571,12,5.0
2023H2_oos,Intp20Stage12XtzCoreRocFilterStrategy,MKR/USDT:USDT,MKR,short,s9_07_mkr_range_s_mc_h24_l4,2023-10-25 20:51:00+00:00,2023-10-25 22:51:00+00:00,-61.8497537,-1.237623831436075,120,4.0
2023H2_oos,Intp20Stage12XtzCoreRocFilterStrategy,SUI/USDT:USDT,SUI,long,s9_25_sui_vwap_l_lc_h18_l5,2023-10-26 10:11:00+00:00,2023-10-26 11:41:00+00:00,-542.6728733,-10.848051135937933,90,5.0
2023H2_oos,Intp20Stage12XtzCoreRocFilterStrategy,LTC/USDT:USDT,LTC,short,s9_16_ltc_vwap_s_lc_h18_l5,2023-10-27 04:56:00+00:00,2023-10-27 06:26:00+00:00,-13.98771937,-0.2798948636805339,90,5.0
2023H2_oos,Intp20Stage12XtzCoreRocFilterStrategy,SOL/USDT:USDT,SOL,short,s9_02_sol_panic_s_mc_h24_l4,2023-10-29 07:56:00+00:00,2023-10-29 09:56:00+00:00,-23.7207894,-0.47470702228672956,120,4.0
2023H2_oos,Intp20Stage12XtzCoreRocFilterStrategy,SOL/USDT:USDT,SOL,short,s9_02_sol_panic_s_mc_h24_l4,2023-10-29 17:41:00+00:00,2023-10-29 19:41:00+00:00,102.8362608,2.057802821817344,120,4.0
2023H2_oos,Intp20Stage12XtzCoreRocFilterStrategy,ETH/USDT:USDT,ETH,long,s9_15_eth_micro_l_mc_h18_l5,2023-10-30 08:21:00+00:00,2023-10-30 09:51:00+00:00,362.1715311,7.239927569072645,90,5.0
2023H2_oos,Intp20Stage12XtzCoreRocFilterStrategy,SUI/USDT:USDT,SUI,long,s9_25_sui_vwap_l_lc_h18_l5,2023-10-30 13:06:00+00:00,2023-10-30 14:36:00+00:00,104.77701936,2.094494843035094,90,5.0
2023H2_oos,Intp20Stage12XtzCoreRocFilterStrategy,MKR/USDT:USDT,MKR,short,s9_07_mkr_range_s_mc_h24_l4,2023-10-30 14:31:00+00:00,2023-10-30 16:31:00+00:00,124.688421,2.4950799517155433,120,4.0
2023H2_oos,Intp20Stage12XtzCoreRocFilterStrategy,XLM/USDT:USDT,XLM,long,s10_06_xlm_maoff_l_ma_h12m_l5,2023-10-31 21:32:00+00:00,2023-10-31 21:44:00+00:00,-91.31813268,-1.8254536992928436,12,5.0
2023H2_oos,Intp20Stage12XtzCoreRocFilterStrategy,SOL/USDT:USDT,SOL,short,s9_02_sol_panic_s_mc_h24_l4,2023-10-31 23:36:00+00:00,2023-11-01 01:36:00+00:00,-101.3529823,-2.028142051509977,120,4.0
2023H2_oos,Intp20Stage12XtzCoreRocFilterStrategy,SOL/USDT:USDT,SOL,short,s9_02_sol_panic_s_mc_h24_l4,2023-11-01 14:31:00+00:00,2023-11-01 16:31:00+00:00,-365.1840225,-7.308607641940138,120,4.0
2023H2_oos,Intp20Stage12XtzCoreRocFilterStrategy,XLM/USDT:USDT,XLM,long,s10_06_xlm_maoff_l_ma_h12m_l5,2023-11-01 21:10:00+00:00,2023-11-01 21:22:00+00:00,120.18067299,2.4024199029781346,12,5.0
2023H2_oos,Intp20Stage12XtzCoreRocFilterStrategy,MKR/USDT:USDT,MKR,short,s9_07_mkr_range_s_mc_h24_l4,2023-11-01 22:46:00+00:00,2023-11-02 00:46:00+00:00,-88.9925724,-1.780786952954777,120,4.0
2023H2_oos,Intp20Stage12XtzCoreRocFilterStrategy,AAVE/USDT:USDT,AAVE,long,s9_01_aave_panic_l_mc_h24_l4,2023-11-02 14:16:00+00:00,2023-11-02 16:16:00+00:00,-35.0933471,-0.7015478237148957,120,4.0
2023H2_oos,Intp20Stage12XtzCoreRocFilterStrategy,XTZ/USDT:USDT,XTZ,short,s9_08_xtz_rsi_s_lc_h24_l4,2023-11-03 06:11:00+00:00,2023-11-03 08:11:00+00:00,-96.9614415,-1.9402008696656023,120,4.0
2023H2_oos,Intp20Stage12XtzCoreRocFilterStrategy,MKR/USDT:USDT,MKR,long,s9_11_mkr_micro_l_mchop_h18_l5,2023-11-03 08:11:00+00:00,2023-11-03 09:41:00+00:00,-326.5926184,-6.52872115541505,90,5.0
2023H2_oos,Intp20Stage12XtzCoreRocFilterStrategy,MKR/USDT:USDT,MKR,long,s9_11_mkr_micro_l_mchop_h18_l5,2023-11-03 12:31:00+00:00,2023-11-03 14:01:00+00:00,-53.26820325,-1.064838272469467,90,5.0
2023H2_oos,Intp20Stage12XtzCoreRocFilterStrategy,LTC/USDT:USDT,LTC,short,s9_16_ltc_vwap_s_lc_h18_l5,2023-11-03 12:36:00+00:00,2023-11-03 14:06:00+00:00,-188.74186188,-3.7767283407942838,90,5.0
2023H2_oos,Intp20Stage12XtzCoreRocFilterStrategy,MKR/USDT:USDT,MKR,short,s9_07_mkr_range_s_mc_h24_l4,2023-11-04 00:06:00+00:00,2023-11-04 02:06:00+00:00,-72.4211175,-1.449152720072611,120,4.0
2023H2_oos,Intp20Stage12XtzCoreRocFilterStrategy,SOL/USDT:USDT,SOL,short,s9_02_sol_panic_s_mc_h24_l4,2023-11-04 08:21:00+00:00,2023-11-04 10:21:00+00:00,-42.3434088,-0.8473832715136174,120,4.0
2023H2_oos,Intp20Stage12XtzCoreRocFilterStrategy,SOL/USDT:USDT,SOL,short,s9_02_sol_panic_s_mc_h24_l4,2023-11-04 22:31:00+00:00,2023-11-05 00:31:00+00:00,221.4181215,4.43130321182127,120,4.0
2023H2_oos,Intp20Stage12XtzCoreRocFilterStrategy,XTZ/USDT:USDT,XTZ,short,s9_08_xtz_rsi_s_lc_h24_l4,2023-11-05 17:16:00+00:00,2023-11-05 19:16:00+00:00,-69.5294916,-1.3912897042580696,120,4.0
2023H2_oos,Intp20Stage12XtzCoreRocFilterStrategy,SOL/USDT:USDT,SOL,short,s9_02_sol_panic_s_mc_h24_l4,2023-11-06 22:46:00+00:00,2023-11-07 00:46:00+00:00,-369.9243495,-7.403345523081099,120,4.0
2023H2_oos,Intp20Stage12XtzCoreRocFilterStrategy,XLM/USDT:USDT,XLM,long,s9_04_xlm_panic_l_mc_h12_l4,2023-11-07 00:46:00+00:00,2023-11-07 01:46:00+00:00,59.4489005,1.18838648007667,60,4.0
2023H2_oos,Intp20Stage12XtzCoreRocFilterStrategy,SUI/USDT:USDT,SUI,long,s9_25_sui_vwap_l_lc_h18_l5,2023-11-07 09:26:00+00:00,2023-11-07 10:56:00+00:00,-554.29390546,-11.080344672647307,90,5.0
2023H2_oos,Intp20Stage12XtzCoreRocFilterStrategy,XTZ/USDT:USDT,XTZ,short,s9_08_xtz_rsi_s_lc_h24_l4,2023-11-07 11:21:00+00:00,2023-11-07 13:21:00+00:00,-309.649509,-6.1961016696526805,120,4.0
2023H2_oos,Intp20Stage12XtzCoreRocFilterStrategy,SOL/USDT:USDT,SOL,short,s9_02_sol_panic_s_mc_h24_l4,2023-11-07 21:01:00+00:00,2023-11-07 23:01:00+00:00,484.0059392,9.686542011423159,120,4.0
2023H2_oos,Intp20Stage12XtzCoreRocFilterStrategy,SUI/USDT:USDT,SUI,long,s9_25_sui_vwap_l_lc_h18_l5,2023-11-08 03:16:00+00:00,2023-11-08 04:46:00+00:00,55.2393382,1.104236321582314,90,5.0
2023H2_oos,Intp20Stage12XtzCoreRocFilterStrategy,ETH/USDT:USDT,ETH,long,s9_15_eth_micro_l_mc_h18_l5,2023-11-08 16:21:00+00:00,2023-11-08 17:51:00+00:00,-9.55261996,-0.19097026360278377,90,5.0
2023H2_oos,Intp20Stage12XtzCoreRocFilterStrategy,MKR/USDT:USDT,MKR,short,s9_07_mkr_range_s_mc_h24_l4,2023-11-08 21:11:00+00:00,2023-11-08 23:11:00+00:00,-21.52107045,-0.43065804924369994,120,4.0
2023H2_oos,Intp20Stage12XtzCoreRocFilterStrategy,SOL/USDT:USDT,SOL,short,s9_02_sol_panic_s_mc_h24_l4,2023-11-09 04:21:00+00:00,2023-11-09 06:21:00+00:00,-10.0962108,-0.20205797615050186,120,4.0
2023H2_oos,Intp20Stage12XtzCoreRocFilterStrategy,OP/USDT:USDT,OP,long,s10_01_op_maoff_l_mc_h12m_l5,2023-11-09 07:37:00+00:00,2023-11-09 07:49:00+00:00,-95.13123195,-1.9016772152292163,12,5.0
2023H2_oos,Intp20Stage12XtzCoreRocFilterStrategy,SOL/USDT:USDT,SOL,short,s9_02_sol_panic_s_mc_h24_l4,2023-11-09 12:21:00+00:00,2023-11-09 14:21:00+00:00,-90.4566528,-1.8104146412829056,120,4.0
2023H2_oos,Intp20Stage12XtzCoreRocFilterStrategy,OP/USDT:USDT,OP,long,s10_01_op_maoff_l_mc_h12m_l5,2023-11-09 15:28:00+00:00,2023-11-09 15:40:00+00:00,663.2142075,13.257738405933875,12,5.0
2023H2_oos,Intp20Stage12XtzCoreRocFilterStrategy,SOL/USDT:USDT,SOL,short,s9_02_sol_panic_s_mc_h24_l4,2023-11-10 03:36:00+00:00,2023-11-10 05:36:00+00:00,259.01946,5.182985873331046,120,4.0
2023H2_oos,Intp20Stage12XtzCoreRocFilterStrategy,SUI/USDT:USDT,SUI,long,s9_25_sui_vwap_l_lc_h18_l5,2023-11-10 12:26:00+00:00,2023-11-10 13:56:00+00:00,-451.79056431,-9.03130779090857,90,5.0
2023H2_oos,Intp20Stage12XtzCoreRocFilterStrategy,SOL/USDT:USDT,SOL,short,s9_02_sol_panic_s_mc_h24_l4,2023-11-10 12:06:00+00:00,2023-11-10 14:06:00+00:00,693.3778318,13.875688579728184,120,4.0
2023H2_oos,Intp20Stage12XtzCoreRocFilterStrategy,XTZ/USDT:USDT,XTZ,short,s9_08_xtz_rsi_s_lc_h24_l4,2023-11-10 16:11:00+00:00,2023-11-10 18:11:00+00:00,-272.70938065,-5.456919045056397,120,4.0
2023H2_oos,Intp20Stage12XtzCoreRocFilterStrategy,SOL/USDT:USDT,SOL,short,s9_02_sol_panic_s_mc_h24_l4,2023-11-10 16:56:00+00:00,2023-11-10 18:56:00+00:00,-629.5743562,-12.600483024395045,120,4.0
2023H2_oos,Intp20Stage12XtzCoreRocFilterStrategy,AAVE/USDT:USDT,AAVE,long,s9_01_aave_panic_l_mc_h24_l4,2023-11-11 04:31:00+00:00,2023-11-11 06:31:00+00:00,299.7490617,5.992109877264758,120,4.0
2023H2_oos,Intp20Stage12XtzCoreRocFilterStrategy,ETH/USDT:USDT,ETH,long,s9_15_eth_micro_l_mc_h18_l5,2023-11-11 10:41:00+00:00,2023-11-11 12:11:00+00:00,-116.24039535,-2.323740068089823,90,5.0
2023H2_oos,Intp20Stage12XtzCoreRocFilterStrategy,SOL/USDT:USDT,SOL,short,s9_02_sol_panic_s_mc_h24_l4,2023-11-11 14:21:00+00:00,2023-11-11 16:21:00+00:00,-21.9362115,-0.43907013209546225,120,4.0
2023H2_oos,Intp20Stage12XtzCoreRocFilterStrategy,AAVE/USDT:USDT,AAVE,long,s9_01_aave_panic_l_mc_h24_l4,2023-11-12 12:31:00+00:00,2023-11-12 14:31:00+00:00,38.024322,0.7601424251589735,120,4.0
2023H2_oos,Intp20Stage12XtzCoreRocFilterStrategy,OP/USDT:USDT,OP,long,s10_01_op_maoff_l_mc_h12m_l5,2023-11-12 23:22:00+00:00,2023-11-12 23:34:00+00:00,37.55206611,0.7506677235481058,12,5.0
2023H2_oos,Intp20Stage12XtzCoreRocFilterStrategy,OP/USDT:USDT,OP,long,s10_01_op_maoff_l_mc_h12m_l5,2023-11-13 06:10:00+00:00,2023-11-13 06:22:00+00:00,-53.30883236,-1.0656491995693995,12,5.0
2023H2_oos,Intp20Stage12XtzCoreRocFilterStrategy,MKR/USDT:USDT,MKR,long,s9_11_mkr_micro_l_mchop_h18_l5,2023-11-13 14:21:00+00:00,2023-11-13 15:51:00+00:00,534.7228322,10.689297397615706,90,5.0
2023H2_oos,Intp20Stage12XtzCoreRocFilterStrategy,SUI/USDT:USDT,SUI,long,s9_25_sui_vwap_l_lc_h18_l5,2023-11-13 16:56:00+00:00,2023-11-13 18:26:00+00:00,-378.37378046,-7.563707147055008,90,5.0
2023H2_oos,Intp20Stage12XtzCoreRocFilterStrategy,LTC/USDT:USDT,LTC,short,s9_16_ltc_vwap_s_lc_h18_l5,2023-11-13 21:06:00+00:00,2023-11-13 22:36:00+00:00,168.14648032,3.364616671269998,90,5.0
2023H2_oos,Intp20Stage12XtzCoreRocFilterStrategy,MKR/USDT:USDT,MKR,short,s9_07_mkr_range_s_mc_h24_l4,2023-11-15 09:56:00+00:00,2023-11-15 11:56:00+00:00,-266.8141536,-5.339057193795135,120,4.0
2023H2_oos,Intp20Stage12XtzCoreRocFilterStrategy,XRP/USDT:USDT,XRP,short,s9_10_xrp_rsi_s_mx_h24_l4,2023-11-15 18:21:00+00:00,2023-11-15 20:21:00+00:00,-160.51921925,-3.2119992581560446,120,4.0
2023H2_oos,Intp20Stage12XtzCoreRocFilterStrategy,MKR/USDT:USDT,MKR,short,s9_07_mkr_range_s_mc_h24_l4,2023-11-15 23:31:00+00:00,2023-11-16 01:31:00+00:00,-136.292625,-2.7272832674044865,120,4.0
2023H2_oos,Intp20Stage12XtzCoreRocFilterStrategy,XTZ/USDT:USDT,XTZ,short,s9_08_xtz_rsi_s_lc_h24_l4,2023-11-16 11:21:00+00:00,2023-11-16 13:21:00+00:00,571.8764154,11.443264294263173,120,4.0
2023H2_oos,Intp20Stage12XtzCoreRocFilterStrategy,XLM/USDT:USDT,XLM,long,s9_04_xlm_panic_l_mc_h12_l4,2023-11-16 19:16:00+00:00,2023-11-16 20:16:00+00:00,-33.50894798,-0.6698458508539278,60,4.0
2023H2_oos,Intp20Stage12XtzCoreRocFilterStrategy,SOL/USDT:USDT,SOL,short,s9_02_sol_panic_s_mc_h24_l4,2023-11-17 13:06:00+00:00,2023-11-17 15:06:00+00:00,1147.975482,22.97718611059442,120,4.0
2023H2_oos,Intp20Stage12XtzCoreRocFilterStrategy,AAVE/USDT:USDT,AAVE,long,s9_01_aave_panic_l_mc_h24_l4,2023-11-17 15:51:00+00:00,2023-11-17 17:51:00+00:00,313.5097905,6.267196584883385,120,4.0
2023H2_oos,Intp20Stage12XtzCoreRocFilterStrategy,SOL/USDT:USDT,SOL,long,s11_02_sol_vstretch_l_mchop_h12m_l5,2023-11-17 23:54:00+00:00,2023-11-18 00:06:00+00:00,9.88937045,0.19771958217481442,12,5.0
2023H2_oos,Intp20Stage12XtzCoreRocFilterStrategy,MKR/USDT:USDT,MKR,long,s9_11_mkr_micro_l_mchop_h18_l5,2023-11-19 04:36:00+00:00,2023-11-19 06:06:00+00:00,-35.9166445,-0.7179995787134105,90,5.0
2023H2_oos,Intp20Stage12XtzCoreRocFilterStrategy,MKR/USDT:USDT,MKR,short,s9_07_mkr_range_s_mc_h24_l4,2023-11-19 08:06:00+00:00,2023-11-19 10:06:00+00:00,-115.2713275,-2.306728047196992,120,4.0
2023H2_oos,Intp20Stage12XtzCoreRocFilterStrategy,MKR/USDT:USDT,MKR,short,s9_07_mkr_range_s_mc_h24_l4,2023-11-20 11:41:00+00:00,2023-11-20 13:41:00+00:00,1.71216945,0.03426192262798066,120,4.0
2023H2_oos,Intp20Stage12XtzCoreRocFilterStrategy,DOGE/USDT:USDT,DOGE,long,s10_04_doge_maoff_l_ma_h12m_l5,2023-11-20 13:32:00+00:00,2023-11-20 13:44:00+00:00,-142.4569338,-2.8477226008470287,12,5.0
2023H2_oos,Intp20Stage12XtzCoreRocFilterStrategy,MKR/USDT:USDT,MKR,long,s9_11_mkr_micro_l_mchop_h18_l5,2023-11-21 00:41:00+00:00,2023-11-21 02:11:00+00:00,-32.0312031,-0.6403059462178865,90,5.0
2023H2_oos,Intp20Stage12XtzCoreRocFilterStrategy,XRP/USDT:USDT,XRP,long,s10_03_xrp_maoff_l_ma_h18m_l5,2023-11-21 08:44:00+00:00,2023-11-21 09:02:00+00:00,20.12597443,0.4023189520640926,18,5.0
2023H2_oos,Intp20Stage12XtzCoreRocFilterStrategy,MKR/USDT:USDT,MKR,long,s9_11_mkr_micro_l_mchop_h18_l5,2023-11-22 13:06:00+00:00,2023-11-22 14:36:00+00:00,-91.40214425,-1.8272124585066922,90,5.0
2023H2_oos,Intp20Stage12XtzCoreRocFilterStrategy,LTC/USDT:USDT,LTC,short,s9_16_ltc_vwap_s_lc_h18_l5,2023-11-22 13:11:00+00:00,2023-11-22 14:41:00+00:00,-76.71673938,-1.5351051688892743,90,5.0
2023H2_oos,Intp20Stage12XtzCoreRocFilterStrategy,ETH/USDT:USDT,ETH,long,s9_15_eth_micro_l_mc_h18_l5,2023-11-22 16:11:00+00:00,2023-11-22 17:41:00+00:00,-108.14202123,-2.161805954477817,90,5.0
2023H2_oos,Intp20Stage12XtzCoreRocFilterStrategy,SOL/USDT:USDT,SOL,short,s9_02_sol_panic_s_mc_h24_l4,2023-11-24 00:31:00+00:00,2023-11-24 02:31:00+00:00,-42.78851425,-0.8564286350306239,120,4.0
2023H2_oos,Intp20Stage12XtzCoreRocFilterStrategy,XRP/USDT:USDT,XRP,long,s10_03_xrp_maoff_l_ma_h18m_l5,2023-11-24 05:37:00+00:00,2023-11-24 05:55:00+00:00,-20.97166605,-0.41922453250240915,18,5.0
2023H2_oos,Intp20Stage12XtzCoreRocFilterStrategy,MKR/USDT:USDT,MKR,short,s9_07_mkr_range_s_mc_h24_l4,2023-11-24 09:06:00+00:00,2023-11-24 11:06:00+00:00,96.0815529,1.9226828740868007,120,4.0
2023H2_oos,Intp20Stage12XtzCoreRocFilterStrategy,SOL/USDT:USDT,SOL,short,s9_02_sol_panic_s_mc_h24_l4,2023-11-24 09:26:00+00:00,2023-11-24 11:26:00+00:00,-59.2770948,-1.1863803069292138,120,4.0
2023H2_oos,Intp20Stage12XtzCoreRocFilterStrategy,SOL/USDT:USDT,SOL,long,s11_02_sol_vstretch_l_mchop_h12m_l5,2023-11-28 15:31:00+00:00,2023-11-28 15:43:00+00:00,93.452002,1.8682297983316918,12,5.0
2023H2_oos,Intp20Stage12XtzCoreRocFilterStrategy,XRP/USDT:USDT,XRP,long,s10_08_xrp_maoff_l_ma_h12m_l5,2023-11-29 05:13:00+00:00,2023-11-29 05:25:00+00:00,-16.81809591,-0.33619405097713095,12,5.0
2023H2_oos,Intp20Stage12XtzCoreRocFilterStrategy,MKR/USDT:USDT,MKR,short,s9_07_mkr_range_s_mc_h24_l4,2023-11-29 09:01:00+00:00,2023-11-29 11:01:00+00:00,35.1486968,0.7033374289349544,120,4.0
2023H2_oos,Intp20Stage12XtzCoreRocFilterStrategy,SOL/USDT:USDT,SOL,short,s9_02_sol_panic_s_mc_h24_l4,2023-11-29 09:01:00+00:00,2023-11-29 11:01:00+00:00,289.5934056,5.795370328571716,120,4.0
2023H2_oos,Intp20Stage12XtzCoreRocFilterStrategy,OP/USDT:USDT,OP,long,s10_01_op_maoff_l_mc_h12m_l5,2023-11-29 14:34:00+00:00,2023-11-29 14:46:00+00:00,-68.31620594,-1.365642123545024,12,5.0
2023H2_oos,Intp20Stage12XtzCoreRocFilterStrategy,SOL/USDT:USDT,SOL,short,s9_02_sol_panic_s_mc_h24_l4,2023-11-29 14:16:00+00:00,2023-11-29 16:16:00+00:00,439.4794848,8.796213186826522,120,4.0
2023H2_oos,Intp20Stage12XtzCoreRocFilterStrategy,MKR/USDT:USDT,MKR,short,s9_24_mkr_vwap_s_mchop_h12_l5,2023-11-30 16:51:00+00:00,2023-11-30 17:51:00+00:00,-0.5035337,-0.01007620550938828,60,5.0
2023H2_oos,Intp20Stage12XtzCoreRocFilterStrategy,SOL/USDT:USDT,SOL,short,s9_02_sol_panic_s_mc_h24_l4,2023-12-01 09:16:00+00:00,2023-12-01 11:16:00+00:00,57.6508929,1.1536112096485223,120,4.0
2023H2_oos,Intp20Stage12XtzCoreRocFilterStrategy,MKR/USDT:USDT,MKR,short,s9_07_mkr_range_s_mc_h24_l4,2023-12-02 14:11:00+00:00,2023-12-02 16:11:00+00:00,-27.8584668,-0.5574664787224719,120,4.0
2023H2_oos,Intp20Stage12XtzCoreRocFilterStrategy,MKR/USDT:USDT,MKR,short,s9_07_mkr_range_s_mc_h24_l4,2023-12-03 06:46:00+00:00,2023-12-03 08:46:00+00:00,153.1205445,3.0641003561890234,120,4.0
2023H2_oos,Intp20Stage12XtzCoreRocFilterStrategy,XTZ/USDT:USDT,XTZ,long,s11_05_xtz_vstretch_l_mchop_h8m_l5,2023-12-03 14:18:00+00:00,2023-12-03 14:26:00+00:00,-114.24105315,-2.28367958877704,8,5.0
2023H2_oos,Intp20Stage12XtzCoreRocFilterStrategy,MKR/USDT:USDT,MKR,short,s9_07_mkr_range_s_mc_h24_l4,2023-12-03 12:31:00+00:00,2023-12-03 14:31:00+00:00,69.3830918,1.3883575828510721,120,4.0
2023H2_oos,Intp20Stage12XtzCoreRocFilterStrategy,SUI/USDT:USDT,SUI,long,s9_25_sui_vwap_l_lc_h18_l5,2023-12-03 23:36:00+00:00,2023-12-04 01:06:00+00:00,207.119586,4.140327163567238,90,5.0
2023H2_oos,Intp20Stage12XtzCoreRocFilterStrategy,SOL/USDT:USDT,SOL,short,s9_02_sol_panic_s_mc_h24_l4,2023-12-04 01:31:00+00:00,2023-12-04 03:31:00+00:00,-156.718224,-3.1368898249977004,120,4.0
2023H2_oos,Intp20Stage12XtzCoreRocFilterStrategy,MKR/USDT:USDT,MKR,short,s9_07_mkr_range_s_mc_h24_l4,2023-12-04 10:01:00+00:00,2023-12-04 12:01:00+00:00,154.33083795,3.0882560194702298,120,4.0
2023H2_oos,Intp20Stage12XtzCoreRocFilterStrategy,LTC/USDT:USDT,LTC,short,s9_16_ltc_vwap_s_lc_h18_l5,2023-12-04 23:21:00+00:00,2023-12-05 00:51:00+00:00,-325.39841988,-6.511227728818081,90,5.0
2023H2_oos,Intp20Stage12XtzCoreRocFilterStrategy,DOGE/USDT:USDT,DOGE,long,s10_04_doge_maoff_l_ma_h12m_l5,2023-12-06 10:01:00+00:00,2023-12-06 10:13:00+00:00,-230.25539216,-4.602822781842015,12,5.0
2023H2_oos,Intp20Stage12XtzCoreRocFilterStrategy,XTZ/USDT:USDT,XTZ,long,s11_05_xtz_vstretch_l_mchop_h8m_l5,2023-12-06 11:10:00+00:00,2023-12-06 11:18:00+00:00,-24.9999608,-0.4997501249375312,8,5.0
2023H2_oos,Intp20Stage12XtzCoreRocFilterStrategy,MKR/USDT:USDT,MKR,short,s9_07_mkr_range_s_mc_h24_l4,2023-12-06 11:06:00+00:00,2023-12-06 13:06:00+00:00,246.7724788,4.938106084536725,120,4.0
2023H2_oos,Intp20Stage12XtzCoreRocFilterStrategy,XTZ/USDT:USDT,XTZ,short,s9_08_xtz_rsi_s_lc_h24_l4,2023-12-06 13:31:00+00:00,2023-12-06 15:31:00+00:00,70.135065,1.4034044049051553,120,4.0
2023H2_oos,Intp20Stage12XtzCoreRocFilterStrategy,AAVE/USDT:USDT,AAVE,long,s9_01_aave_panic_l_mc_h24_l4,2023-12-07 09:36:00+00:00,2023-12-07 11:36:00+00:00,63.6907458,1.2732172745530104,120,4.0
2023H2_oos,Intp20Stage12XtzCoreRocFilterStrategy,LTC/USDT:USDT,LTC,short,s9_16_ltc_vwap_s_lc_h18_l5,2023-12-07 12:36:00+00:00,2023-12-07 14:06:00+00:00,36.59025903,0.7321718314697704,90,5.0
2023H2_oos,Intp20Stage12XtzCoreRocFilterStrategy,SUI/USDT:USDT,SUI,long,s9_25_sui_vwap_l_lc_h18_l5,2023-12-08 04:31:00+00:00,2023-12-08 06:01:00+00:00,148.06381152,2.9598006772212773,90,5.0
2023H2_oos,Intp20Stage12XtzCoreRocFilterStrategy,MKR/USDT:USDT,MKR,short,s9_07_mkr_range_s_mc_h24_l4,2023-12-08 04:56:00+00:00,2023-12-08 06:56:00+00:00,-133.8560856,-2.678516414546181,120,4.0
2023H2_oos,Intp20Stage12XtzCoreRocFilterStrategy,SOL/USDT:USDT,SOL,short,s9_02_sol_panic_s_mc_h24_l4,2023-12-08 11:41:00+00:00,2023-12-08 13:41:00+00:00,69.970915,1.4001850429922624,120,4.0
2023H2_oos,Intp20Stage12XtzCoreRocFilterStrategy,SOL/USDT:USDT,SOL,short,s9_02_sol_panic_s_mc_h24_l4,2023-12-08 18:01:00+00:00,2023-12-08 20:01:00+00:00,355.260474,7.1099509393397975,120,4.0
2023H2_oos,Intp20Stage12XtzCoreRocFilterStrategy,LTC/USDT:USDT,LTC,short,s9_16_ltc_vwap_s_lc_h18_l5,2023-12-09 12:16:00+00:00,2023-12-09 13:46:00+00:00,32.64720298,0.6532715781706475,90,5.0
2023H2_oos,Intp20Stage12XtzCoreRocFilterStrategy,DOGE/USDT:USDT,DOGE,short,s11_04_doge_vstretch_s_mchop_h12m_l5,2023-12-11 03:59:00+00:00,2023-12-11 04:11:00+00:00,175.62804628,3.5143268592136234,12,5.0
2023H2_oos,Intp20Stage12XtzCoreRocFilterStrategy,MKR/USDT:USDT,MKR,short,s9_07_mkr_range_s_mc_h24_l4,2023-12-12 09:41:00+00:00,2023-12-12 11:41:00+00:00,105.8477409,2.1180401521515475,120,4.0
2023H2_oos,Intp20Stage12XtzCoreRocFilterStrategy,SUI/USDT:USDT,SUI,long,s9_25_sui_vwap_l_lc_h18_l5,2023-12-13 01:36:00+00:00,2023-12-13 03:06:00+00:00,-480.22984058,-9.599800994978812,90,5.0
2023H2_oos,Intp20Stage12XtzCoreRocFilterStrategy,AAVE/USDT:USDT,AAVE,long,s9_01_aave_panic_l_mc_h24_l4,2023-12-13 07:01:00+00:00,2023-12-13 09:01:00+00:00,376.0134336,7.51663789897037,120,4.0
2023H2_oos,Intp20Stage12XtzCoreRocFilterStrategy,SOL/USDT:USDT,SOL,long,s11_02_sol_vstretch_l_mchop_h12m_l5,2023-12-13 14:23:00+00:00,2023-12-13 14:35:00+00:00,116.8353666,2.336017717013351,12,5.0
2023H2_oos,Intp20Stage12XtzCoreRocFilterStrategy,OP/USDT:USDT,OP,long,s10_01_op_maoff_l_mc_h12m_l5,2023-12-14 07:47:00+00:00,2023-12-14 07:59:00+00:00,1.38362388,0.027658849853559802,12,5.0
2023H2_oos,Intp20Stage12XtzCoreRocFilterStrategy,SOL/USDT:USDT,SOL,short,s9_02_sol_panic_s_mc_h24_l4,2023-12-16 12:11:00+00:00,2023-12-16 14:11:00+00:00,-108.7477952,-2.1768014528685797,120,4.0
2023H2_oos,Intp20Stage12XtzCoreRocFilterStrategy,SOL/USDT:USDT,SOL,short,s9_02_sol_panic_s_mc_h24_l4,2023-12-16 15:41:00+00:00,2023-12-16 17:41:00+00:00,63.729119,1.2756842752869881,120,4.0
2023H2_oos,Intp20Stage12XtzCoreRocFilterStrategy,SOL/USDT:USDT,SOL,short,s9_02_sol_panic_s_mc_h24_l4,2023-12-17 17:11:00+00:00,2023-12-17 19:11:00+00:00,29.972118,0.5999266335645497,120,4.0
2023H2_oos,Intp20Stage12XtzCoreRocFilterStrategy,MKR/USDT:USDT,MKR,short,s9_07_mkr_range_s_mc_h24_l4,2023-12-17 17:56:00+00:00,2023-12-17 19:56:00+00:00,-36.458989,-0.7295750776973889,120,4.0
2023H2_oos,Intp20Stage12XtzCoreRocFilterStrategy,AAVE/USDT:USDT,AAVE,long,s9_01_aave_panic_l_mc_h24_l4,2023-12-18 10:31:00+00:00,2023-12-18 12:31:00+00:00,339.3365784,6.783453995747184,120,4.0
2023H2_oos,Intp20Stage12XtzCoreRocFilterStrategy,SOL/USDT:USDT,SOL,short,s9_02_sol_panic_s_mc_h24_l4,2023-12-18 21:16:00+00:00,2023-12-18 23:16:00+00:00,-83.2879226,-1.6670675622975681,120,4.0
2023H2_oos,Intp20Stage12XtzCoreRocFilterStrategy,MKR/USDT:USDT,MKR,long,s9_11_mkr_micro_l_mchop_h18_l5,2023-12-19 19:56:00+00:00,2023-12-19 21:26:00+00:00,-48.2528544,-0.964617737664439,90,5.0
2023H2_oos,Intp20Stage12XtzCoreRocFilterStrategy,DOGE/USDT:USDT,DOGE,short,s11_04_doge_vstretch_s_mchop_h12m_l5,2023-12-20 00:12:00+00:00,2023-12-20 00:24:00+00:00,19.20145434,0.38422126901754394,12,5.0
2023H2_oos,Intp20Stage12XtzCoreRocFilterStrategy,MKR/USDT:USDT,MKR,short,s9_07_mkr_range_s_mc_h24_l4,2023-12-20 07:01:00+00:00,2023-12-20 09:01:00+00:00,-194.34392355,-3.8889210971435286,120,4.0
2023H2_oos,Intp20Stage12XtzCoreRocFilterStrategy,MKR/USDT:USDT,MKR,short,s9_07_mkr_range_s_mc_h24_l4,2023-12-20 12:21:00+00:00,2023-12-20 14:21:00+00:00,10.5443712,0.21100460167497886,120,4.0
2023H2_oos,Intp20Stage12XtzCoreRocFilterStrategy,MKR/USDT:USDT,MKR,short,s9_07_mkr_range_s_mc_h24_l4,2023-12-21 13:06:00+00:00,2023-12-21 15:06:00+00:00,36.55404175,0.7314787177409651,120,4.0
2023H2_oos,Intp20Stage12XtzCoreRocFilterStrategy,DOGE/USDT:USDT,DOGE,long,s10_04_doge_maoff_l_ma_h12m_l5,2023-12-21 20:21:00+00:00,2023-12-21 20:33:00+00:00,563.1873998,11.258137219746578,12,5.0
2023H2_oos,Intp20Stage12XtzCoreRocFilterStrategy,DOGE/USDT:USDT,DOGE,long,s10_04_doge_maoff_l_ma_h12m_l5,2023-12-22 01:54:00+00:00,2023-12-22 02:06:00+00:00,11.850795,0.23689830003359216,12,5.0
2023H2_oos,Intp20Stage12XtzCoreRocFilterStrategy,MKR/USDT:USDT,MKR,short,s9_07_mkr_range_s_mc_h24_l4,2023-12-22 02:26:00+00:00,2023-12-22 04:26:00+00:00,20.6668839,0.4135601861901971,120,4.0
2023H2_oos,Intp20Stage12XtzCoreRocFilterStrategy,LTC/USDT:USDT,LTC,short,s9_16_ltc_vwap_s_lc_h18_l5,2023-12-22 05:26:00+00:00,2023-12-22 06:56:00+00:00,27.79119382,0.5561032942655793,90,5.0
2023H2_oos,Intp20Stage12XtzCoreRocFilterStrategy,ETH/USDT:USDT,ETH,long,s9_15_eth_micro_l_mc_h18_l5,2023-12-22 08:16:00+00:00,2023-12-22 09:46:00+00:00,150.56688308,3.0098327969965104,90,5.0
2023H2_oos,Intp20Stage12XtzCoreRocFilterStrategy,XTZ/USDT:USDT,XTZ,short,s9_08_xtz_rsi_s_lc_h24_l4,2023-12-22 08:36:00+00:00,2023-12-22 10:36:00+00:00,83.46422875,1.6701215137041117,120,4.0
2023H2_oos,Intp20Stage12XtzCoreRocFilterStrategy,MKR/USDT:USDT,MKR,long,s9_11_mkr_micro_l_mchop_h18_l5,2023-12-22 16:26:00+00:00,2023-12-22 17:56:00+00:00,78.1867872,1.5629546669829617,90,5.0
2023H2_oos,Intp20Stage12XtzCoreRocFilterStrategy,AAVE/USDT:USDT,AAVE,long,s9_01_aave_panic_l_mc_h24_l4,2023-12-23 02:06:00+00:00,2023-12-23 04:06:00+00:00,-440.51693625,-8.806023817359613,120,4.0
2023H2_oos,Intp20Stage12XtzCoreRocFilterStrategy,XTZ/USDT:USDT,XTZ,short,s9_08_xtz_rsi_s_lc_h24_l4,2023-12-23 08:56:00+00:00,2023-12-23 10:56:00+00:00,-19.9999602,-0.400200100050025,120,4.0
2023H2_oos,Intp20Stage12XtzCoreRocFilterStrategy,SOL/USDT:USDT,SOL,short,s9_02_sol_panic_s_mc_h24_l4,2023-12-23 16:56:00+00:00,2023-12-23 18:56:00+00:00,-1250.435584,-25.025386515461744,120,4.0
2023H2_oos,Intp20Stage12XtzCoreRocFilterStrategy,OP/USDT:USDT,OP,long,s10_01_op_maoff_l_mc_h12m_l5,2023-12-24 00:21:00+00:00,2023-12-24 00:33:00+00:00,-89.8902048,-1.796921007571794,12,5.0
2023H2_oos,Intp20Stage12XtzCoreRocFilterStrategy,AAVE/USDT:USDT,AAVE,long,s9_01_aave_panic_l_mc_h24_l4,2023-12-24 05:46:00+00:00,2023-12-24 07:46:00+00:00,343.2359424,6.86130576884082,120,4.0
2023H2_oos,Intp20Stage12XtzCoreRocFilterStrategy,SOL/USDT:USDT,SOL,short,s9_02_sol_panic_s_mc_h24_l4,2023-12-24 14:31:00+00:00,2023-12-24 16:31:00+00:00,-40.93606365,-0.819397240850155,120,4.0
2023H2_oos,Intp20Stage12XtzCoreRocFilterStrategy,MKR/USDT:USDT,MKR,short,s9_07_mkr_range_s_mc_h24_l4,2023-12-24 14:56:00+00:00,2023-12-24 16:56:00+00:00,-28.481841,-0.5699331225595841,120,4.0
2023H2_oos,Intp20Stage12XtzCoreRocFilterStrategy,AAVE/USDT:USDT,AAVE,long,s9_01_aave_panic_l_mc_h24_l4,2023-12-24 22:21:00+00:00,2023-12-25 00:21:00+00:00,148.5394182,2.9694417317956217,120,4.0
2023H2_oos,Intp20Stage12XtzCoreRocFilterStrategy,SOL/USDT:USDT,SOL,short,s9_02_sol_panic_s_mc_h24_l4,2023-12-25 06:26:00+00:00,2023-12-25 08:26:00+00:00,153.6357248,3.074551590436826,120,4.0
2023H2_oos,Intp20Stage12XtzCoreRocFilterStrategy,XTZ/USDT:USDT,XTZ,short,s9_08_xtz_rsi_s_lc_h24_l4,2023-12-25 09:21:00+00:00,2023-12-25 11:21:00+00:00,214.7209449,4.296576440713025,120,4.0
2023H2_oos,Intp20Stage12XtzCoreRocFilterStrategy,APT/USDT:USDT,APT,long,s11_06_apt_vstretch_l_mchop_h12m_l5,2023-12-25 20:14:00+00:00,2023-12-25 20:26:00+00:00,-75.4502058,-1.508259426675471,12,5.0
2023H2_oos,Intp20Stage12XtzCoreRocFilterStrategy,OP/USDT:USDT,OP,long,s10_01_op_maoff_l_mc_h12m_l5,2023-12-26 03:27:00+00:00,2023-12-26 03:39:00+00:00,-329.11191593,-6.578949383651761,12,5.0
2023H2_oos,Intp20Stage12XtzCoreRocFilterStrategy,MKR/USDT:USDT,MKR,long,s9_11_mkr_micro_l_mchop_h18_l5,2023-12-26 14:21:00+00:00,2023-12-26 15:51:00+00:00,-238.5943896,-4.769571645998317,90,5.0
2023H2_oos,Intp20Stage12XtzCoreRocFilterStrategy,MKR/USDT:USDT,MKR,long,s9_11_mkr_micro_l_mchop_h18_l5,2023-12-27 05:16:00+00:00,2023-12-27 06:46:00+00:00,202.9328728,4.056774503773306,90,5.0
2023H2_oos,Intp20Stage12XtzCoreRocFilterStrategy,ETC/USDT:USDT,ETC,long,s10_02_etc_maoff_l_mchop_h18m_l5,2023-12-27 09:21:00+00:00,2023-12-27 09:39:00+00:00,268.61836672,5.369710260999125,18,5.0
2023H2_oos,Intp20Stage12XtzCoreRocFilterStrategy,SUI/USDT:USDT,SUI,long,s9_25_sui_vwap_l_lc_h18_l5,2023-12-27 13:56:00+00:00,2023-12-27 15:26:00+00:00,104.69777415,2.0929136705682785,90,5.0
2023H2_oos,Intp20Stage12XtzCoreRocFilterStrategy,SOL/USDT:USDT,SOL,long,s11_02_sol_vstretch_l_mchop_h12m_l5,2023-12-27 22:55:00+00:00,2023-12-27 23:07:00+00:00,85.3432935,1.7060328309764698,12,5.0
2023H2_oos,Intp20Stage12XtzCoreRocFilterStrategy,LTC/USDT:USDT,LTC,short,s9_16_ltc_vwap_s_lc_h18_l5,2023-12-27 23:21:00+00:00,2023-12-28 00:51:00+00:00,-399.75628985,-7.999126850717084,90,5.0
2023H2_oos,Intp20Stage12XtzCoreRocFilterStrategy,SOL/USDT:USDT,SOL,short,s9_02_sol_panic_s_mc_h24_l4,2023-12-28 00:36:00+00:00,2023-12-28 02:36:00+00:00,1097.5248779,21.963889712600125,120,4.0
2023H2_oos,Intp20Stage12XtzCoreRocFilterStrategy,SUI/USDT:USDT,SUI,long,s9_25_sui_vwap_l_lc_h18_l5,2023-12-28 02:41:00+00:00,2023-12-28 04:11:00+00:00,-19.06044045,-0.3810193785921397,90,5.0
2023H2_oos,Intp20Stage12XtzCoreRocFilterStrategy,MKR/USDT:USDT,MKR,long,s9_11_mkr_micro_l_mchop_h18_l5,2023-12-28 04:16:00+00:00,2023-12-28 05:46:00+00:00,-437.25039435,-8.741014061173535,90,5.0
2023H2_oos,Intp20Stage12XtzCoreRocFilterStrategy,XLM/USDT:USDT,XLM,long,s9_04_xlm_panic_l_mc_h12_l4,2023-12-28 12:36:00+00:00,2023-12-28 13:36:00+00:00,-48.31413736,-0.9658060487170005,60,4.0
2023H2_oos,Intp20Stage12XtzCoreRocFilterStrategy,AAVE/USDT:USDT,AAVE,long,s9_01_aave_panic_l_mc_h24_l4,2023-12-28 14:16:00+00:00,2023-12-28 16:16:00+00:00,-127.701288,-2.552855839395849,120,4.0
2023H2_oos,Intp20Stage12XtzCoreRocFilterStrategy,MKR/USDT:USDT,MKR,long,s9_11_mkr_micro_l_mchop_h18_l5,2023-12-29 00:21:00+00:00,2023-12-29 01:51:00+00:00,-662.4676557,-13.24339412972673,90,5.0
2023H2_oos,Intp20Stage12XtzCoreRocFilterStrategy,MKR/USDT:USDT,MKR,long,s9_11_mkr_micro_l_mchop_h18_l5,2023-12-29 09:26:00+00:00,2023-12-29 10:56:00+00:00,227.1113859,4.540194555678458,90,5.0
2023H2_oos,Intp20Stage12XtzCoreRocFilterStrategy,DOGE/USDT:USDT,DOGE,short,s11_04_doge_vstretch_s_mchop_h12m_l5,2023-12-29 18:19:00+00:00,2023-12-29 18:31:00+00:00,-46.97209054,-0.9399121434001287,12,5.0
2023H2_oos,Intp20Stage12XtzCoreRocFilterStrategy,XLM/USDT:USDT,XLM,long,s10_06_xlm_maoff_l_ma_h12m_l5,2023-12-30 00:32:00+00:00,2023-12-30 00:44:00+00:00,69.27053938,1.3847210981280842,12,5.0
2023H2_oos,Intp20Stage12XtzCoreRocFilterStrategy,MKR/USDT:USDT,MKR,long,s9_11_mkr_micro_l_mchop_h18_l5,2023-12-30 01:56:00+00:00,2023-12-30 03:26:00+00:00,-398.6974362,-7.97022554809774,90,5.0
2023H2_oos,Intp20Stage12XtzCoreRocFilterStrategy,MKR/USDT:USDT,MKR,short,s9_07_mkr_range_s_mc_h24_l4,2023-12-30 18:26:00+00:00,2023-12-30 20:26:00+00:00,-21.2539264,-0.4253145829014363,120,4.0
2023H2_oos,Intp20Stage12XtzCoreRocFilterStrategy,SUI/USDT:USDT,SUI,long,s9_25_sui_vwap_l_lc_h18_l5,2023-12-31 00:11:00+00:00,2023-12-31 01:41:00+00:00,275.0106189,5.497467877028189,90,5.0
2023H2_oos,Intp20Stage12XtzCoreRocFilterStrategy,MKR/USDT:USDT,MKR,long,s9_11_mkr_micro_l_mchop_h18_l5,2023-12-31 14:56:00+00:00,2023-12-31 16:26:00+00:00,-17.488835,-0.34961479284403485,90,5.0
2023H2_oos,Intp20Stage12XtzCoreRocFilterStrategy,OP/USDT:USDT,OP,long,s10_01_op_maoff_l_mc_h12m_l5,2023-12-31 22:16:00+00:00,2023-12-31 22:28:00+00:00,-180.00530767,-3.5983546046921284,12,5.0
2024,Intp20Stage12XtzCoreRocFilterStrategy,MKR/USDT:USDT,MKR,short,s9_07_mkr_range_s_mc_h24_l4,2024-01-01 03:11:00+00:00,2024-01-01 05:11:00+00:00,233.225163,4.666979954623777,120,4.0
2024,Intp20Stage12XtzCoreRocFilterStrategy,SOL/USDT:USDT,SOL,short,s9_02_sol_panic_s_mc_h24_l4,2024-01-01 09:46:00+00:00,2024-01-01 11:46:00+00:00,-150.529771,-3.0126231064262456,120,4.0
2024,Intp20Stage12XtzCoreRocFilterStrategy,MKR/USDT:USDT,MKR,short,s9_07_mkr_range_s_mc_h24_l4,2024-01-01 14:11:00+00:00,2024-01-01 16:11:00+00:00,198.660775,3.9755012641455867,120,4.0
2024,Intp20Stage12XtzCoreRocFilterStrategy,MKR/USDT:USDT,MKR,short,s9_07_mkr_range_s_mc_h24_l4,2024-01-02 04:41:00+00:00,2024-01-02 06:41:00+00:00,-23.65227685,-0.47328805869317386,120,4.0
2024,Intp20Stage12XtzCoreRocFilterStrategy,XTZ/USDT:USDT,XTZ,short,s9_08_xtz_rsi_s_lc_h24_l4,2024-01-02 22:16:00+00:00,2024-01-03 00:16:00+00:00,-132.310048,-2.647535180125142,120,4.0
2024,Intp20Stage12XtzCoreRocFilterStrategy,APT/USDT:USDT,APT,long,s11_06_apt_vstretch_l_mchop_h12m_l5,2024-01-03 00:29:00+00:00,2024-01-03 00:41:00+00:00,278.8588097,5.574392366433239,12,5.0
2024,Intp20Stage12XtzCoreRocFilterStrategy,OP/USDT:USDT,OP,long,s10_01_op_maoff_l_mc_h12m_l5,2024-01-03 06:10:00+00:00,2024-01-03 06:22:00+00:00,-8.88349429,-0.17758335290505595,12,5.0
2024,Intp20Stage12XtzCoreRocFilterStrategy,OP/USDT:USDT,OP,long,s10_01_op_maoff_l_mc_h12m_l5,2024-01-03 07:45:00+00:00,2024-01-03 07:57:00+00:00,-199.08703071,-3.9797797339138143,12,5.0
2024,Intp20Stage12XtzCoreRocFilterStrategy,XTZ/USDT:USDT,XTZ,short,s9_08_xtz_rsi_s_lc_h24_l4,2024-01-03 16:06:00+00:00,2024-01-03 18:06:00+00:00,-141.887846,-2.839186090507182,120,4.0
2024,Intp20Stage12XtzCoreRocFilterStrategy,LTC/USDT:USDT,LTC,short,s9_16_ltc_vwap_s_lc_h18_l5,2024-01-04 10:01:00+00:00,2024-01-04 11:31:00+00:00,-13.49116048,-0.2699585990314177,90,5.0
2024,Intp20Stage12XtzCoreRocFilterStrategy,SOL/USDT:USDT,SOL,short,s9_02_sol_panic_s_mc_h24_l4,2024-01-04 14:26:00+00:00,2024-01-04 16:26:00+00:00,-393.91240005,-7.885172253340518,120,4.0
2024,Intp20Stage12XtzCoreRocFilterStrategy,MKR/USDT:USDT,MKR,short,s9_07_mkr_range_s_mc_h24_l4,2024-01-04 15:46:00+00:00,2024-01-04 17:46:00+00:00,137.154009,2.7446544127678814,120,4.0
2024,Intp20Stage12XtzCoreRocFilterStrategy,SOL/USDT:USDT,SOL,short,s9_02_sol_panic_s_mc_h24_l4,2024-01-04 19:36:00+00:00,2024-01-04 21:36:00+00:00,-29.0692543,-0.581748040357804,120,4.0
2024,Intp20Stage12XtzCoreRocFilterStrategy,MKR/USDT:USDT,MKR,long,s9_11_mkr_micro_l_mchop_h18_l5,2024-01-05 01:01:00+00:00,2024-01-05 02:31:00+00:00,-140.18643125,-2.8024895572653574,90,5.0
2024,Intp20Stage12XtzCoreRocFilterStrategy,OP/USDT:USDT,OP,long,s10_01_op_maoff_l_mc_h12m_l5,2024-01-05 04:10:00+00:00,2024-01-05 04:22:00+00:00,-194.34526169,-3.8850020997250536,12,5.0
2024,Intp20Stage12XtzCoreRocFilterStrategy,MKR/USDT:USDT,MKR,long,s9_11_mkr_micro_l_mchop_h18_l5,2024-01-06 02:06:00+00:00,2024-01-06 03:36:00+00:00,43.160866,0.8628329617868946,90,5.0
2024,Intp20Stage12XtzCoreRocFilterStrategy,MKR/USDT:USDT,MKR,long,s9_11_mkr_micro_l_mchop_h18_l5,2024-01-06 04:06:00+00:00,2024-01-06 05:36:00+00:00,-457.8004052,-9.151537154603442,90,5.0
2024,Intp20Stage12XtzCoreRocFilterStrategy,MKR/USDT:USDT,MKR,short,s9_07_mkr_range_s_mc_h24_l4,2024-01-07 08:46:00+00:00,2024-01-07 10:46:00+00:00,-623.36790075,-12.474301481585135,120,4.0
2024,Intp20Stage12XtzCoreRocFilterStrategy,MKR/USDT:USDT,MKR,short,s9_07_mkr_range_s_mc_h24_l4,2024-01-07 22:11:00+00:00,2024-01-08 00:11:00+00:00,362.2397828,7.248622356198487,120,4.0
2024,Intp20Stage12XtzCoreRocFilterStrategy,AAVE/USDT:USDT,AAVE,long,s9_01_aave_panic_l_mc_h24_l4,2024-01-08 02:21:00+00:00,2024-01-08 04:21:00+00:00,-269.9990625,-5.39751875014097,120,4.0
2024,Intp20Stage12XtzCoreRocFilterStrategy,APT/USDT:USDT,APT,long,s11_01_apt_vstretch_l_ma_h12m_l5,2024-01-08 11:44:00+00:00,2024-01-08 11:56:00+00:00,234.5301661,4.6882959486440345,12,5.0
2024,Intp20Stage12XtzCoreRocFilterStrategy,XRP/USDT:USDT,XRP,short,s9_10_xrp_rsi_s_mx_h24_l4,2024-01-08 12:06:00+00:00,2024-01-08 14:06:00+00:00,-37.75188748,-0.755416743047961,120,4.0
2024,Intp20Stage12XtzCoreRocFilterStrategy,XRP/USDT:USDT,XRP,short,s9_10_xrp_rsi_s_mx_h24_l4,2024-01-08 18:41:00+00:00,2024-01-08 20:41:00+00:00,-92.90242785,-1.8589794551294385,120,4.0
2024,Intp20Stage12XtzCoreRocFilterStrategy,SOL/USDT:USDT,SOL,short,s9_02_sol_panic_s_mc_h24_l4,2024-01-09 04:11:00+00:00,2024-01-09 06:11:00+00:00,-217.9857015,-4.362253271161172,120,4.0
2024,Intp20Stage12XtzCoreRocFilterStrategy,MKR/USDT:USDT,MKR,short,s9_07_mkr_range_s_mc_h24_l4,2024-01-09 15:16:00+00:00,2024-01-09 17:16:00+00:00,119.20800105,2.385463895748175,120,4.0
2024,Intp20Stage12XtzCoreRocFilterStrategy,ETH/USDT:USDT,ETH,long,s9_15_eth_micro_l_mc_h18_l5,2024-01-10 00:26:00+00:00,2024-01-10 01:56:00+00:00,-94.64423166,-1.8920210243000624,90,5.0
2024,Intp20Stage12XtzCoreRocFilterStrategy,AAVE/USDT:USDT,AAVE,long,s9_01_aave_panic_l_mc_h24_l4,2024-01-10 13:01:00+00:00,2024-01-10 15:01:00+00:00,-24.0637716,-0.4810444223857371,120,4.0
2024,Intp20Stage12XtzCoreRocFilterStrategy,MKR/USDT:USDT,MKR,long,s9_11_mkr_micro_l_mchop_h18_l5,2024-01-10 15:11:00+00:00,2024-01-10 16:41:00+00:00,329.9314654,6.595495104929591,90,5.0
2024,Intp20Stage12XtzCoreRocFilterStrategy,XRP/USDT:USDT,XRP,short,s9_10_xrp_rsi_s_mx_h24_l4,2024-01-10 18:06:00+00:00,2024-01-10 20:06:00+00:00,-177.39369421,-3.549651070847065,120,4.0
2024,Intp20Stage12XtzCoreRocFilterStrategy,SOL/USDT:USDT,SOL,short,s9_02_sol_panic_s_mc_h24_l4,2024-01-10 23:21:00+00:00,2024-01-11 01:21:00+00:00,854.7295943,17.111916052612397,120,4.0
2024,Intp20Stage12XtzCoreRocFilterStrategy,SOL/USDT:USDT,SOL,short,s9_02_sol_panic_s_mc_h24_l4,2024-01-11 12:31:00+00:00,2024-01-11 14:31:00+00:00,8.78309775,0.17577808624232094,120,4.0
2024,Intp20Stage12XtzCoreRocFilterStrategy,OP/USDT:USDT,OP,long,s10_01_op_maoff_l_mc_h12m_l5,2024-01-11 17:18:00+00:00,2024-01-11 17:30:00+00:00,-185.46982896,-3.7075866818938605,12,5.0
2024,Intp20Stage12XtzCoreRocFilterStrategy,OP/USDT:USDT,OP,long,s10_01_op_maoff_l_mc_h12m_l5,2024-01-12 09:25:00+00:00,2024-01-12 09:37:00+00:00,205.75508775,4.113049016388904,12,5.0
2024,Intp20Stage12XtzCoreRocFilterStrategy,ETH/USDT:USDT,ETH,long,s9_15_eth_micro_l_mc_h18_l5,2024-01-12 13:26:00+00:00,2024-01-12 14:56:00+00:00,81.2681072,1.6246192273095195,90,5.0
2024,Intp20Stage12XtzCoreRocFilterStrategy,XLM/USDT:USDT,XLM,long,s9_04_xlm_panic_l_mc_h12_l4,2024-01-12 17:01:00+00:00,2024-01-12 18:01:00+00:00,59.6017824,1.191440118666401,60,4.0
2024,Intp20Stage12XtzCoreRocFilterStrategy,COMP/USDT:USDT,COMP,long,s9_05_comp_rsi_l_mx_h24_l4,2024-01-12 22:26:00+00:00,2024-01-13 00:26:00+00:00,315.99821639,6.316818406870753,120,4.0
2024,Intp20Stage12XtzCoreRocFilterStrategy,LTC/USDT:USDT,LTC,short,s9_16_ltc_vwap_s_lc_h18_l5,2024-01-13 00:26:00+00:00,2024-01-13 01:56:00+00:00,538.23608735,10.770111129984874,90,5.0
2024,Intp20Stage12XtzCoreRocFilterStrategy,MKR/USDT:USDT,MKR,long,s9_11_mkr_micro_l_mchop_h18_l5,2024-01-13 14:56:00+00:00,2024-01-13 16:26:00+00:00,-39.2451711,-0.7845143892019025,90,5.0
2024,Intp20Stage12XtzCoreRocFilterStrategy,MKR/USDT:USDT,MKR,short,s9_24_mkr_vwap_s_mchop_h12_l5,2024-01-14 05:31:00+00:00,2024-01-14 06:31:00+00:00,-323.94495815,-6.4822283395641485,60,5.0
2024,Intp20Stage12XtzCoreRocFilterStrategy,XTZ/USDT:USDT,XTZ,long,s11_05_xtz_vstretch_l_mchop_h8m_l5,2024-01-14 11:28:00+00:00,2024-01-14 11:36:00+00:00,107.7940712,2.1548127619095676,8,5.0
2024,Intp20Stage12XtzCoreRocFilterStrategy,ETC/USDT:USDT,ETC,long,s11_03_etc_vstretch_l_mchop_h12m_l5,2024-01-14 16:30:00+00:00,2024-01-14 16:42:00+00:00,-175.16182464,-3.5015105126073824,12,5.0
2024,Intp20Stage12XtzCoreRocFilterStrategy,SUI/USDT:USDT,SUI,long,s9_25_sui_vwap_l_lc_h18_l5,2024-01-14 23:41:00+00:00,2024-01-15 01:11:00+00:00,343.09932388,6.858572446978764,90,5.0
2024,Intp20Stage12XtzCoreRocFilterStrategy,MKR/USDT:USDT,MKR,short,s9_24_mkr_vwap_s_mchop_h12_l5,2024-01-15 12:16:00+00:00,2024-01-15 13:16:00+00:00,179.1445923,3.5849669702886633,60,5.0
2024,Intp20Stage12XtzCoreRocFilterStrategy,LTC/USDT:USDT,LTC,short,s9_16_ltc_vwap_s_lc_h18_l5,2024-01-15 17:41:00+00:00,2024-01-15 19:11:00+00:00,-131.9974144,-2.641275007958849,90,5.0
2024,Intp20Stage12XtzCoreRocFilterStrategy,MKR/USDT:USDT,MKR,short,s9_24_mkr_vwap_s_mchop_h12_l5,2024-01-16 07:41:00+00:00,2024-01-16 08:41:00+00:00,173.0986543,3.4639620198745016,60,5.0
2024,Intp20Stage12XtzCoreRocFilterStrategy,LTC/USDT:USDT,LTC,short,s9_16_ltc_vwap_s_lc_h18_l5,2024-01-17 01:36:00+00:00,2024-01-17 03:06:00+00:00,71.91984627,1.4391165158780306,90,5.0
2024,Intp20Stage12XtzCoreRocFilterStrategy,LTC/USDT:USDT,LTC,short,s9_16_ltc_vwap_s_lc_h18_l5,2024-01-17 13:06:00+00:00,2024-01-17 14:36:00+00:00,47.21733198,0.9448206129916408,90,5.0
2024,Intp20Stage12XtzCoreRocFilterStrategy,LTC/USDT:USDT,LTC,short,s9_16_ltc_vwap_s_lc_h18_l5,2024-01-17 14:56:00+00:00,2024-01-17 16:26:00+00:00,116.00711664,2.3213037568220365,90,5.0
2024,Intp20Stage12XtzCoreRocFilterStrategy,OP/USDT:USDT,OP,long,s10_01_op_maoff_l_mc_h12m_l5,2024-01-17 17:05:00+00:00,2024-01-17 17:17:00+00:00,-9.71975849,-0.1942987623114017,12,5.0
2024,Intp20Stage12XtzCoreRocFilterStrategy,SOL/USDT:USDT,SOL,short,s9_02_sol_panic_s_mc_h24_l4,2024-01-18 00:11:00+00:00,2024-01-18 02:11:00+00:00,451.4646814,9.037367098714661,120,4.0
2024,Intp20Stage12XtzCoreRocFilterStrategy,COMP/USDT:USDT,COMP,long,s9_05_comp_rsi_l_mx_h24_l4,2024-01-18 19:56:00+00:00,2024-01-18 21:56:00+00:00,248.47181592,4.966962517621995,120,4.0
2024,Intp20Stage12XtzCoreRocFilterStrategy,MKR/USDT:USDT,MKR,long,s9_11_mkr_micro_l_mchop_h18_l5,2024-01-19 10:11:00+00:00,2024-01-19 11:41:00+00:00,-118.55889115,-2.3701639619054125,90,5.0
2024,Intp20Stage12XtzCoreRocFilterStrategy,ETC/USDT:USDT,ETC,long,s10_02_etc_maoff_l_mchop_h18m_l5,2024-01-20 15:54:00+00:00,2024-01-20 16:12:00+00:00,-88.66996245,-1.7725191325100234,18,5.0
2024,Intp20Stage12XtzCoreRocFilterStrategy,DOGE/USDT:USDT,DOGE,long,s10_04_doge_maoff_l_ma_h12m_l5,2024-01-21 03:05:00+00:00,2024-01-21 03:17:00+00:00,-117.31813126,-2.345194397874954,12,5.0
2024,Intp20Stage12XtzCoreRocFilterStrategy,OP/USDT:USDT,OP,long,s10_01_op_maoff_l_mc_h12m_l5,2024-01-22 01:24:00+00:00,2024-01-22 01:36:00+00:00,-108.37477872,-2.1664230244174645,12,5.0
2024,Intp20Stage12XtzCoreRocFilterStrategy,XTZ/USDT:USDT,XTZ,long,s11_05_xtz_vstretch_l_mchop_h8m_l5,2024-01-22 12:16:00+00:00,2024-01-22 12:24:00+00:00,-75.5818532,-1.510884233996362,8,5.0
2024,Intp20Stage12XtzCoreRocFilterStrategy,SUI/USDT:USDT,SUI,long,s9_25_sui_vwap_l_lc_h18_l5,2024-01-22 15:26:00+00:00,2024-01-22 16:56:00+00:00,713.26576728,14.258211803189313,90,5.0
2024,Intp20Stage12XtzCoreRocFilterStrategy,SUI/USDT:USDT,SUI,long,s9_25_sui_vwap_l_lc_h18_l5,2024-01-23 14:16:00+00:00,2024-01-23 15:46:00+00:00,1437.89172395,28.743584229510578,90,5.0
2024,Intp20Stage12XtzCoreRocFilterStrategy,MKR/USDT:USDT,MKR,short,s9_07_mkr_range_s_mc_h24_l4,2024-01-23 18:06:00+00:00,2024-01-23 20:06:00+00:00,102.2803272,2.0467954856201613,120,4.0
2024,Intp20Stage12XtzCoreRocFilterStrategy,OP/USDT:USDT,OP,long,s10_01_op_maoff_l_mc_h12m_l5,2024-01-23 21:21:00+00:00,2024-01-23 21:33:00+00:00,118.0561056,2.3599486921471047,12,5.0
2024,Intp20Stage12XtzCoreRocFilterStrategy,XTZ/USDT:USDT,XTZ,short,s9_08_xtz_rsi_s_lc_h24_l4,2024-01-23 22:26:00+00:00,2024-01-24 00:26:00+00:00,-345.1884462,-6.907245605467955,120,4.0
2024,Intp20Stage12XtzCoreRocFilterStrategy,XTZ/USDT:USDT,XTZ,long,s11_05_xtz_vstretch_l_mchop_h8m_l5,2024-01-24 01:45:00+00:00,2024-01-24 01:53:00+00:00,1.72459455,0.034474741239006165,8,5.0
2024,Intp20Stage12XtzCoreRocFilterStrategy,SOL/USDT:USDT,SOL,short,s9_02_sol_panic_s_mc_h24_l4,2024-01-24 00:56:00+00:00,2024-01-24 02:56:00+00:00,206.87976925,4.140677302658506,120,4.0
2024,Intp20Stage12XtzCoreRocFilterStrategy,SOL/USDT:USDT,SOL,short,s9_02_sol_panic_s_mc_h24_l4,2024-01-24 10:51:00+00:00,2024-01-24 12:51:00+00:00,157.9783821,3.1624830369482897,120,4.0
2024,Intp20Stage12XtzCoreRocFilterStrategy,MKR/USDT:USDT,MKR,long,s9_11_mkr_micro_l_mchop_h18_l5,2024-01-24 16:41:00+00:00,2024-01-24 18:11:00+00:00,-59.96456985,-1.1987226807364508,90,5.0
2024,Intp20Stage12XtzCoreRocFilterStrategy,SUI/USDT:USDT,SUI,long,s9_25_sui_vwap_l_lc_h18_l5,2024-01-24 18:26:00+00:00,2024-01-24 19:56:00+00:00,260.54854529,5.208377339195149,90,5.0
2024,Intp20Stage12XtzCoreRocFilterStrategy,MKR/USDT:USDT,MKR,long,s9_11_mkr_micro_l_mchop_h18_l5,2024-01-24 22:16:00+00:00,2024-01-24 23:46:00+00:00,248.978938,4.977487418388541,90,5.0
2024,Intp20Stage12XtzCoreRocFilterStrategy,XTZ/USDT:USDT,XTZ,short,s9_08_xtz_rsi_s_lc_h24_l4,2024-01-26 02:16:00+00:00,2024-01-26 04:16:00+00:00,-191.3911816,-3.829752135168227,120,4.0
2024,Intp20Stage12XtzCoreRocFilterStrategy,MKR/USDT:USDT,MKR,short,s9_07_mkr_range_s_mc_h24_l4,2024-01-26 05:06:00+00:00,2024-01-26 07:06:00+00:00,85.796025,1.7167920658238276,120,4.0
2024,Intp20Stage12XtzCoreRocFilterStrategy,MKR/USDT:USDT,MKR,short,s9_07_mkr_range_s_mc_h24_l4,2024-01-26 09:36:00+00:00,2024-01-26 11:36:00+00:00,-308.9944233,-6.183413536935199,120,4.0
2024,Intp20Stage12XtzCoreRocFilterStrategy,SOL/USDT:USDT,SOL,short,s9_02_sol_panic_s_mc_h24_l4,2024-01-26 09:51:00+00:00,2024-01-26 11:51:00+00:00,-789.9151468,-15.808751247970434,120,4.0
2024,Intp20Stage12XtzCoreRocFilterStrategy,MKR/USDT:USDT,MKR,short,s9_07_mkr_range_s_mc_h24_l4,2024-01-26 14:11:00+00:00,2024-01-26 16:11:00+00:00,-30.66377765,-0.6136330425340603,120,4.0
2024,Intp20Stage12XtzCoreRocFilterStrategy,MKR/USDT:USDT,MKR,short,s9_07_mkr_range_s_mc_h24_l4,2024-01-26 17:26:00+00:00,2024-01-26 19:26:00+00:00,-78.6189915,-1.573190286369199,120,4.0
2024,Intp20Stage12XtzCoreRocFilterStrategy,SOL/USDT:USDT,SOL,short,s9_02_sol_panic_s_mc_h24_l4,2024-01-26 20:16:00+00:00,2024-01-26 22:16:00+00:00,296.81892665,5.941338466369708,120,4.0
2024,Intp20Stage12XtzCoreRocFilterStrategy,LTC/USDT:USDT,LTC,short,s9_16_ltc_vwap_s_lc_h18_l5,2024-01-27 00:21:00+00:00,2024-01-27 01:51:00+00:00,-92.047452,-1.841874027110353,90,5.0
2024,Intp20Stage12XtzCoreRocFilterStrategy,MKR/USDT:USDT,MKR,short,s9_07_mkr_range_s_mc_h24_l4,2024-01-27 12:41:00+00:00,2024-01-27 14:41:00+00:00,101.2938032,2.027070678196241,120,4.0
2024,Intp20Stage12XtzCoreRocFilterStrategy,SUI/USDT:USDT,SUI,long,s9_25_sui_vwap_l_lc_h18_l5,2024-01-27 15:51:00+00:00,2024-01-27 17:21:00+00:00,-23.21346787,-0.4640383746499023,90,5.0
2024,Intp20Stage12XtzCoreRocFilterStrategy,SOL/USDT:USDT,SOL,short,s9_02_sol_panic_s_mc_h24_l4,2024-01-27 23:16:00+00:00,2024-01-28 01:16:00+00:00,-11.934867,-0.2388323094933121,120,4.0
2024,Intp20Stage12XtzCoreRocFilterStrategy,MKR/USDT:USDT,MKR,short,s9_07_mkr_range_s_mc_h24_l4,2024-01-28 03:36:00+00:00,2024-01-28 05:36:00+00:00,-136.48343805,-2.7312357477440012,120,4.0
2024,Intp20Stage12XtzCoreRocFilterStrategy,MKR/USDT:USDT,MKR,short,s9_24_mkr_vwap_s_mchop_h12_l5,2024-01-28 14:31:00+00:00,2024-01-28 15:31:00+00:00,63.74490785,1.2755490733223291,60,5.0
2024,Intp20Stage12XtzCoreRocFilterStrategy,MKR/USDT:USDT,MKR,short,s9_24_mkr_vwap_s_mchop_h12_l5,2024-01-28 16:16:00+00:00,2024-01-28 17:16:00+00:00,48.9178191,0.9788880615422919,60,5.0
2024,Intp20Stage12XtzCoreRocFilterStrategy,OP/USDT:USDT,OP,long,s10_01_op_maoff_l_mc_h12m_l5,2024-01-28 20:12:00+00:00,2024-01-28 20:24:00+00:00,-44.85101292,-0.8965725677379781,12,5.0
2024,Intp20Stage12XtzCoreRocFilterStrategy,XRP/USDT:USDT,XRP,short,s9_10_xrp_rsi_s_mx_h24_l4,2024-01-29 17:36:00+00:00,2024-01-29 19:36:00+00:00,-16.2737221,-0.32563767907473273,120,4.0
2024,Intp20Stage12XtzCoreRocFilterStrategy,ETC/USDT:USDT,ETC,long,s11_03_etc_vstretch_l_mchop_h12m_l5,2024-01-30 00:46:00+00:00,2024-01-30 00:58:00+00:00,28.01300536,0.559981127347383,12,5.0
2024,Intp20Stage12XtzCoreRocFilterStrategy,MKR/USDT:USDT,MKR,short,s9_07_mkr_range_s_mc_h24_l4,2024-01-30 00:06:00+00:00,2024-01-30 02:06:00+00:00,-153.06916625,-3.06316533399969,120,4.0
2024,Intp20Stage12XtzCoreRocFilterStrategy,SUI/USDT:USDT,SUI,long,s9_25_sui_vwap_l_lc_h18_l5,2024-01-30 11:51:00+00:00,2024-01-30 13:21:00+00:00,-946.89600037,-18.928517107905677,90,5.0
2024,Intp20Stage12XtzCoreRocFilterStrategy,SOL/USDT:USDT,SOL,short,s9_02_sol_panic_s_mc_h24_l4,2024-01-30 11:46:00+00:00,2024-01-30 13:46:00+00:00,292.2281111,5.850200370201259,120,4.0
2024,Intp20Stage12XtzCoreRocFilterStrategy,MKR/USDT:USDT,MKR,long,s9_11_mkr_micro_l_mchop_h18_l5,2024-01-30 16:21:00+00:00,2024-01-30 17:51:00+00:00,164.75847795,3.293668259166197,90,5.0
2024,Intp20Stage12XtzCoreRocFilterStrategy,AAVE/USDT:USDT,AAVE,long,s9_01_aave_panic_l_mc_h24_l4,2024-01-31 21:31:00+00:00,2024-01-31 23:31:00+00:00,237.8657772,4.75512214574078,120,4.0
2024,Intp20Stage12XtzCoreRocFilterStrategy,SOL/USDT:USDT,SOL,short,s9_02_sol_panic_s_mc_h24_l4,2024-02-02 00:26:00+00:00,2024-02-02 02:26:00+00:00,165.67944575,3.316101263369768,120,4.0
2024,Intp20Stage12XtzCoreRocFilterStrategy,MKR/USDT:USDT,MKR,short,s9_24_mkr_vwap_s_mchop_h12_l5,2024-02-02 05:56:00+00:00,2024-02-02 06:56:00+00:00,-85.1530006,-1.7040388711668055,60,5.0
2024,Intp20Stage12XtzCoreRocFilterStrategy,MKR/USDT:USDT,MKR,short,s9_07_mkr_range_s_mc_h24_l4,2024-02-02 12:46:00+00:00,2024-02-02 14:46:00+00:00,-174.00952245,-3.482060982196501,120,4.0
2024,Intp20Stage12XtzCoreRocFilterStrategy,MKR/USDT:USDT,MKR,short,s9_24_mkr_vwap_s_mchop_h12_l5,2024-02-04 03:41:00+00:00,2024-02-04 04:41:00+00:00,-63.63471595,-1.2733968140139436,60,5.0
2024,Intp20Stage12XtzCoreRocFilterStrategy,OP/USDT:USDT,OP,long,s10_01_op_maoff_l_mc_h12m_l5,2024-02-05 15:04:00+00:00,2024-02-05 15:16:00+00:00,38.37632736,0.7671512989968775,12,5.0
2024,Intp20Stage12XtzCoreRocFilterStrategy,MKR/USDT:USDT,MKR,short,s9_07_mkr_range_s_mc_h24_l4,2024-02-06 02:56:00+00:00,2024-02-06 04:56:00+00:00,84.3463821,1.6879095818885845,120,4.0
2024,Intp20Stage12XtzCoreRocFilterStrategy,SUI/USDT:USDT,SUI,long,s9_25_sui_vwap_l_lc_h18_l5,2024-02-07 03:11:00+00:00,2024-02-07 04:41:00+00:00,41.78965612,0.8353766920916555,90,5.0
2024,Intp20Stage12XtzCoreRocFilterStrategy,LTC/USDT:USDT,LTC,short,s9_16_ltc_vwap_s_lc_h18_l5,2024-02-07 14:56:00+00:00,2024-02-07 16:26:00+00:00,-98.70701747,-1.9751293062178654,90,5.0
2024,Intp20Stage12XtzCoreRocFilterStrategy,MKR/USDT:USDT,MKR,short,s9_07_mkr_range_s_mc_h24_l4,2024-02-08 13:21:00+00:00,2024-02-08 15:21:00+00:00,-198.10728,-3.964470590537998,120,4.0
2024,Intp20Stage12XtzCoreRocFilterStrategy,MKR/USDT:USDT,MKR,short,s9_07_mkr_range_s_mc_h24_l4,2024-02-08 20:01:00+00:00,2024-02-08 22:01:00+00:00,-129.09541575,-2.583407297978324,120,4.0
2024,Intp20Stage12XtzCoreRocFilterStrategy,SOL/USDT:USDT,SOL,short,s9_02_sol_panic_s_mc_h24_l4,2024-02-09 02:51:00+00:00,2024-02-09 04:51:00+00:00,67.28528215,1.3464031686534816,120,4.0
2024,Intp20Stage12XtzCoreRocFilterStrategy,MKR/USDT:USDT,MKR,short,s9_07_mkr_range_s_mc_h24_l4,2024-02-09 11:16:00+00:00,2024-02-09 13:16:00+00:00,-43.24740695,-0.865428925627249,120,4.0
2024,Intp20Stage12XtzCoreRocFilterStrategy,SUI/USDT:USDT,SUI,long,s9_25_sui_vwap_l_lc_h18_l5,2024-02-10 16:36:00+00:00,2024-02-10 18:06:00+00:00,-244.31436636,-4.883861337606979,90,5.0
2024,Intp20Stage12XtzCoreRocFilterStrategy,SOL/USDT:USDT,SOL,short,s9_02_sol_panic_s_mc_h24_l4,2024-02-10 20:56:00+00:00,2024-02-10 22:56:00+00:00,115.846276,2.3188254270050686,120,4.0
2024,Intp20Stage12XtzCoreRocFilterStrategy,XRP/USDT:USDT,XRP,short,s9_10_xrp_rsi_s_mx_h24_l4,2024-02-12 17:36:00+00:00,2024-02-12 19:36:00+00:00,-46.23023398,-0.9250692761110889,120,4.0
2024,Intp20Stage12XtzCoreRocFilterStrategy,OP/USDT:USDT,OP,long,s10_01_op_maoff_l_mc_h12m_l5,2024-02-12 22:11:00+00:00,2024-02-12 22:23:00+00:00,143.56797363,2.8699566125315132,12,5.0
2024,Intp20Stage12XtzCoreRocFilterStrategy,SOL/USDT:USDT,SOL,short,s9_02_sol_panic_s_mc_h24_l4,2024-02-13 00:36:00+00:00,2024-02-13 02:36:00+00:00,48.9155076,0.9792829258280766,120,4.0
2024,Intp20Stage12XtzCoreRocFilterStrategy,MKR/USDT:USDT,MKR,short,s9_07_mkr_range_s_mc_h24_l4,2024-02-14 12:51:00+00:00,2024-02-14 14:51:00+00:00,-215.9543167,-4.321379148466891,120,4.0
2024,Intp20Stage12XtzCoreRocFilterStrategy,SUI/USDT:USDT,SUI,long,s9_25_sui_vwap_l_lc_h18_l5,2024-02-14 14:46:00+00:00,2024-02-14 16:16:00+00:00,-364.63628871,-7.289124420187572,90,5.0
2024,Intp20Stage12XtzCoreRocFilterStrategy,SUI/USDT:USDT,SUI,long,s9_25_sui_vwap_l_lc_h18_l5,2024-02-15 12:31:00+00:00,2024-02-15 14:01:00+00:00,25.19687595,0.5036866214809702,90,5.0
2024,Intp20Stage12XtzCoreRocFilterStrategy,OP/USDT:USDT,OP,long,s10_01_op_maoff_l_mc_h12m_l5,2024-02-15 15:28:00+00:00,2024-02-15 15:40:00+00:00,-215.09267828,-4.29972912686216,12,5.0
2024,Intp20Stage12XtzCoreRocFilterStrategy,MKR/USDT:USDT,MKR,long,s9_11_mkr_micro_l_mchop_h18_l5,2024-02-15 23:36:00+00:00,2024-02-16 01:06:00+00:00,129.8706159,2.5962273940744893,90,5.0
2024,Intp20Stage12XtzCoreRocFilterStrategy,MKR/USDT:USDT,MKR,short,s9_07_mkr_range_s_mc_h24_l4,2024-02-16 04:46:00+00:00,2024-02-16 06:46:00+00:00,-16.2096165,-0.32435595550296814,120,4.0
2024,Intp20Stage12XtzCoreRocFilterStrategy,XLM/USDT:USDT,XLM,long,s9_04_xlm_panic_l_mc_h12_l4,2024-02-17 14:41:00+00:00,2024-02-17 15:41:00+00:00,154.75635292,3.0935825575169598,60,4.0
2024,Intp20Stage12XtzCoreRocFilterStrategy,AAVE/USDT:USDT,AAVE,long,s9_01_aave_panic_l_mc_h24_l4,2024-02-17 14:41:00+00:00,2024-02-17 16:41:00+00:00,136.8169726,2.735002078389875,120,4.0
2024,Intp20Stage12XtzCoreRocFilterStrategy,MKR/USDT:USDT,MKR,short,s9_07_mkr_range_s_mc_h24_l4,2024-02-18 08:11:00+00:00,2024-02-18 10:11:00+00:00,-48.4371475,-0.9693276468614294,120,4.0
2024,Intp20Stage12XtzCoreRocFilterStrategy,MKR/USDT:USDT,MKR,short,s9_07_mkr_range_s_mc_h24_l4,2024-02-19 02:16:00+00:00,2024-02-19 04:16:00+00:00,-301.9973726,-6.043015981347649,120,4.0
2024,Intp20Stage12XtzCoreRocFilterStrategy,MKR/USDT:USDT,MKR,long,s9_11_mkr_micro_l_mchop_h18_l5,2024-02-19 04:36:00+00:00,2024-02-19 06:06:00+00:00,2.0743668,0.041469107432739606,90,5.0
2024,Intp20Stage12XtzCoreRocFilterStrategy,MKR/USDT:USDT,MKR,short,s9_07_mkr_range_s_mc_h24_l4,2024-02-19 08:21:00+00:00,2024-02-19 10:21:00+00:00,75.95796,1.5200107858299596,120,4.0
2024,Intp20Stage12XtzCoreRocFilterStrategy,SUI/USDT:USDT,SUI,long,s9_25_sui_vwap_l_lc_h18_l5,2024-02-19 10:31:00+00:00,2024-02-19 12:01:00+00:00,-108.28690451,-2.164658462946739,90,5.0
2024,Intp20Stage12XtzCoreRocFilterStrategy,MKR/USDT:USDT,MKR,short,s9_07_mkr_range_s_mc_h24_l4,2024-02-19 12:51:00+00:00,2024-02-19 14:51:00+00:00,107.09582845,2.143010821806443,120,4.0
2024,Intp20Stage12XtzCoreRocFilterStrategy,ETH/USDT:USDT,ETH,long,s9_15_eth_micro_l_mc_h18_l5,2024-02-19 18:06:00+00:00,2024-02-19 19:36:00+00:00,-164.07087632,-3.280122987298001,90,5.0
2024,Intp20Stage12XtzCoreRocFilterStrategy,ETH/USDT:USDT,ETH,long,s9_15_eth_micro_l_mc_h18_l5,2024-02-19 21:51:00+00:00,2024-02-19 23:21:00+00:00,-20.52135202,-0.41025241102532056,90,5.0
2024,Intp20Stage12XtzCoreRocFilterStrategy,LTC/USDT:USDT,LTC,short,s9_16_ltc_vwap_s_lc_h18_l5,2024-02-21 08:11:00+00:00,2024-02-21 09:41:00+00:00,239.77849325,4.797968880131713,90,5.0
2024,Intp20Stage12XtzCoreRocFilterStrategy,MKR/USDT:USDT,MKR,short,s9_24_mkr_vwap_s_mchop_h12_l5,2024-02-21 21:26:00+00:00,2024-02-21 22:26:00+00:00,-193.6138472,-3.874464868383233,60,5.0
2024,Intp20Stage12XtzCoreRocFilterStrategy,AAVE/USDT:USDT,AAVE,long,s9_01_aave_panic_l_mc_h24_l4,2024-02-22 13:51:00+00:00,2024-02-22 15:51:00+00:00,289.35478935,5.7843320684076796,120,4.0
2024,Intp20Stage12XtzCoreRocFilterStrategy,OP/USDT:USDT,OP,long,s10_01_op_maoff_l_mc_h12m_l5,2024-02-23 02:32:00+00:00,2024-02-23 02:44:00+00:00,74.7995108,1.4952447179501478,12,5.0
2024,Intp20Stage12XtzCoreRocFilterStrategy,MKR/USDT:USDT,MKR,long,s9_11_mkr_micro_l_mchop_h18_l5,2024-02-24 08:56:00+00:00,2024-02-24 10:26:00+00:00,623.5476297,12.465052003707191,90,5.0
2024,Intp20Stage12XtzCoreRocFilterStrategy,MKR/USDT:USDT,MKR,short,s9_07_mkr_range_s_mc_h24_l4,2024-02-24 14:41:00+00:00,2024-02-24 16:41:00+00:00,73.935822,1.4795211190611688,120,4.0
2024,Intp20Stage12XtzCoreRocFilterStrategy,MKR/USDT:USDT,MKR,short,s9_24_mkr_vwap_s_mchop_h12_l5,2024-02-25 11:51:00+00:00,2024-02-25 12:51:00+00:00,-50.8913418,-1.018417412216264,60,5.0
2024,Intp20Stage12XtzCoreRocFilterStrategy,SOL/USDT:USDT,SOL,short,s9_02_sol_panic_s_mc_h24_l4,2024-02-25 14:46:00+00:00,2024-02-25 16:46:00+00:00,147.29044405,2.9476276599838376,120,4.0
2024,Intp20Stage12XtzCoreRocFilterStrategy,SOL/USDT:USDT,SOL,short,s9_02_sol_panic_s_mc_h24_l4,2024-02-25 20:11:00+00:00,2024-02-25 22:11:00+00:00,122.03623145,2.4423547572816138,120,4.0
2024,Intp20Stage12XtzCoreRocFilterStrategy,SUI/USDT:USDT,SUI,long,s9_25_sui_vwap_l_lc_h18_l5,2024-02-26 00:21:00+00:00,2024-02-26 01:51:00+00:00,-5.20972934,-0.10414251862484744,90,5.0
2024,Intp20Stage12XtzCoreRocFilterStrategy,AAVE/USDT:USDT,AAVE,long,s9_01_aave_panic_l_mc_h24_l4,2024-02-26 09:46:00+00:00,2024-02-26 11:46:00+00:00,145.885872,2.9163841315856596,120,4.0
2024,Intp20Stage12XtzCoreRocFilterStrategy,XRP/USDT:USDT,XRP,short,s9_10_xrp_rsi_s_mx_h24_l4,2024-02-26 16:16:00+00:00,2024-02-26 18:16:00+00:00,-163.40090326,-3.26966129140568,120,4.0
2024,Intp20Stage12XtzCoreRocFilterStrategy,XRP/USDT:USDT,XRP,short,s9_10_xrp_rsi_s_mx_h24_l4,2024-02-27 02:41:00+00:00,2024-02-27 04:41:00+00:00,48.10992685,0.9626812689755841,120,4.0
2024,Intp20Stage12XtzCoreRocFilterStrategy,APT/USDT:USDT,APT,long,s11_06_apt_vstretch_l_mchop_h12m_l5,2024-02-27 07:05:00+00:00,2024-02-27 07:17:00+00:00,-62.14944885,-1.2423909959976898,12,5.0
2024,Intp20Stage12XtzCoreRocFilterStrategy,MKR/USDT:USDT,MKR,short,s9_07_mkr_range_s_mc_h24_l4,2024-02-27 07:11:00+00:00,2024-02-27 09:11:00+00:00,-44.4307344,-0.8890892332613193,120,4.0
2024,Intp20Stage12XtzCoreRocFilterStrategy,APT/USDT:USDT,APT,long,s11_06_apt_vstretch_l_mchop_h12m_l5,2024-02-27 13:29:00+00:00,2024-02-27 13:41:00+00:00,65.513682,1.3096691742677664,12,5.0
2024,Intp20Stage12XtzCoreRocFilterStrategy,SOL/USDT:USDT,SOL,short,s9_02_sol_panic_s_mc_h24_l4,2024-02-28 11:01:00+00:00,2024-02-28 13:01:00+00:00,479.0677155,9.587829136861599,120,4.0
2024,Intp20Stage12XtzCoreRocFilterStrategy,MKR/USDT:USDT,MKR,short,s9_07_mkr_range_s_mc_h24_l4,2024-02-28 14:31:00+00:00,2024-02-28 16:31:00+00:00,39.441385,0.7892886113989352,120,4.0
2024,Intp20Stage12XtzCoreRocFilterStrategy,XRP/USDT:USDT,XRP,short,s9_10_xrp_rsi_s_mx_h24_l4,2024-02-28 16:31:00+00:00,2024-02-28 18:31:00+00:00,1222.877535,24.469793912526328,120,4.0
2024,Intp20Stage12XtzCoreRocFilterStrategy,SOL/USDT:USDT,SOL,short,s9_02_sol_panic_s_mc_h24_l4,2024-02-29 00:06:00+00:00,2024-02-29 02:06:00+00:00,-710.0332756,-14.215996478180204,120,4.0
2024,Intp20Stage12XtzCoreRocFilterStrategy,SOL/USDT:USDT,SOL,short,s9_02_sol_panic_s_mc_h24_l4,2024-02-29 05:36:00+00:00,2024-02-29 07:36:00+00:00,146.2377294,2.927836439058851,120,4.0
2024,Intp20Stage12XtzCoreRocFilterStrategy,DOGE/USDT:USDT,DOGE,long,s10_04_doge_maoff_l_ma_h12m_l5,2024-02-29 14:04:00+00:00,2024-02-29 14:16:00+00:00,213.80806125,4.27402848692204,12,5.0
2024,Intp20Stage12XtzCoreRocFilterStrategy,MKR/USDT:USDT,MKR,short,s9_07_mkr_range_s_mc_h24_l4,2024-02-29 14:46:00+00:00,2024-02-29 16:46:00+00:00,317.69497605,6.357686458835693,120,4.0
2024,Intp20Stage12XtzCoreRocFilterStrategy,LTC/USDT:USDT,LTC,long,s10_07_ltc_maoff_l_mc_h3m_l5,2024-03-01 03:26:00+00:00,2024-03-01 03:29:00+00:00,-99.52720331,-1.9895504407185578,3,5.0
2024,Intp20Stage12XtzCoreRocFilterStrategy,DOGE/USDT:USDT,DOGE,long,s10_04_doge_maoff_l_ma_h12m_l5,2024-03-01 10:10:00+00:00,2024-03-01 10:22:00+00:00,-74.25228644,-1.484310407214264,12,5.0
2024,Intp20Stage12XtzCoreRocFilterStrategy,MKR/USDT:USDT,MKR,long,s9_11_mkr_micro_l_mchop_h18_l5,2024-03-02 03:36:00+00:00,2024-03-02 05:06:00+00:00,-155.05836255,-3.099849906223028,90,5.0
2024,Intp20Stage12XtzCoreRocFilterStrategy,XLM/USDT:USDT,XLM,long,s10_06_xlm_maoff_l_ma_h12m_l5,2024-03-02 10:44:00+00:00,2024-03-02 10:56:00+00:00,-213.39385901,-4.265764251347004,12,5.0
2024,Intp20Stage12XtzCoreRocFilterStrategy,XLM/USDT:USDT,XLM,long,s9_04_xlm_panic_l_mc_h12_l4,2024-03-03 00:56:00+00:00,2024-03-03 01:56:00+00:00,109.78535914,2.1946235086676817,60,4.0
2024,Intp20Stage12XtzCoreRocFilterStrategy,SUI/USDT:USDT,SUI,long,s9_25_sui_vwap_l_lc_h18_l5,2024-03-03 01:31:00+00:00,2024-03-03 03:01:00+00:00,-49.77220424,-0.994948340316489,90,5.0
2024,Intp20Stage12XtzCoreRocFilterStrategy,MKR/USDT:USDT,MKR,short,s9_07_mkr_range_s_mc_h24_l4,2024-03-03 05:16:00+00:00,2024-03-03 07:16:00+00:00,441.33486685,8.831737915539007,120,4.0
2024,Intp20Stage12XtzCoreRocFilterStrategy,LTC/USDT:USDT,LTC,short,s9_16_ltc_vwap_s_lc_h18_l5,2024-03-04 05:11:00+00:00,2024-03-04 06:41:00+00:00,-88.70817441,-1.7750569636977958,90,5.0
2024,Intp20Stage12XtzCoreRocFilterStrategy,DOGE/USDT:USDT,DOGE,long,s10_04_doge_maoff_l_ma_h12m_l5,2024-03-04 07:03:00+00:00,2024-03-04 07:15:00+00:00,204.00450268,4.0780611710397014,12,5.0
2024,Intp20Stage12XtzCoreRocFilterStrategy,LTC/USDT:USDT,LTC,long,s10_05_ltc_maoff_l_mchop_h12m_l5,2024-03-04 10:04:00+00:00,2024-03-04 10:16:00+00:00,-33.19523041,-0.6635744114479656,12,5.0
2024,Intp20Stage12XtzCoreRocFilterStrategy,SOL/USDT:USDT,SOL,short,s9_02_sol_panic_s_mc_h24_l4,2024-03-04 08:31:00+00:00,2024-03-04 10:31:00+00:00,-164.6986948,-3.2956247388281867,120,4.0
2024,Intp20Stage12XtzCoreRocFilterStrategy,OP/USDT:USDT,OP,long,s10_01_op_maoff_l_mc_h12m_l5,2024-03-04 10:40:00+00:00,2024-03-04 10:52:00+00:00,-6.46603363,-0.12925784291622808,12,5.0
2024,Intp20Stage12XtzCoreRocFilterStrategy,APT/USDT:USDT,APT,long,s11_01_apt_vstretch_l_ma_h12m_l5,2024-03-04 13:22:00+00:00,2024-03-04 13:34:00+00:00,-235.9406231,-4.716652956904939,12,5.0
2024,Intp20Stage12XtzCoreRocFilterStrategy,DOGE/USDT:USDT,DOGE,long,s10_04_doge_maoff_l_ma_h12m_l5,2024-03-04 20:44:00+00:00,2024-03-04 20:56:00+00:00,-440.99387979,-8.815483683547981,12,5.0
2024,Intp20Stage12XtzCoreRocFilterStrategy,APT/USDT:USDT,APT,long,s11_01_apt_vstretch_l_ma_h12m_l5,2024-03-05 00:05:00+00:00,2024-03-05 00:17:00+00:00,382.37846,7.643824070330497,12,5.0
2024,Intp20Stage12XtzCoreRocFilterStrategy,LTC/USDT:USDT,LTC,long,s10_05_ltc_maoff_l_mchop_h12m_l5,2024-03-05 02:32:00+00:00,2024-03-05 02:44:00+00:00,-114.681146,-2.292483188643453,12,5.0
2024,Intp20Stage12XtzCoreRocFilterStrategy,LTC/USDT:USDT,LTC,long,s10_07_ltc_maoff_l_mc_h3m_l5,2024-03-05 04:51:00+00:00,2024-03-05 04:54:00+00:00,79.23170052,1.5838473097160553,3,5.0
2024,Intp20Stage12XtzCoreRocFilterStrategy,XTZ/USDT:USDT,XTZ,long,s11_05_xtz_vstretch_l_mchop_h8m_l5,2024-03-05 11:26:00+00:00,2024-03-05 11:34:00+00:00,-24.9998976,-0.4997501249375312,8,5.0
2024,Intp20Stage12XtzCoreRocFilterStrategy,XLM/USDT:USDT,XLM,long,s10_06_xlm_maoff_l_ma_h12m_l5,2024-03-05 13:33:00+00:00,2024-03-05 13:45:00+00:00,13.56864138,0.2712387851098348,12,5.0
2024,Intp20Stage12XtzCoreRocFilterStrategy,MKR/USDT:USDT,MKR,short,s9_07_mkr_range_s_mc_h24_l4,2024-03-05 13:06:00+00:00,2024-03-05 15:06:00+00:00,529.9071864,10.604066212761456,120,4.0
2024,Intp20Stage12XtzCoreRocFilterStrategy,OP/USDT:USDT,OP,long,s10_01_op_maoff_l_mc_h12m_l5,2024-03-05 16:06:00+00:00,2024-03-05 16:18:00+00:00,-59.2487695,-1.184387817513288,12,5.0
2024,Intp20Stage12XtzCoreRocFilterStrategy,COMP/USDT:USDT,COMP,long,s9_05_comp_rsi_l_mx_h24_l4,2024-03-05 19:21:00+00:00,2024-03-05 21:21:00+00:00,-1296.25349777,-25.912160851286238,120,4.0
2024,Intp20Stage12XtzCoreRocFilterStrategy,AAVE/USDT:USDT,AAVE,long,s9_01_aave_panic_l_mc_h24_l4,2024-03-05 20:01:00+00:00,2024-03-05 22:01:00+00:00,496.5703302,9.926812759011609,120,4.0
2024,Intp20Stage12XtzCoreRocFilterStrategy,XRP/USDT:USDT,XRP,short,s9_10_xrp_rsi_s_mx_h24_l4,2024-03-06 05:26:00+00:00,2024-03-06 07:26:00+00:00,-245.9136742,-4.920740297095252,120,4.0
2024,Intp20Stage12XtzCoreRocFilterStrategy,SOL/USDT:USDT,SOL,short,s9_02_sol_panic_s_mc_h24_l4,2024-03-06 05:51:00+00:00,2024-03-06 07:51:00+00:00,-647.99655525,-12.970947398853031,120,4.0
2024,Intp20Stage12XtzCoreRocFilterStrategy,ETC/USDT:USDT,ETC,long,s10_02_etc_maoff_l_mchop_h18m_l5,2024-03-06 08:43:00+00:00,2024-03-06 09:01:00+00:00,145.6796215,2.912136827760983,18,5.0
2024,Intp20Stage12XtzCoreRocFilterStrategy,XRP/USDT:USDT,XRP,short,s9_10_xrp_rsi_s_mx_h24_l4,2024-03-06 07:56:00+00:00,2024-03-06 09:56:00+00:00,106.66591987,2.134389707432843,120,4.0
2024,Intp20Stage12XtzCoreRocFilterStrategy,DOGE/USDT:USDT,DOGE,long,s10_04_doge_maoff_l_ma_h12m_l5,2024-03-06 11:34:00+00:00,2024-03-06 11:46:00+00:00,-57.7391542,-1.154208197550918,12,5.0
2024,Intp20Stage12XtzCoreRocFilterStrategy,DOGE/USDT:USDT,DOGE,long,s10_04_doge_maoff_l_ma_h12m_l5,2024-03-06 20:25:00+00:00,2024-03-06 20:37:00+00:00,-194.960888,-3.8972829997647604,12,5.0
2024,Intp20Stage12XtzCoreRocFilterStrategy,APT/USDT:USDT,APT,long,s11_01_apt_vstretch_l_ma_h12m_l5,2024-03-07 15:53:00+00:00,2024-03-07 16:05:00+00:00,30.3745216,0.6072165217531591,12,5.0
2024,Intp20Stage12XtzCoreRocFilterStrategy,MKR/USDT:USDT,MKR,long,s9_11_mkr_micro_l_mchop_h18_l5,2024-03-07 22:41:00+00:00,2024-03-08 00:11:00+00:00,72.270186,1.4447533164674782,90,5.0
2024,Intp20Stage12XtzCoreRocFilterStrategy,LTC/USDT:USDT,LTC,short,s9_16_ltc_vwap_s_lc_h18_l5,2024-03-08 02:36:00+00:00,2024-03-08 04:06:00+00:00,-129.47724595,-2.5908472411866352,90,5.0
2024,Intp20Stage12XtzCoreRocFilterStrategy,LTC/USDT:USDT,LTC,long,s10_07_ltc_maoff_l_mc_h3m_l5,2024-03-08 04:38:00+00:00,2024-03-08 04:41:00+00:00,0.51769958,0.010348848142739325,3,5.0
2024,Intp20Stage12XtzCoreRocFilterStrategy,MKR/USDT:USDT,MKR,short,s9_07_mkr_range_s_mc_h24_l4,2024-03-08 09:36:00+00:00,2024-03-08 11:36:00+00:00,119.37225885,2.3887718466525376,120,4.0
2024,Intp20Stage12XtzCoreRocFilterStrategy,DOGE/USDT:USDT,DOGE,short,s11_04_doge_vstretch_s_mchop_h12m_l5,2024-03-09 14:16:00+00:00,2024-03-09 14:28:00+00:00,52.06156908,1.041757992398261,12,5.0
2024,Intp20Stage12XtzCoreRocFilterStrategy,DOGE/USDT:USDT,DOGE,long,s10_04_doge_maoff_l_ma_h12m_l5,2024-03-09 18:59:00+00:00,2024-03-09 19:11:00+00:00,94.99231445,1.8989097934231929,12,5.0
2024,Intp20Stage12XtzCoreRocFilterStrategy,LTC/USDT:USDT,LTC,short,s9_16_ltc_vwap_s_lc_h18_l5,2024-03-09 21:16:00+00:00,2024-03-09 22:46:00+00:00,-293.98143775,-5.882576103779458,90,5.0
2024,Intp20Stage12XtzCoreRocFilterStrategy,SOL/USDT:USDT,SOL,long,s11_02_sol_vstretch_l_mchop_h12m_l5,2024-03-10 11:22:00+00:00,2024-03-10 11:34:00+00:00,-121.9524712,-2.4389448724136122,12,5.0
2024,Intp20Stage12XtzCoreRocFilterStrategy,DOGE/USDT:USDT,DOGE,long,s10_04_doge_maoff_l_ma_h12m_l5,2024-03-10 12:37:00+00:00,2024-03-10 12:49:00+00:00,94.69703845,1.8929955515290606,12,5.0
2024,Intp20Stage12XtzCoreRocFilterStrategy,LTC/USDT:USDT,LTC,long,s10_07_ltc_maoff_l_mc_h3m_l5,2024-03-10 14:42:00+00:00,2024-03-10 14:45:00+00:00,-122.65216148,-2.451820066978005,3,5.0
2024,Intp20Stage12XtzCoreRocFilterStrategy,OP/USDT:USDT,OP,long,s10_01_op_maoff_l_mc_h12m_l5,2024-03-10 22:20:00+00:00,2024-03-10 22:32:00+00:00,24.46469379,0.4890512772039879,12,5.0
2024,Intp20Stage12XtzCoreRocFilterStrategy,MKR/USDT:USDT,MKR,short,s9_07_mkr_range_s_mc_h24_l4,2024-03-11 14:36:00+00:00,2024-03-11 16:36:00+00:00,144.392468,2.8894548629557226,120,4.0
2024,Intp20Stage12XtzCoreRocFilterStrategy,DOGE/USDT:USDT,DOGE,long,s10_04_doge_maoff_l_ma_h12m_l5,2024-03-11 22:11:00+00:00,2024-03-11 22:23:00+00:00,-29.22677094,-0.5842441057452666,12,5.0
2024,Intp20Stage12XtzCoreRocFilterStrategy,XTZ/USDT:USDT,XTZ,long,s11_05_xtz_vstretch_l_mchop_h8m_l5,2024-03-12 00:05:00+00:00,2024-03-12 00:13:00+00:00,-24.9999154,-0.4997501249375312,8,5.0
2024,Intp20Stage12XtzCoreRocFilterStrategy,OP/USDT:USDT,OP,long,s10_01_op_maoff_l_mc_h12m_l5,2024-03-12 06:14:00+00:00,2024-03-12 06:26:00+00:00,-28.36353597,-0.5669926984006314,12,5.0
2024,Intp20Stage12XtzCoreRocFilterStrategy,OP/USDT:USDT,OP,long,s10_01_op_maoff_l_mc_h12m_l5,2024-03-12 08:09:00+00:00,2024-03-12 08:21:00+00:00,-198.74463231,-3.972930323093058,12,5.0
2024,Intp20Stage12XtzCoreRocFilterStrategy,XLM/USDT:USDT,XLM,long,s9_04_xlm_panic_l_mc_h12_l4,2024-03-12 16:31:00+00:00,2024-03-12 17:31:00+00:00,-303.29354991,-6.062867591890503,60,4.0
2024,Intp20Stage12XtzCoreRocFilterStrategy,COMP/USDT:USDT,COMP,long,s9_05_comp_rsi_l_mx_h24_l4,2024-03-12 17:11:00+00:00,2024-03-12 19:11:00+00:00,521.15633976,10.417924753783897,120,4.0
2024,Intp20Stage12XtzCoreRocFilterStrategy,SOL/USDT:USDT,SOL,short,s9_02_sol_panic_s_mc_h24_l4,2024-03-13 11:16:00+00:00,2024-03-13 13:16:00+00:00,-6.330935,-0.12675961790666912,120,4.0
2024,Intp20Stage12XtzCoreRocFilterStrategy,ETC/USDT:USDT,ETC,long,s10_02_etc_maoff_l_mchop_h18m_l5,2024-03-13 14:33:00+00:00,2024-03-13 14:51:00+00:00,21.35109712,0.4268125356571435,18,5.0
2024,Intp20Stage12XtzCoreRocFilterStrategy,MKR/USDT:USDT,MKR,short,s9_24_mkr_vwap_s_mchop_h12_l5,2024-03-13 16:51:00+00:00,2024-03-13 17:51:00+00:00,-205.0236276,-4.102776544942122,60,5.0
2024,Intp20Stage12XtzCoreRocFilterStrategy,SOL/USDT:USDT,SOL,short,s9_02_sol_panic_s_mc_h24_l4,2024-03-13 22:01:00+00:00,2024-03-14 00:01:00+00:00,188.1404019,3.7649509930993386,120,4.0
2024,Intp20Stage12XtzCoreRocFilterStrategy,XTZ/USDT:USDT,XTZ,long,s11_05_xtz_vstretch_l_mchop_h8m_l5,2024-03-14 00:35:00+00:00,2024-03-14 00:43:00+00:00,-24.9999154,-0.4997501249375312,8,5.0
2024,Intp20Stage12XtzCoreRocFilterStrategy,MKR/USDT:USDT,MKR,long,s9_11_mkr_micro_l_mchop_h18_l5,2024-03-14 02:16:00+00:00,2024-03-14 03:46:00+00:00,-710.2038215,-14.196980894001513,90,5.0
2024,Intp20Stage12XtzCoreRocFilterStrategy,MKR/USDT:USDT,MKR,short,s9_07_mkr_range_s_mc_h24_l4,2024-03-14 06:46:00+00:00,2024-03-14 08:46:00+00:00,13.36591575,0.2674887204112966,120,4.0
2024,Intp20Stage12XtzCoreRocFilterStrategy,OP/USDT:USDT,OP,long,s10_01_op_maoff_l_mc_h12m_l5,2024-03-14 10:58:00+00:00,2024-03-14 11:10:00+00:00,-217.18775673,-4.341610609172971,12,5.0
2024,Intp20Stage12XtzCoreRocFilterStrategy,SOL/USDT:USDT,SOL,short,s9_02_sol_panic_s_mc_h24_l4,2024-03-14 09:16:00+00:00,2024-03-14 11:16:00+00:00,257.6318211,5.1588462694959345,120,4.0
2024,Intp20Stage12XtzCoreRocFilterStrategy,MKR/USDT:USDT,MKR,long,s9_11_mkr_micro_l_mchop_h18_l5,2024-03-14 21:51:00+00:00,2024-03-14 23:21:00+00:00,-388.62490615,-7.768704026283108,90,5.0
2024,Intp20Stage12XtzCoreRocFilterStrategy,XLM/USDT:USDT,XLM,long,s9_04_xlm_panic_l_mc_h12_l4,2024-03-15 02:51:00+00:00,2024-03-15 03:51:00+00:00,-247.895718,-4.955455744961057,60,4.0
2024,Intp20Stage12XtzCoreRocFilterStrategy,COMP/USDT:USDT,COMP,long,s9_05_comp_rsi_l_mx_h24_l4,2024-03-15 02:51:00+00:00,2024-03-15 04:51:00+00:00,-856.34179895,-17.118294771993487,120,4.0
2024,Intp20Stage12XtzCoreRocFilterStrategy,XTZ/USDT:USDT,XTZ,long,s11_05_xtz_vstretch_l_mchop_h8m_l5,2024-03-15 08:11:00+00:00,2024-03-15 08:19:00+00:00,-115.07742025,-2.300399908192984,8,5.0
2024,Intp20Stage12XtzCoreRocFilterStrategy,MKR/USDT:USDT,MKR,short,s9_24_mkr_vwap_s_mchop_h12_l5,2024-03-15 07:56:00+00:00,2024-03-15 08:56:00+00:00,949.0759124,18.991863374877376,60,5.0
2024,Intp20Stage12XtzCoreRocFilterStrategy,XLM/USDT:USDT,XLM,long,s9_04_xlm_panic_l_mc_h12_l4,2024-03-15 09:16:00+00:00,2024-03-15 10:16:00+00:00,431.45523555,8.6248164902032,60,4.0
2024,Intp20Stage12XtzCoreRocFilterStrategy,AAVE/USDT:USDT,AAVE,long,s9_01_aave_panic_l_mc_h24_l4,2024-03-15 08:56:00+00:00,2024-03-15 10:56:00+00:00,-37.22719365,-0.7441750763602842,120,4.0
2024,Intp20Stage12XtzCoreRocFilterStrategy,DOGE/USDT:USDT,DOGE,long,s10_04_doge_maoff_l_ma_h12m_l5,2024-03-15 17:51:00+00:00,2024-03-15 18:03:00+00:00,267.96612053,5.356673400272569,12,5.0
2024,Intp20Stage12XtzCoreRocFilterStrategy,XRP/USDT:USDT,XRP,short,s9_10_xrp_rsi_s_mx_h24_l4,2024-03-15 18:56:00+00:00,2024-03-15 20:56:00+00:00,513.80732106,10.28130289793883,120,4.0
2024,Intp20Stage12XtzCoreRocFilterStrategy,OP/USDT:USDT,OP,long,s10_01_op_maoff_l_mc_h12m_l5,2024-03-16 09:48:00+00:00,2024-03-16 10:00:00+00:00,-54.61880746,-1.091840087284642,12,5.0
2024,Intp20Stage12XtzCoreRocFilterStrategy,LTC/USDT:USDT,LTC,long,s10_05_ltc_maoff_l_mchop_h12m_l5,2024-03-16 12:41:00+00:00,2024-03-16 12:53:00+00:00,28.75475169,0.5748088366237174,12,5.0
2024,Intp20Stage12XtzCoreRocFilterStrategy,OP/USDT:USDT,OP,long,s10_01_op_maoff_l_mc_h12m_l5,2024-03-16 21:22:00+00:00,2024-03-16 21:34:00+00:00,179.55655839,3.5893577140900588,12,5.0
2024,Intp20Stage12XtzCoreRocFilterStrategy,XLM/USDT:USDT,XLM,long,s9_04_xlm_panic_l_mc_h12_l4,2024-03-17 07:26:00+00:00,2024-03-17 08:26:00+00:00,348.47093828,6.965955260580148,60,4.0
2024,Intp20Stage12XtzCoreRocFilterStrategy,AAVE/USDT:USDT,AAVE,long,s9_01_aave_panic_l_mc_h24_l4,2024-03-17 07:26:00+00:00,2024-03-17 09:26:00+00:00,917.39151,18.339064328980456,120,4.0
2024,Intp20Stage12XtzCoreRocFilterStrategy,SOL/USDT:USDT,SOL,short,s9_02_sol_panic_s_mc_h24_l4,2024-03-17 10:26:00+00:00,2024-03-17 12:26:00+00:00,-108.03687715,-2.163790574231279,120,4.0
2024,Intp20Stage12XtzCoreRocFilterStrategy,LTC/USDT:USDT,LTC,long,s10_07_ltc_maoff_l_mc_h3m_l5,2024-03-17 23:27:00+00:00,2024-03-17 23:30:00+00:00,4.21830747,0.0843240680875652,3,5.0
2024,Intp20Stage12XtzCoreRocFilterStrategy,MKR/USDT:USDT,MKR,long,s9_11_mkr_micro_l_mchop_h18_l5,2024-03-18 03:36:00+00:00,2024-03-18 05:06:00+00:00,-674.3617695,-13.481997468370682,90,5.0
2024,Intp20Stage12XtzCoreRocFilterStrategy,OP/USDT:USDT,OP,long,s10_01_op_maoff_l_mc_h12m_l5,2024-03-18 07:23:00+00:00,2024-03-18 07:35:00+00:00,38.07956155,0.7612205809299138,12,5.0
2024,Intp20Stage12XtzCoreRocFilterStrategy,MKR/USDT:USDT,MKR,short,s9_07_mkr_range_s_mc_h24_l4,2024-03-18 06:41:00+00:00,2024-03-18 08:41:00+00:00,1.924011,0.03850535335285975,120,4.0
2024,Intp20Stage12XtzCoreRocFilterStrategy,OP/USDT:USDT,OP,long,s10_01_op_maoff_l_mc_h12m_l5,2024-03-18 10:08:00+00:00,2024-03-18 10:20:00+00:00,138.3775725,2.7662017815346123,12,5.0
2024,Intp20Stage12XtzCoreRocFilterStrategy,AAVE/USDT:USDT,AAVE,long,s9_01_aave_panic_l_mc_h24_l4,2024-03-18 08:31:00+00:00,2024-03-18 10:31:00+00:00,-135.4442102,-2.7075898162252794,120,4.0
2024,Intp20Stage12XtzCoreRocFilterStrategy,DOGE/USDT:USDT,DOGE,short,s11_04_doge_vstretch_s_mchop_h12m_l5,2024-03-19 11:51:00+00:00,2024-03-19 12:03:00+00:00,-344.14331787,-6.886340941416134,12,5.0
2024,Intp20Stage12XtzCoreRocFilterStrategy,APT/USDT:USDT,APT,long,s11_01_apt_vstretch_l_ma_h12m_l5,2024-03-19 16:14:00+00:00,2024-03-19 16:26:00+00:00,559.3232502,11.181213402207582,12,5.0
2024,Intp20Stage12XtzCoreRocFilterStrategy,DOGE/USDT:USDT,DOGE,short,s11_04_doge_vstretch_s_mchop_h12m_l5,2024-03-19 19:14:00+00:00,2024-03-19 19:26:00+00:00,-155.98364652,-3.121250107278156,12,5.0
2024,Intp20Stage12XtzCoreRocFilterStrategy,MKR/USDT:USDT,MKR,long,s9_11_mkr_micro_l_mchop_h18_l5,2024-03-19 20:01:00+00:00,2024-03-19 21:31:00+00:00,-750.9998321,-15.013562665447166,90,5.0
2024,Intp20Stage12XtzCoreRocFilterStrategy,XLM/USDT:USDT,XLM,long,s9_04_xlm_panic_l_mc_h12_l4,2024-03-20 04:41:00+00:00,2024-03-20 05:41:00+00:00,-105.37717095,-2.1064921856130807,60,4.0
2024,Intp20Stage12XtzCoreRocFilterStrategy,AAVE/USDT:USDT,AAVE,long,s9_01_aave_panic_l_mc_h24_l4,2024-03-20 04:41:00+00:00,2024-03-20 06:41:00+00:00,311.14646995,6.220138426853209,120,4.0
2024,Intp20Stage12XtzCoreRocFilterStrategy,XTZ/USDT:USDT,XTZ,long,s11_05_xtz_vstretch_l_mchop_h8m_l5,2024-03-20 08:43:00+00:00,2024-03-20 08:51:00+00:00,-3.51461235,-0.07025721876808802,8,5.0
2024,Intp20Stage12XtzCoreRocFilterStrategy,ETC/USDT:USDT,ETC,long,s10_02_etc_maoff_l_mchop_h18m_l5,2024-03-20 08:59:00+00:00,2024-03-20 09:17:00+00:00,39.46863012,0.7889866476540988,18,5.0
2024,Intp20Stage12XtzCoreRocFilterStrategy,APT/USDT:USDT,APT,long,s11_01_apt_vstretch_l_ma_h12m_l5,2024-03-20 12:46:00+00:00,2024-03-20 12:58:00+00:00,-135.803745,-2.714828838352442,12,5.0
2024,Intp20Stage12XtzCoreRocFilterStrategy,SUI/USDT:USDT,SUI,long,s9_25_sui_vwap_l_lc_h18_l5,2024-03-20 14:11:00+00:00,2024-03-20 15:41:00+00:00,-514.30018365,-10.280922377244824,90,5.0
2024,Intp20Stage12XtzCoreRocFilterStrategy,APT/USDT:USDT,APT,long,s11_01_apt_vstretch_l_ma_h12m_l5,2024-03-20 23:22:00+00:00,2024-03-20 23:34:00+00:00,-47.4895456,-0.9493164057636885,12,5.0
2024,Intp20Stage12XtzCoreRocFilterStrategy,DOGE/USDT:USDT,DOGE,short,s11_04_doge_vstretch_s_mchop_h12m_l5,2024-03-21 08:06:00+00:00,2024-03-21 08:18:00+00:00,-108.50323806,-2.1711549148996685,12,5.0
2024,Intp20Stage12XtzCoreRocFilterStrategy,MKR/USDT:USDT,MKR,long,s9_11_mkr_micro_l_mchop_h18_l5,2024-03-21 12:16:00+00:00,2024-03-21 13:46:00+00:00,356.995812,7.137177120461328,90,5.0
2024,Intp20Stage12XtzCoreRocFilterStrategy,LTC/USDT:USDT,LTC,long,s10_07_ltc_maoff_l_mc_h3m_l5,2024-03-22 01:53:00+00:00,2024-03-22 01:56:00+00:00,19.24651166,0.384738571571256,3,5.0
2024,Intp20Stage12XtzCoreRocFilterStrategy,OP/USDT:USDT,OP,long,s10_01_op_maoff_l_mc_h12m_l5,2024-03-23 03:21:00+00:00,2024-03-23 03:33:00+00:00,-150.25051575,-3.0035479071972246,12,5.0
2024,Intp20Stage12XtzCoreRocFilterStrategy,SOL/USDT:USDT,SOL,short,s9_02_sol_panic_s_mc_h24_l4,2024-03-23 07:26:00+00:00,2024-03-23 09:26:00+00:00,155.012835,3.1020205575131743,120,4.0
2024,Intp20Stage12XtzCoreRocFilterStrategy,SUI/USDT:USDT,SUI,long,s9_25_sui_vwap_l_lc_h18_l5,2024-03-23 08:41:00+00:00,2024-03-23 10:11:00+00:00,-235.6674096,-4.710993449411126,90,5.0
2024,Intp20Stage12XtzCoreRocFilterStrategy,DOGE/USDT:USDT,DOGE,long,s10_04_doge_maoff_l_ma_h12m_l5,2024-03-23 10:39:00+00:00,2024-03-23 10:51:00+00:00,135.55191948,2.709691737598395,12,5.0
2024,Intp20Stage12XtzCoreRocFilterStrategy,DOGE/USDT:USDT,DOGE,long,s10_04_doge_maoff_l_ma_h12m_l5,2024-03-24 09:43:00+00:00,2024-03-24 09:55:00+00:00,-1.923519,-0.03845119287398148,12,5.0
2024,Intp20Stage12XtzCoreRocFilterStrategy,MKR/USDT:USDT,MKR,long,s9_11_mkr_micro_l_mchop_h18_l5,2024-03-25 02:31:00+00:00,2024-03-25 04:01:00+00:00,212.6759526,4.251401858126055,90,5.0
2024,Intp20Stage12XtzCoreRocFilterStrategy,MKR/USDT:USDT,MKR,short,s9_07_mkr_range_s_mc_h24_l4,2024-03-25 06:56:00+00:00,2024-03-25 08:56:00+00:00,-147.9479639,-2.960525116135233,120,4.0
2024,Intp20Stage12XtzCoreRocFilterStrategy,OP/USDT:USDT,OP,long,s10_01_op_maoff_l_mc_h12m_l5,2024-03-25 13:30:00+00:00,2024-03-25 13:42:00+00:00,-115.62534107,-2.3113542504381157,12,5.0
2024,Intp20Stage12XtzCoreRocFilterStrategy,XRP/USDT:USDT,XRP,short,s9_10_xrp_rsi_s_mx_h24_l4,2024-03-25 16:41:00+00:00,2024-03-25 18:41:00+00:00,47.694854,0.9543753885246484,120,4.0
2024,Intp20Stage12XtzCoreRocFilterStrategy,SUI/USDT:USDT,SUI,long,s9_25_sui_vwap_l_lc_h18_l5,2024-03-25 21:31:00+00:00,2024-03-25 23:01:00+00:00,-4.66958846,-0.09334555131918552,90,5.0
2024,Intp20Stage12XtzCoreRocFilterStrategy,MKR/USDT:USDT,MKR,long,s9_11_mkr_micro_l_mchop_h18_l5,2024-03-26 00:41:00+00:00,2024-03-26 02:11:00+00:00,-307.1468912,-6.140448432611586,90,5.0
2024,Intp20Stage12XtzCoreRocFilterStrategy,MKR/USDT:USDT,MKR,short,s9_07_mkr_range_s_mc_h24_l4,2024-03-26 03:11:00+00:00,2024-03-26 05:11:00+00:00,-48.5315606,-0.9712284228046782,120,4.0
2024,Intp20Stage12XtzCoreRocFilterStrategy,OP/USDT:USDT,OP,long,s10_01_op_maoff_l_mc_h12m_l5,2024-03-26 11:11:00+00:00,2024-03-26 11:23:00+00:00,-93.46568166,-1.868381562970306,12,5.0
2024,Intp20Stage12XtzCoreRocFilterStrategy,SUI/USDT:USDT,SUI,long,s9_25_sui_vwap_l_lc_h18_l5,2024-03-26 13:46:00+00:00,2024-03-26 15:16:00+00:00,114.15942626,2.2820512221055878,90,5.0
2024,Intp20Stage12XtzCoreRocFilterStrategy,APT/USDT:USDT,APT,long,s11_07_apt_vstretch_l_ma_h12m_l5,2024-03-26 21:45:00+00:00,2024-03-26 21:57:00+00:00,-3.414741,-0.06826302861958504,12,5.0
2024,Intp20Stage12XtzCoreRocFilterStrategy,SOL/USDT:USDT,SOL,short,s9_02_sol_panic_s_mc_h24_l4,2024-03-26 23:01:00+00:00,2024-03-27 01:01:00+00:00,-45.578832,-0.9128523977813716,120,4.0
2024,Intp20Stage12XtzCoreRocFilterStrategy,MKR/USDT:USDT,MKR,short,s9_24_mkr_vwap_s_mchop_h12_l5,2024-03-27 06:01:00+00:00,2024-03-27 07:01:00+00:00,-118.0085016,-2.3615377789303724,60,5.0
2024,Intp20Stage12XtzCoreRocFilterStrategy,SUI/USDT:USDT,SUI,long,s9_25_sui_vwap_l_lc_h18_l5,2024-03-27 14:16:00+00:00,2024-03-27 15:46:00+00:00,1006.86505411,20.127345885455085,90,5.0
2024,Intp20Stage12XtzCoreRocFilterStrategy,MKR/USDT:USDT,MKR,long,s9_11_mkr_micro_l_mchop_h18_l5,2024-03-27 21:21:00+00:00,2024-03-27 22:51:00+00:00,23.6093331,0.4719516286721225,90,5.0
2024,Intp20Stage12XtzCoreRocFilterStrategy,DOGE/USDT:USDT,DOGE,long,s10_04_doge_maoff_l_ma_h12m_l5,2024-03-28 04:49:00+00:00,2024-03-28 05:01:00+00:00,136.4226512,2.7270941567722673,12,5.0
2024,Intp20Stage12XtzCoreRocFilterStrategy,LTC/USDT:USDT,LTC,short,s9_16_ltc_vwap_s_lc_h18_l5,2024-03-28 11:01:00+00:00,2024-03-28 12:31:00+00:00,16.77016391,0.33557118816166254,90,5.0
2024,Intp20Stage12XtzCoreRocFilterStrategy,XRP/USDT:USDT,XRP,long,s10_03_xrp_maoff_l_ma_h18m_l5,2024-03-28 18:21:00+00:00,2024-03-28 18:39:00+00:00,-40.8298484,-0.8161899411396615,18,5.0
2024,Intp20Stage12XtzCoreRocFilterStrategy,LTC/USDT:USDT,LTC,short,s9_16_ltc_vwap_s_lc_h18_l5,2024-03-29 01:21:00+00:00,2024-03-29 02:51:00+00:00,118.18614038,2.364905552532441,90,5.0
2024,Intp20Stage12XtzCoreRocFilterStrategy,MKR/USDT:USDT,MKR,long,s9_11_mkr_micro_l_mchop_h18_l5,2024-03-29 03:06:00+00:00,2024-03-29 04:36:00+00:00,1043.3908788,20.85850756503695,90,5.0
2024,Intp20Stage12XtzCoreRocFilterStrategy,ETH/USDT:USDT,ETH,long,s9_15_eth_micro_l_mc_h18_l5,2024-03-29 04:41:00+00:00,2024-03-29 06:11:00+00:00,-179.94255278,-3.597417439848695,90,5.0
2024,Intp20Stage12XtzCoreRocFilterStrategy,AAVE/USDT:USDT,AAVE,long,s9_01_aave_panic_l_mc_h24_l4,2024-03-29 07:46:00+00:00,2024-03-29 09:46:00+00:00,40.3443984,0.8064922098848893,120,4.0
2024,Intp20Stage12XtzCoreRocFilterStrategy,APT/USDT:USDT,APT,long,s11_01_apt_vstretch_l_ma_h12m_l5,2024-03-30 00:05:00+00:00,2024-03-30 00:17:00+00:00,162.8850874,3.2561097627917217,12,5.0
2024,Intp20Stage12XtzCoreRocFilterStrategy,DOGE/USDT:USDT,DOGE,long,s10_04_doge_maoff_l_ma_h12m_l5,2024-03-30 01:10:00+00:00,2024-03-30 01:22:00+00:00,186.15748484,3.721312320895543,12,5.0
2024,Intp20Stage12XtzCoreRocFilterStrategy,LTC/USDT:USDT,LTC,short,s9_16_ltc_vwap_s_lc_h18_l5,2024-03-30 23:26:00+00:00,2024-03-31 00:56:00+00:00,-464.11668887,-9.286984606465648,90,5.0
2024,Intp20Stage12XtzCoreRocFilterStrategy,MKR/USDT:USDT,MKR,short,s9_07_mkr_range_s_mc_h24_l4,2024-03-31 10:46:00+00:00,2024-03-31 12:46:00+00:00,-26.1452925,-0.5231825772365566,120,4.0
2024,Intp20Stage12XtzCoreRocFilterStrategy,SOL/USDT:USDT,SOL,short,s9_02_sol_panic_s_mc_h24_l4,2024-03-31 18:56:00+00:00,2024-03-31 20:56:00+00:00,-81.9701242,-1.640850154847872,120,4.0
2024,Intp20Stage12XtzCoreRocFilterStrategy,SOL/USDT:USDT,SOL,short,s9_02_sol_panic_s_mc_h24_l4,2024-03-31 23:46:00+00:00,2024-04-01 01:46:00+00:00,-17.73329975,-0.35484461430892744,120,4.0
2024,Intp20Stage12XtzCoreRocFilterStrategy,XLM/USDT:USDT,XLM,long,s9_04_xlm_panic_l_mc_h12_l4,2024-04-01 05:56:00+00:00,2024-04-01 06:56:00+00:00,155.78767522,3.114198433540082,60,4.0
2024,Intp20Stage12XtzCoreRocFilterStrategy,AAVE/USDT:USDT,AAVE,long,s9_01_aave_panic_l_mc_h24_l4,2024-04-01 15:16:00+00:00,2024-04-01 17:16:00+00:00,-559.3432401,-11.181806922108347,120,4.0
2024,Intp20Stage12XtzCoreRocFilterStrategy,SOL/USDT:USDT,SOL,long,s11_02_sol_vstretch_l_mchop_h12m_l5,2024-04-01 18:10:00+00:00,2024-04-01 18:22:00+00:00,130.1420295,2.6024387024177704,12,5.0
2024,Intp20Stage12XtzCoreRocFilterStrategy,MKR/USDT:USDT,MKR,long,s9_11_mkr_micro_l_mchop_h18_l5,2024-04-02 01:46:00+00:00,2024-04-02 03:16:00+00:00,-309.7328424,-6.192135400408925,90,5.0
2024,Intp20Stage12XtzCoreRocFilterStrategy,AAVE/USDT:USDT,AAVE,long,s9_01_aave_panic_l_mc_h24_l4,2024-04-02 02:46:00+00:00,2024-04-02 04:46:00+00:00,-447.4085376,-8.94372179847653,120,4.0
2024,Intp20Stage12XtzCoreRocFilterStrategy,DOGE/USDT:USDT,DOGE,long,s10_04_doge_maoff_l_ma_h12m_l5,2024-04-03 02:16:00+00:00,2024-04-03 02:28:00+00:00,135.14147149,2.7014789368296515,12,5.0
2024,Intp20Stage12XtzCoreRocFilterStrategy,LTC/USDT:USDT,LTC,short,s9_16_ltc_vwap_s_lc_h18_l5,2024-04-03 14:41:00+00:00,2024-04-03 16:11:00+00:00,563.55665858,11.276810963066918,90,5.0
2024,Intp20Stage12XtzCoreRocFilterStrategy,LTC/USDT:USDT,LTC,long,s10_05_ltc_maoff_l_mchop_h12m_l5,2024-04-04 05:20:00+00:00,2024-04-04 05:32:00+00:00,177.20453268,3.5423316057932994,12,5.0
2024,Intp20Stage12XtzCoreRocFilterStrategy,SUI/USDT:USDT,SUI,long,s9_25_sui_vwap_l_lc_h18_l5,2024-04-04 07:11:00+00:00,2024-04-04 08:41:00+00:00,-94.39681436,-1.8870048517848084,90,5.0
2024,Intp20Stage12XtzCoreRocFilterStrategy,SOL/USDT:USDT,SOL,short,s9_02_sol_panic_s_mc_h24_l4,2024-04-04 18:06:00+00:00,2024-04-04 20:06:00+00:00,496.374124,9.937452708663624,120,4.0
2024,Intp20Stage12XtzCoreRocFilterStrategy,MKR/USDT:USDT,MKR,short,s9_24_mkr_vwap_s_mchop_h12_l5,2024-04-05 04:26:00+00:00,2024-04-05 05:26:00+00:00,533.21614885,10.670887817799931,60,5.0
2024,Intp20Stage12XtzCoreRocFilterStrategy,XTZ/USDT:USDT,XTZ,short,s9_08_xtz_rsi_s_lc_h24_l4,2024-04-05 08:26:00+00:00,2024-04-05 10:26:00+00:00,461.3926912,9.232523238363369,120,4.0
2024,Intp20Stage12XtzCoreRocFilterStrategy,MKR/USDT:USDT,MKR,short,s9_07_mkr_range_s_mc_h24_l4,2024-04-06 22:26:00+00:00,2024-04-07 00:26:00+00:00,35.1394911,0.7031883586468222,120,4.0
2024,Intp20Stage12XtzCoreRocFilterStrategy,SOL/USDT:USDT,SOL,short,s9_02_sol_panic_s_mc_h24_l4,2024-04-07 01:41:00+00:00,2024-04-07 03:41:00+00:00,25.6615026,0.5138951159009891,120,4.0
2024,Intp20Stage12XtzCoreRocFilterStrategy,MKR/USDT:USDT,MKR,short,s9_07_mkr_range_s_mc_h24_l4,2024-04-07 16:51:00+00:00,2024-04-07 18:51:00+00:00,223.805489,4.478718000840507,120,4.0
2024,Intp20Stage12XtzCoreRocFilterStrategy,ETH/USDT:USDT,ETH,long,s9_15_eth_micro_l_mc_h18_l5,2024-04-07 22:51:00+00:00,2024-04-08 00:21:00+00:00,71.22879428,1.4240035925546772,90,5.0
2024,Intp20Stage12XtzCoreRocFilterStrategy,LTC/USDT:USDT,LTC,short,s9_16_ltc_vwap_s_lc_h18_l5,2024-04-08 00:51:00+00:00,2024-04-08 02:21:00+00:00,-52.19278874,-1.0443796715515297,90,5.0
2024,Intp20Stage12XtzCoreRocFilterStrategy,SOL/USDT:USDT,SOL,short,s9_02_sol_panic_s_mc_h24_l4,2024-04-08 07:41:00+00:00,2024-04-08 09:41:00+00:00,-549.9599099,-11.011276262232418,120,4.0
2024,Intp20Stage12XtzCoreRocFilterStrategy,MKR/USDT:USDT,MKR,long,s9_11_mkr_micro_l_mchop_h18_l5,2024-04-08 13:21:00+00:00,2024-04-08 14:51:00+00:00,-120.56312855,-2.4101698947086976,90,5.0
2024,Intp20Stage12XtzCoreRocFilterStrategy,MKR/USDT:USDT,MKR,long,s9_11_mkr_micro_l_mchop_h18_l5,2024-04-08 16:11:00+00:00,2024-04-08 17:41:00+00:00,247.1703882,4.941399869676924,90,5.0
2024,Intp20Stage12XtzCoreRocFilterStrategy,DOGE/USDT:USDT,DOGE,long,s10_04_doge_maoff_l_ma_h12m_l5,2024-04-09 03:23:00+00:00,2024-04-09 03:35:00+00:00,-113.56784373,-2.2702317654512068,12,5.0
2024,Intp20Stage12XtzCoreRocFilterStrategy,LTC/USDT:USDT,LTC,short,s9_16_ltc_vwap_s_lc_h18_l5,2024-04-09 12:11:00+00:00,2024-04-09 13:41:00+00:00,-54.99998625,-1.1005502751375689,90,5.0
2024,Intp20Stage12XtzCoreRocFilterStrategy,AAVE/USDT:USDT,AAVE,long,s9_01_aave_panic_l_mc_h24_l4,2024-04-09 14:36:00+00:00,2024-04-09 16:36:00+00:00,187.9453352,3.7572084231931075,120,4.0
2024,Intp20Stage12XtzCoreRocFilterStrategy,APT/USDT:USDT,APT,long,s11_01_apt_vstretch_l_ma_h12m_l5,2024-04-10 06:52:00+00:00,2024-04-10 07:04:00+00:00,-203.329865,-4.0647154119614965,12,5.0
2024,Intp20Stage12XtzCoreRocFilterStrategy,LTC/USDT:USDT,LTC,long,s10_07_ltc_maoff_l_mc_h3m_l5,2024-04-10 08:06:00+00:00,2024-04-10 08:09:00+00:00,34.44481492,0.6885520829813888,3,5.0
2024,Intp20Stage12XtzCoreRocFilterStrategy,XTZ/USDT:USDT,XTZ,long,s11_05_xtz_vstretch_l_mchop_h8m_l5,2024-04-11 00:19:00+00:00,2024-04-11 00:27:00+00:00,-24.9999378,-0.49975012493753135,8,5.0
2024,Intp20Stage12XtzCoreRocFilterStrategy,SOL/USDT:USDT,SOL,short,s9_02_sol_panic_s_mc_h24_l4,2024-04-10 22:31:00+00:00,2024-04-11 00:31:00+00:00,276.6734256,5.536337170198167,120,4.0
2024,Intp20Stage12XtzCoreRocFilterStrategy,MKR/USDT:USDT,MKR,short,s9_07_mkr_range_s_mc_h24_l4,2024-04-11 01:11:00+00:00,2024-04-11 03:11:00+00:00,-285.3483629,-5.710292069018902,120,4.0
2024,Intp20Stage12XtzCoreRocFilterStrategy,MKR/USDT:USDT,MKR,long,s9_11_mkr_micro_l_mchop_h18_l5,2024-04-11 04:11:00+00:00,2024-04-11 05:41:00+00:00,32.4994125,0.6497459360247296,90,5.0
2024,Intp20Stage12XtzCoreRocFilterStrategy,XLM/USDT:USDT,XLM,long,s9_04_xlm_panic_l_mc_h12_l4,2024-04-11 13:46:00+00:00,2024-04-11 14:46:00+00:00,-3.00038169,-0.059977741991508925,60,4.0
2024,Intp20Stage12XtzCoreRocFilterStrategy,DOGE/USDT:USDT,DOGE,long,s10_04_doge_maoff_l_ma_h12m_l5,2024-04-12 12:04:00+00:00,2024-04-12 12:16:00+00:00,-71.51264121,-1.4295438185212725,12,5.0
2024,Intp20Stage12XtzCoreRocFilterStrategy,LTC/USDT:USDT,LTC,short,s9_16_ltc_vwap_s_lc_h18_l5,2024-04-13 15:51:00+00:00,2024-04-13 17:21:00+00:00,845.04950494,16.909470259817663,90,5.0
2024,Intp20Stage12XtzCoreRocFilterStrategy,AAVE/USDT:USDT,AAVE,long,s9_01_aave_panic_l_mc_h24_l4,2024-04-13 17:21:00+00:00,2024-04-13 19:21:00+00:00,-380.176846,-7.599803701752728,120,4.0
2024,Intp20Stage12XtzCoreRocFilterStrategy,LTC/USDT:USDT,LTC,long,s10_07_ltc_maoff_l_mc_h3m_l5,2024-04-14 03:09:00+00:00,2024-04-14 03:12:00+00:00,-156.01768453,-3.11880225513167,3,5.0
2024,Intp20Stage12XtzCoreRocFilterStrategy,COMP/USDT:USDT,COMP,long,s9_05_comp_rsi_l_mx_h24_l4,2024-04-14 03:16:00+00:00,2024-04-14 05:16:00+00:00,1020.80737503,20.405963954813515,120,4.0
2024,Intp20Stage12XtzCoreRocFilterStrategy,XLM/USDT:USDT,XLM,long,s9_04_xlm_panic_l_mc_h12_l4,2024-04-14 11:21:00+00:00,2024-04-14 12:21:00+00:00,24.49633764,0.48968281579855594,60,4.0
2024,Intp20Stage12XtzCoreRocFilterStrategy,DOGE/USDT:USDT,DOGE,long,s10_04_doge_maoff_l_ma_h12m_l5,2024-04-14 12:59:00+00:00,2024-04-14 13:11:00+00:00,209.33355849,4.184589567801576,12,5.0
2024,Intp20Stage12XtzCoreRocFilterStrategy,LTC/USDT:USDT,LTC,short,s9_16_ltc_vwap_s_lc_h18_l5,2024-04-14 12:56:00+00:00,2024-04-14 14:26:00+00:00,521.78955756,10.441036481636853,90,5.0
2024,Intp20Stage12XtzCoreRocFilterStrategy,XTZ/USDT:USDT,XTZ,short,s9_08_xtz_rsi_s_lc_h24_l4,2024-04-14 12:51:00+00:00,2024-04-14 14:51:00+00:00,348.0430165,6.964372796272289,120,4.0
2024,Intp20Stage12XtzCoreRocFilterStrategy,MKR/USDT:USDT,MKR,long,s9_11_mkr_micro_l_mchop_h18_l5,2024-04-14 15:31:00+00:00,2024-04-14 17:01:00+00:00,141.4013168,2.8268570437852767,90,5.0
2024,Intp20Stage12XtzCoreRocFilterStrategy,DOGE/USDT:USDT,DOGE,long,s10_04_doge_maoff_l_ma_h12m_l5,2024-04-14 23:35:00+00:00,2024-04-14 23:47:00+00:00,-83.4033103,-1.6672374847144025,12,5.0
2024,Intp20Stage12XtzCoreRocFilterStrategy,APT/USDT:USDT,APT,long,s11_01_apt_vstretch_l_ma_h12m_l5,2024-04-14 23:52:00+00:00,2024-04-15 00:04:00+00:00,-166.3435572,-3.3253329337845217,12,5.0
2024,Intp20Stage12XtzCoreRocFilterStrategy,OP/USDT:USDT,OP,long,s10_01_op_maoff_l_mc_h12m_l5,2024-04-15 16:19:00+00:00,2024-04-15 16:31:00+00:00,-78.55403248,-1.5703066208761967,12,5.0
2024,Intp20Stage12XtzCoreRocFilterStrategy,COMP/USDT:USDT,COMP,long,s9_05_comp_rsi_l_mx_h24_l4,2024-04-15 19:06:00+00:00,2024-04-15 21:06:00+00:00,551.25459188,11.01958318159378,120,4.0
2024,Intp20Stage12XtzCoreRocFilterStrategy,XLM/USDT:USDT,XLM,long,s10_06_xlm_maoff_l_ma_h12m_l5,2024-04-16 00:21:00+00:00,2024-04-16 00:33:00+00:00,-174.23478464,-3.4829543048557836,12,5.0
2024,Intp20Stage12XtzCoreRocFilterStrategy,LTC/USDT:USDT,LTC,long,s10_07_ltc_maoff_l_mc_h3m_l5,2024-04-16 04:13:00+00:00,2024-04-16 04:16:00+00:00,118.25048796,2.3638343694602213,3,5.0
2024,Intp20Stage12XtzCoreRocFilterStrategy,MKR/USDT:USDT,MKR,long,s9_11_mkr_micro_l_mchop_h18_l5,2024-04-16 06:31:00+00:00,2024-04-16 08:01:00+00:00,408.682584,8.170394557520401,90,5.0
2024,Intp20Stage12XtzCoreRocFilterStrategy,SOL/USDT:USDT,SOL,short,s9_02_sol_panic_s_mc_h24_l4,2024-04-16 07:41:00+00:00,2024-04-16 09:41:00+00:00,106.6260864,2.1344005336001333,120,4.0
2024,Intp20Stage12XtzCoreRocFilterStrategy,XLM/USDT:USDT,XLM,long,s9_04_xlm_panic_l_mc_h12_l4,2024-04-16 10:36:00+00:00,2024-04-16 11:36:00+00:00,318.23372574,6.361496058054622,60,4.0
2024,Intp20Stage12XtzCoreRocFilterStrategy,XLM/USDT:USDT,XLM,long,s10_06_xlm_maoff_l_ma_h12m_l5,2024-04-16 12:08:00+00:00,2024-04-16 12:20:00+00:00,-15.67624176,-0.31336943468564227,12,5.0
2024,Intp20Stage12XtzCoreRocFilterStrategy,LTC/USDT:USDT,LTC,long,s10_07_ltc_maoff_l_mc_h3m_l5,2024-04-16 15:33:00+00:00,2024-04-16 15:36:00+00:00,36.10977707,0.72183627593809,3,5.0
2024,Intp20Stage12XtzCoreRocFilterStrategy,SOL/USDT:USDT,SOL,long,s11_02_sol_vstretch_l_mchop_h12m_l5,2024-04-16 19:37:00+00:00,2024-04-16 19:49:00+00:00,-21.39478065,-0.4278583526789605,12,5.0
2024,Intp20Stage12XtzCoreRocFilterStrategy,MKR/USDT:USDT,MKR,short,s9_07_mkr_range_s_mc_h24_l4,2024-04-17 01:16:00+00:00,2024-04-17 03:16:00+00:00,9.6744603,0.19359016796376688,120,4.0
2024,Intp20Stage12XtzCoreRocFilterStrategy,DOGE/USDT:USDT,DOGE,short,s11_04_doge_vstretch_s_mchop_h12m_l5,2024-04-17 08:29:00+00:00,2024-04-17 08:41:00+00:00,-23.40284936,-0.4682917411710133,12,5.0
2024,Intp20Stage12XtzCoreRocFilterStrategy,XLM/USDT:USDT,XLM,long,s9_04_xlm_panic_l_mc_h12_l4,2024-04-17 14:26:00+00:00,2024-04-17 15:26:00+00:00,70.0365673,1.4000318973477512,60,4.0
2024,Intp20Stage12XtzCoreRocFilterStrategy,AAVE/USDT:USDT,AAVE,long,s9_01_aave_panic_l_mc_h24_l4,2024-04-17 14:26:00+00:00,2024-04-17 16:26:00+00:00,33.2093352,0.6638664938553107,120,4.0
2024,Intp20Stage12XtzCoreRocFilterStrategy,MKR/USDT:USDT,MKR,short,s9_07_mkr_range_s_mc_h24_l4,2024-04-18 17:06:00+00:00,2024-04-18 19:06:00+00:00,301.604932,6.035904245757376,120,4.0
2024,Intp20Stage12XtzCoreRocFilterStrategy,COMP/USDT:USDT,COMP,long,s9_05_comp_rsi_l_mx_h24_l4,2024-04-19 01:46:00+00:00,2024-04-19 03:46:00+00:00,496.94914059,9.93401801918407,120,4.0
2024,Intp20Stage12XtzCoreRocFilterStrategy,AAVE/USDT:USDT,AAVE,long,s9_01_aave_panic_l_mc_h24_l4,2024-04-19 01:51:00+00:00,2024-04-19 03:51:00+00:00,441.910614,8.833832837760077,120,4.0
2024,Intp20Stage12XtzCoreRocFilterStrategy,XRP/USDT:USDT,XRP,short,s9_10_xrp_rsi_s_mx_h24_l4,2024-04-19 06:56:00+00:00,2024-04-19 08:56:00+00:00,-64.0396056,-1.2814330334434927,120,4.0
2024,Intp20Stage12XtzCoreRocFilterStrategy,DOGE/USDT:USDT,DOGE,long,s10_04_doge_maoff_l_ma_h12m_l5,2024-04-19 09:32:00+00:00,2024-04-19 09:44:00+00:00,8.02818557,0.16048416212223013,12,5.0
2024,Intp20Stage12XtzCoreRocFilterStrategy,MKR/USDT:USDT,MKR,long,s9_11_mkr_micro_l_mchop_h18_l5,2024-04-20 04:11:00+00:00,2024-04-20 05:41:00+00:00,9.2027169,0.1839713802498477,90,5.0
2024,Intp20Stage12XtzCoreRocFilterStrategy,LTC/USDT:USDT,LTC,short,s9_16_ltc_vwap_s_lc_h18_l5,2024-04-21 02:41:00+00:00,2024-04-21 04:11:00+00:00,-51.57439462,-1.0320057915866208,90,5.0
2024,Intp20Stage12XtzCoreRocFilterStrategy,SOL/USDT:USDT,SOL,short,s9_02_sol_panic_s_mc_h24_l4,2024-04-21 03:16:00+00:00,2024-04-21 05:16:00+00:00,148.4230296,2.9709056723685308,120,4.0
2024,Intp20Stage12XtzCoreRocFilterStrategy,MKR/USDT:USDT,MKR,short,s9_07_mkr_range_s_mc_h24_l4,2024-04-22 15:01:00+00:00,2024-04-22 17:01:00+00:00,70.1211042,1.4031563674294,120,4.0
2024,Intp20Stage12XtzCoreRocFilterStrategy,LTC/USDT:USDT,LTC,short,s9_16_ltc_vwap_s_lc_h18_l5,2024-04-23 09:21:00+00:00,2024-04-23 10:51:00+00:00,10.48291021,0.20976323366790384,90,5.0
2024,Intp20Stage12XtzCoreRocFilterStrategy,SOL/USDT:USDT,SOL,short,s9_02_sol_panic_s_mc_h24_l4,2024-04-24 01:36:00+00:00,2024-04-24 03:36:00+00:00,115.05788525,2.3040250701038083,120,4.0
2024,Intp20Stage12XtzCoreRocFilterStrategy,ETC/USDT:USDT,ETC,long,s11_03_etc_vstretch_l_mchop_h12m_l5,2024-04-24 05:33:00+00:00,2024-04-24 05:45:00+00:00,-7.26639992,-0.14525578486793647,12,5.0
2024,Intp20Stage12XtzCoreRocFilterStrategy,MKR/USDT:USDT,MKR,long,s9_11_mkr_micro_l_mchop_h18_l5,2024-04-24 08:11:00+00:00,2024-04-24 09:41:00+00:00,-77.76005265,-1.5545017837989,90,5.0
2024,Intp20Stage12XtzCoreRocFilterStrategy,MKR/USDT:USDT,MKR,long,s9_11_mkr_micro_l_mchop_h18_l5,2024-04-24 11:26:00+00:00,2024-04-24 12:56:00+00:00,-222.802797,-4.4542300843640525,90,5.0
2024,Intp20Stage12XtzCoreRocFilterStrategy,SUI/USDT:USDT,SUI,long,s9_25_sui_vwap_l_lc_h18_l5,2024-04-24 13:16:00+00:00,2024-04-24 14:46:00+00:00,-925.95683422,-18.50994243392749,90,5.0
2024,Intp20Stage12XtzCoreRocFilterStrategy,MKR/USDT:USDT,MKR,long,s9_11_mkr_micro_l_mchop_h18_l5,2024-04-25 01:06:00+00:00,2024-04-25 02:36:00+00:00,-526.4776439,-10.524834319276605,90,5.0
2024,Intp20Stage12XtzCoreRocFilterStrategy,LTC/USDT:USDT,LTC,short,s9_16_ltc_vwap_s_lc_h18_l5,2024-04-25 04:11:00+00:00,2024-04-25 05:41:00+00:00,-278.62694236,-5.57533716157934,90,5.0
2024,Intp20Stage12XtzCoreRocFilterStrategy,LTC/USDT:USDT,LTC,long,s10_07_ltc_maoff_l_mc_h3m_l5,2024-04-25 08:35:00+00:00,2024-04-25 08:38:00+00:00,-18.9424053,-0.3786591552708494,3,5.0
2024,Intp20Stage12XtzCoreRocFilterStrategy,XTZ/USDT:USDT,XTZ,long,s11_05_xtz_vstretch_l_mchop_h8m_l5,2024-04-25 19:37:00+00:00,2024-04-25 19:45:00+00:00,-24.9999422,-0.4997501249375312,8,5.0
2024,Intp20Stage12XtzCoreRocFilterStrategy,MKR/USDT:USDT,MKR,long,s9_11_mkr_micro_l_mchop_h18_l5,2024-04-26 17:46:00+00:00,2024-04-26 19:16:00+00:00,379.36186615,7.584066644249264,90,5.0
2024,Intp20Stage12XtzCoreRocFilterStrategy,AAVE/USDT:USDT,AAVE,long,s9_01_aave_panic_l_mc_h24_l4,2024-04-27 01:16:00+00:00,2024-04-27 03:16:00+00:00,143.8694551,2.875984300915693,120,4.0
2024,Intp20Stage12XtzCoreRocFilterStrategy,ETC/USDT:USDT,ETC,long,s11_03_etc_vstretch_l_mchop_h12m_l5,2024-04-27 05:48:00+00:00,2024-04-27 06:00:00+00:00,60.3482775,1.2063726413199076,12,5.0
2024,Intp20Stage12XtzCoreRocFilterStrategy,ETH/USDT:USDT,ETH,long,s9_15_eth_micro_l_mc_h18_l5,2024-04-27 12:06:00+00:00,2024-04-27 13:36:00+00:00,64.6606633,1.2925812484694685,90,5.0
2024,Intp20Stage12XtzCoreRocFilterStrategy,ETH/USDT:USDT,ETH,long,s9_15_eth_micro_l_mc_h18_l5,2024-04-27 17:11:00+00:00,2024-04-27 18:41:00+00:00,693.86988901,13.871279861380504,90,5.0
2024,Intp20Stage12XtzCoreRocFilterStrategy,XLM/USDT:USDT,XLM,long,s10_06_xlm_maoff_l_ma_h12m_l5,2024-04-29 13:25:00+00:00,2024-04-29 13:37:00+00:00,-131.33926524,-2.625475563658265,12,5.0
2024,Intp20Stage12XtzCoreRocFilterStrategy,SOL/USDT:USDT,SOL,short,s9_02_sol_panic_s_mc_h24_l4,2024-04-29 22:36:00+00:00,2024-04-30 00:36:00+00:00,-146.9916238,-2.942015492485055,120,4.0
2024,Intp20Stage12XtzCoreRocFilterStrategy,OP/USDT:USDT,OP,long,s10_01_op_maoff_l_mc_h12m_l5,2024-04-30 04:27:00+00:00,2024-04-30 04:39:00+00:00,88.14108736,1.7619581201177619,12,5.0
2024,Intp20Stage12XtzCoreRocFilterStrategy,OP/USDT:USDT,OP,long,s10_01_op_maoff_l_mc_h12m_l5,2024-04-30 07:35:00+00:00,2024-04-30 07:47:00+00:00,-122.49343187,-2.448646960760555,12,5.0
2024,Intp20Stage12XtzCoreRocFilterStrategy,OP/USDT:USDT,OP,long,s10_01_op_maoff_l_mc_h12m_l5,2024-05-01 01:11:00+00:00,2024-05-01 01:23:00+00:00,81.38898267,1.6269781240485157,12,5.0
2024,Intp20Stage12XtzCoreRocFilterStrategy,XLM/USDT:USDT,XLM,long,s9_04_xlm_panic_l_mc_h12_l4,2024-05-01 08:26:00+00:00,2024-05-01 09:26:00+00:00,307.76775847,6.152286511065454,60,4.0
2024,Intp20Stage12XtzCoreRocFilterStrategy,AAVE/USDT:USDT,AAVE,long,s9_01_aave_panic_l_mc_h24_l4,2024-05-01 08:26:00+00:00,2024-05-01 10:26:00+00:00,219.74583435,4.392778992400024,120,4.0
2024,Intp20Stage12XtzCoreRocFilterStrategy,OP/USDT:USDT,OP,long,s10_01_op_maoff_l_mc_h12m_l5,2024-05-01 13:23:00+00:00,2024-05-01 13:35:00+00:00,-46.1510001,-0.9225668043238865,12,5.0
2024,Intp20Stage12XtzCoreRocFilterStrategy,MKR/USDT:USDT,MKR,long,s9_11_mkr_micro_l_mchop_h18_l5,2024-05-01 21:26:00+00:00,2024-05-01 22:56:00+00:00,108.51112765,2.1692781887958943,90,5.0
2024,Intp20Stage12XtzCoreRocFilterStrategy,XRP/USDT:USDT,XRP,long,s10_03_xrp_maoff_l_ma_h18m_l5,2024-05-02 12:31:00+00:00,2024-05-02 12:49:00+00:00,8.871499,0.17734161579163943,18,5.0
2024,Intp20Stage12XtzCoreRocFilterStrategy,SOL/USDT:USDT,SOL,short,s9_02_sol_panic_s_mc_h24_l4,2024-05-02 11:56:00+00:00,2024-05-02 13:56:00+00:00,262.8932752,5.262627984543296,120,4.0
2024,Intp20Stage12XtzCoreRocFilterStrategy,SOL/USDT:USDT,SOL,short,s9_02_sol_panic_s_mc_h24_l4,2024-05-03 12:51:00+00:00,2024-05-03 14:51:00+00:00,-239.03110855,-4.7841749645489395,120,4.0
2024,Intp20Stage12XtzCoreRocFilterStrategy,MKR/USDT:USDT,MKR,short,s9_07_mkr_range_s_mc_h24_l4,2024-05-04 05:51:00+00:00,2024-05-04 07:51:00+00:00,24.056608,0.4814352404303714,120,4.0
2024,Intp20Stage12XtzCoreRocFilterStrategy,SOL/USDT:USDT,SOL,short,s9_02_sol_panic_s_mc_h24_l4,2024-05-04 11:06:00+00:00,2024-05-04 13:06:00+00:00,211.9573344,4.241567285299247,120,4.0
2024,Intp20Stage12XtzCoreRocFilterStrategy,ETC/USDT:USDT,ETC,long,s11_03_etc_vstretch_l_mchop_h12m_l5,2024-05-04 17:19:00+00:00,2024-05-04 17:31:00+00:00,-74.81966385,-1.4956522624819624,12,5.0
2024,Intp20Stage12XtzCoreRocFilterStrategy,MKR/USDT:USDT,MKR,short,s9_24_mkr_vwap_s_mchop_h12_l5,2024-05-06 02:36:00+00:00,2024-05-06 03:36:00+00:00,144.2702414,2.8870849468983497,60,5.0
2024,Intp20Stage12XtzCoreRocFilterStrategy,XRP/USDT:USDT,XRP,long,s10_03_xrp_maoff_l_ma_h18m_l5,2024-05-06 09:29:00+00:00,2024-05-06 09:47:00+00:00,21.15345465,0.42285838979291296,18,5.0
2024,Intp20Stage12XtzCoreRocFilterStrategy,SOL/USDT:USDT,SOL,short,s9_02_sol_panic_s_mc_h24_l4,2024-05-07 08:26:00+00:00,2024-05-07 10:26:00+00:00,153.58516155,3.07430291413014,120,4.0
2024,Intp20Stage12XtzCoreRocFilterStrategy,OP/USDT:USDT,OP,long,s10_01_op_maoff_l_mc_h12m_l5,2024-05-07 21:50:00+00:00,2024-05-07 22:02:00+00:00,141.33279132,2.825270236983229,12,5.0
2024,Intp20Stage12XtzCoreRocFilterStrategy,MKR/USDT:USDT,MKR,short,s9_24_mkr_vwap_s_mchop_h12_l5,2024-05-08 10:36:00+00:00,2024-05-08 11:36:00+00:00,170.85548475,3.419079898290598,60,5.0
2024,Intp20Stage12XtzCoreRocFilterStrategy,LTC/USDT:USDT,LTC,short,s9_16_ltc_vwap_s_lc_h18_l5,2024-05-08 11:11:00+00:00,2024-05-08 12:41:00+00:00,-203.57104075,-4.073460828610698,90,5.0
2024,Intp20Stage12XtzCoreRocFilterStrategy,ETH/USDT:USDT,ETH,long,s9_15_eth_micro_l_mc_h18_l5,2024-05-08 13:56:00+00:00,2024-05-08 15:26:00+00:00,-269.23751012,-5.382287274148272,90,5.0
2024,Intp20Stage12XtzCoreRocFilterStrategy,SOL/USDT:USDT,SOL,short,s9_02_sol_panic_s_mc_h24_l4,2024-05-08 18:31:00+00:00,2024-05-08 20:31:00+00:00,738.7531251,14.792027572870422,120,4.0
2024,Intp20Stage12XtzCoreRocFilterStrategy,XLM/USDT:USDT,XLM,long,s9_04_xlm_panic_l_mc_h12_l4,2024-05-08 20:26:00+00:00,2024-05-08 21:26:00+00:00,-23.7255375,-0.4742759549309307,60,4.0
2024,Intp20Stage12XtzCoreRocFilterStrategy,ETC/USDT:USDT,ETC,long,s11_03_etc_vstretch_l_mchop_h12m_l5,2024-05-09 00:27:00+00:00,2024-05-09 00:39:00+00:00,118.09593479,2.3607589540041185,12,5.0
2024,Intp20Stage12XtzCoreRocFilterStrategy,MKR/USDT:USDT,MKR,short,s9_24_mkr_vwap_s_mchop_h12_l5,2024-05-09 01:11:00+00:00,2024-05-09 02:11:00+00:00,-84.176136,-1.6845157272513809,60,5.0
2024,Intp20Stage12XtzCoreRocFilterStrategy,SUI/USDT:USDT,SUI,long,s9_25_sui_vwap_l_lc_h18_l5,2024-05-09 13:51:00+00:00,2024-05-09 15:21:00+00:00,172.77640263,3.4538136202911573,90,5.0
2024,Intp20Stage12XtzCoreRocFilterStrategy,MKR/USDT:USDT,MKR,short,s9_07_mkr_range_s_mc_h24_l4,2024-05-10 05:06:00+00:00,2024-05-10 07:06:00+00:00,-71.4525138,-1.4299225001015885,120,4.0
2024,Intp20Stage12XtzCoreRocFilterStrategy,COMP/USDT:USDT,COMP,long,s9_05_comp_rsi_l_mx_h24_l4,2024-05-10 14:56:00+00:00,2024-05-10 16:56:00+00:00,-149.68810675,-2.992268508023876,120,4.0
2024,Intp20Stage12XtzCoreRocFilterStrategy,SOL/USDT:USDT,SOL,long,s11_02_sol_vstretch_l_mchop_h12m_l5,2024-05-10 19:51:00+00:00,2024-05-10 20:03:00+00:00,125.9061744,2.5175963265716654,12,5.0
2024,Intp20Stage12XtzCoreRocFilterStrategy,SOL/USDT:USDT,SOL,short,s9_02_sol_panic_s_mc_h24_l4,2024-05-11 15:11:00+00:00,2024-05-11 17:11:00+00:00,29.7723816,0.5960051305472939,120,4.0
2024,Intp20Stage12XtzCoreRocFilterStrategy,SOL/USDT:USDT,SOL,short,s9_02_sol_panic_s_mc_h24_l4,2024-05-12 16:26:00+00:00,2024-05-12 18:26:00+00:00,87.52516685,1.7518111632910176,120,4.0
2024,Intp20Stage12XtzCoreRocFilterStrategy,MKR/USDT:USDT,MKR,short,s9_07_mkr_range_s_mc_h24_l4,2024-05-13 14:56:00+00:00,2024-05-13 16:56:00+00:00,82.5479355,1.6520066732982088,120,4.0
2024,Intp20Stage12XtzCoreRocFilterStrategy,MKR/USDT:USDT,MKR,short,s9_07_mkr_range_s_mc_h24_l4,2024-05-15 05:51:00+00:00,2024-05-15 07:51:00+00:00,-270.21159675,-5.407245535269026,120,4.0
2024,Intp20Stage12XtzCoreRocFilterStrategy,XTZ/USDT:USDT,XTZ,long,s11_05_xtz_vstretch_l_mchop_h8m_l5,2024-05-15 08:38:00+00:00,2024-05-15 08:46:00+00:00,-24.9999134,-0.4997501249375312,8,5.0
2024,Intp20Stage12XtzCoreRocFilterStrategy,XTZ/USDT:USDT,XTZ,long,s11_05_xtz_vstretch_l_mchop_h8m_l5,2024-05-15 11:14:00+00:00,2024-05-15 11:22:00+00:00,-111.0647107,-2.2201872657241988,8,5.0
2024,Intp20Stage12XtzCoreRocFilterStrategy,SOL/USDT:USDT,SOL,short,s9_02_sol_panic_s_mc_h24_l4,2024-05-15 13:41:00+00:00,2024-05-15 15:41:00+00:00,13.5934968,0.27221167655462475,120,4.0
2024,Intp20Stage12XtzCoreRocFilterStrategy,SOL/USDT:USDT,SOL,short,s9_02_sol_panic_s_mc_h24_l4,2024-05-16 00:16:00+00:00,2024-05-16 02:16:00+00:00,-110.2200794,-2.2071614328306257,120,4.0
2024,Intp20Stage12XtzCoreRocFilterStrategy,SUI/USDT:USDT,SUI,long,s9_25_sui_vwap_l_lc_h18_l5,2024-05-16 05:36:00+00:00,2024-05-16 07:06:00+00:00,505.03737375,10.095709720897126,90,5.0
2024,Intp20Stage12XtzCoreRocFilterStrategy,MKR/USDT:USDT,MKR,short,s9_07_mkr_range_s_mc_h24_l4,2024-05-17 05:41:00+00:00,2024-05-17 07:41:00+00:00,-446.7342396,-8.939789809444248,120,4.0
2024,Intp20Stage12XtzCoreRocFilterStrategy,SUI/USDT:USDT,SUI,long,s9_25_sui_vwap_l_lc_h18_l5,2024-05-18 07:21:00+00:00,2024-05-18 08:51:00+00:00,51.3080898,1.0256531922822596,90,5.0
2024,Intp20Stage12XtzCoreRocFilterStrategy,SUI/USDT:USDT,SUI,long,s9_25_sui_vwap_l_lc_h18_l5,2024-05-18 10:11:00+00:00,2024-05-18 11:41:00+00:00,-66.64569471,-1.3322505413959689,90,5.0
2024,Intp20Stage12XtzCoreRocFilterStrategy,SOL/USDT:USDT,SOL,short,s9_02_sol_panic_s_mc_h24_l4,2024-05-19 10:41:00+00:00,2024-05-19 12:41:00+00:00,477.289675,9.555900977137439,120,4.0
2024,Intp20Stage12XtzCoreRocFilterStrategy,AAVE/USDT:USDT,AAVE,long,s9_01_aave_panic_l_mc_h24_l4,2024-05-20 01:21:00+00:00,2024-05-20 03:21:00+00:00,328.8694464,6.574354332267829,120,4.0
2024,Intp20Stage12XtzCoreRocFilterStrategy,SOL/USDT:USDT,SOL,short,s9_02_sol_panic_s_mc_h24_l4,2024-05-20 05:16:00+00:00,2024-05-20 07:16:00+00:00,24.6554917,0.49345463817820295,120,4.0
2024,Intp20Stage12XtzCoreRocFilterStrategy,ETC/USDT:USDT,ETC,long,s10_02_etc_maoff_l_mchop_h18m_l5,2024-05-20 17:39:00+00:00,2024-05-20 17:57:00+00:00,47.69199996,0.9533672869812654,18,5.0
2024,Intp20Stage12XtzCoreRocFilterStrategy,LTC/USDT:USDT,LTC,long,s10_07_ltc_maoff_l_mc_h3m_l5,2024-05-21 13:53:00+00:00,2024-05-21 13:56:00+00:00,-16.53821379,-0.33060002338823813,3,5.0
2024,Intp20Stage12XtzCoreRocFilterStrategy,AAVE/USDT:USDT,AAVE,long,s9_01_aave_panic_l_mc_h24_l4,2024-05-21 16:01:00+00:00,2024-05-21 18:01:00+00:00,182.7296736,3.652856382530043,120,4.0
2024,Intp20Stage12XtzCoreRocFilterStrategy,MKR/USDT:USDT,MKR,short,s9_07_mkr_range_s_mc_h24_l4,2024-05-22 02:16:00+00:00,2024-05-22 04:16:00+00:00,-25.9229113,-0.5187240377194254,120,4.0
2024,Intp20Stage12XtzCoreRocFilterStrategy,XRP/USDT:USDT,XRP,long,s10_03_xrp_maoff_l_ma_h18m_l5,2024-05-22 08:30:00+00:00,2024-05-22 08:48:00+00:00,26.46273319,0.5289903259315671,18,5.0
2024,Intp20Stage12XtzCoreRocFilterStrategy,DOGE/USDT:USDT,DOGE,long,s10_04_doge_maoff_l_ma_h12m_l5,2024-05-24 12:31:00+00:00,2024-05-24 12:43:00+00:00,28.88218539,0.5773559526687275,12,5.0
2024,Intp20Stage12XtzCoreRocFilterStrategy,MKR/USDT:USDT,MKR,long,s9_11_mkr_micro_l_mchop_h18_l5,2024-05-26 14:51:00+00:00,2024-05-26 16:21:00+00:00,-117.11019445,-2.3412418645843682,90,5.0
2024,Intp20Stage12XtzCoreRocFilterStrategy,ETH/USDT:USDT,ETH,long,s9_15_eth_micro_l_mc_h18_l5,2024-05-26 16:46:00+00:00,2024-05-26 18:16:00+00:00,-234.0687976,-4.679301282235683,90,5.0
2024,Intp20Stage12XtzCoreRocFilterStrategy,SOL/USDT:USDT,SOL,short,s9_02_sol_panic_s_mc_h24_l4,2024-05-27 15:51:00+00:00,2024-05-27 17:51:00+00:00,-70.5159504,-1.411737447671204,120,4.0
2024,Intp20Stage12XtzCoreRocFilterStrategy,SOL/USDT:USDT,SOL,short,s9_02_sol_panic_s_mc_h24_l4,2024-05-28 10:21:00+00:00,2024-05-28 12:21:00+00:00,-23.2856503,-0.4662163261816393,120,4.0
2024,Intp20Stage12XtzCoreRocFilterStrategy,OP/USDT:USDT,OP,long,s10_01_op_maoff_l_mc_h12m_l5,2024-05-29 15:34:00+00:00,2024-05-29 15:46:00+00:00,15.6912504,0.3136712614420041,12,5.0
2024,Intp20Stage12XtzCoreRocFilterStrategy,OP/USDT:USDT,OP,long,s10_01_op_maoff_l_mc_h12m_l5,2024-05-30 01:07:00+00:00,2024-05-30 01:19:00+00:00,161.38314189,3.2260601414477024,12,5.0
2024,Intp20Stage12XtzCoreRocFilterStrategy,OP/USDT:USDT,OP,long,s10_01_op_maoff_l_mc_h12m_l5,2024-05-30 06:08:00+00:00,2024-05-30 06:20:00+00:00,-12.95287136,-0.25893039819985547,12,5.0
2024,Intp20Stage12XtzCoreRocFilterStrategy,MKR/USDT:USDT,MKR,short,s9_07_mkr_range_s_mc_h24_l4,2024-05-30 05:11:00+00:00,2024-05-30 07:11:00+00:00,83.25986625,1.6660938599984976,120,4.0
2024,Intp20Stage12XtzCoreRocFilterStrategy,XTZ/USDT:USDT,XTZ,short,s9_08_xtz_rsi_s_lc_h24_l4,2024-05-30 10:31:00+00:00,2024-05-30 12:31:00+00:00,-252.42843325,-5.051099995615548,120,4.0
2024,Intp20Stage12XtzCoreRocFilterStrategy,MKR/USDT:USDT,MKR,short,s9_07_mkr_range_s_mc_h24_l4,2024-05-30 13:36:00+00:00,2024-05-30 15:36:00+00:00,-130.9361856,-2.6201457662973984,120,4.0
2024,Intp20Stage12XtzCoreRocFilterStrategy,ETH/USDT:USDT,ETH,long,s9_15_eth_micro_l_mc_h18_l5,2024-05-31 10:06:00+00:00,2024-05-31 11:36:00+00:00,233.8972204,4.6756689968247445,90,5.0
2024,Intp20Stage12XtzCoreRocFilterStrategy,XTZ/USDT:USDT,XTZ,short,s9_08_xtz_rsi_s_lc_h24_l4,2024-05-31 10:11:00+00:00,2024-05-31 12:11:00+00:00,-61.6874013,-1.2343671835917958,120,4.0
2024,Intp20Stage12XtzCoreRocFilterStrategy,SUI/USDT:USDT,SUI,long,s9_25_sui_vwap_l_lc_h18_l5,2024-06-01 01:16:00+00:00,2024-06-01 02:46:00+00:00,-76.24875474,-1.5242159172391534,90,5.0
2024,Intp20Stage12XtzCoreRocFilterStrategy,MKR/USDT:USDT,MKR,short,s9_07_mkr_range_s_mc_h24_l4,2024-06-02 14:41:00+00:00,2024-06-02 16:41:00+00:00,-78.9892823,-1.5806073722476177,120,4.0
2024,Intp20Stage12XtzCoreRocFilterStrategy,SUI/USDT:USDT,SUI,long,s9_25_sui_vwap_l_lc_h18_l5,2024-06-03 04:51:00+00:00,2024-06-03 06:21:00+00:00,115.17512864,2.30235979795188,90,5.0
2024,Intp20Stage12XtzCoreRocFilterStrategy,LTC/USDT:USDT,LTC,short,s9_16_ltc_vwap_s_lc_h18_l5,2024-06-03 12:36:00+00:00,2024-06-03 14:06:00+00:00,-33.96175461,-0.6795766209869535,90,5.0
2024,Intp20Stage12XtzCoreRocFilterStrategy,APT/USDT:USDT,APT,long,s11_01_apt_vstretch_l_ma_h12m_l5,2024-06-04 04:28:00+00:00,2024-06-04 04:40:00+00:00,-27.7905589,-0.5555477399816625,12,5.0
2024,Intp20Stage12XtzCoreRocFilterStrategy,OP/USDT:USDT,OP,long,s10_01_op_maoff_l_mc_h12m_l5,2024-06-04 09:19:00+00:00,2024-06-04 09:31:00+00:00,17.59821525,0.3517887625833652,12,5.0
2024,Intp20Stage12XtzCoreRocFilterStrategy,MKR/USDT:USDT,MKR,short,s9_07_mkr_range_s_mc_h24_l4,2024-06-04 12:46:00+00:00,2024-06-04 14:46:00+00:00,-141.5666328,-2.8331062002139187,120,4.0
2024,Intp20Stage12XtzCoreRocFilterStrategy,SOL/USDT:USDT,SOL,short,s9_02_sol_panic_s_mc_h24_l4,2024-06-04 16:06:00+00:00,2024-06-04 18:06:00+00:00,-184.52085055,-3.6922758440001897,120,4.0
2024,Intp20Stage12XtzCoreRocFilterStrategy,MKR/USDT:USDT,MKR,short,s9_07_mkr_range_s_mc_h24_l4,2024-06-07 05:26:00+00:00,2024-06-07 07:26:00+00:00,-109.3519766,-2.188251501790316,120,4.0
2024,Intp20Stage12XtzCoreRocFilterStrategy,SUI/USDT:USDT,SUI,long,s9_25_sui_vwap_l_lc_h18_l5,2024-06-07 10:16:00+00:00,2024-06-07 11:46:00+00:00,228.16322635,4.560998856404392,90,5.0
2024,Intp20Stage12XtzCoreRocFilterStrategy,MKR/USDT:USDT,MKR,short,s9_07_mkr_range_s_mc_h24_l4,2024-06-07 10:41:00+00:00,2024-06-07 12:41:00+00:00,131.1531616,2.6244834434483875,120,4.0
2024,Intp20Stage12XtzCoreRocFilterStrategy,DOGE/USDT:USDT,DOGE,short,s11_04_doge_vstretch_s_mchop_h12m_l5,2024-06-07 15:01:00+00:00,2024-06-07 15:13:00+00:00,-4.84986452,-0.09704610634707606,12,5.0
2024,Intp20Stage12XtzCoreRocFilterStrategy,OP/USDT:USDT,OP,long,s10_01_op_maoff_l_mc_h12m_l5,2024-06-10 18:36:00+00:00,2024-06-10 18:48:00+00:00,120.28926008,2.404584933843608,12,5.0
2024,Intp20Stage12XtzCoreRocFilterStrategy,LTC/USDT:USDT,LTC,short,s9_16_ltc_vwap_s_lc_h18_l5,2024-06-11 07:41:00+00:00,2024-06-11 09:11:00+00:00,-379.1019375,-7.585839251672169,90,5.0
2024,Intp20Stage12XtzCoreRocFilterStrategy,SOL/USDT:USDT,SOL,short,s9_02_sol_panic_s_mc_h24_l4,2024-06-12 10:16:00+00:00,2024-06-12 12:16:00+00:00,118.8234792,2.3786701091774387,120,4.0
2024,Intp20Stage12XtzCoreRocFilterStrategy,XLM/USDT:USDT,XLM,long,s9_04_xlm_panic_l_mc_h12_l4,2024-06-12 19:56:00+00:00,2024-06-12 20:56:00+00:00,287.97429528,5.756618953851677,60,4.0
2024,Intp20Stage12XtzCoreRocFilterStrategy,AAVE/USDT:USDT,AAVE,long,s9_01_aave_panic_l_mc_h24_l4,2024-06-12 19:56:00+00:00,2024-06-12 21:56:00+00:00,319.0710512,6.378445968692686,120,4.0
2024,Intp20Stage12XtzCoreRocFilterStrategy,COMP/USDT:USDT,COMP,long,s9_05_comp_rsi_l_mx_h24_l4,2024-06-12 19:56:00+00:00,2024-06-12 21:56:00+00:00,403.38792384,8.06374422471064,120,4.0
2024,Intp20Stage12XtzCoreRocFilterStrategy,XTZ/USDT:USDT,XTZ,long,s11_05_xtz_vstretch_l_mchop_h8m_l5,2024-06-13 05:31:00+00:00,2024-06-13 05:39:00+00:00,-54.81795375,-1.0958124756237633,8,5.0
2024,Intp20Stage12XtzCoreRocFilterStrategy,MKR/USDT:USDT,MKR,short,s9_24_mkr_vwap_s_mchop_h12_l5,2024-06-14 00:11:00+00:00,2024-06-14 01:11:00+00:00,168.4456968,3.3706292207353563,60,5.0
2024,Intp20Stage12XtzCoreRocFilterStrategy,AAVE/USDT:USDT,AAVE,long,s9_01_aave_panic_l_mc_h24_l4,2024-06-14 15:56:00+00:00,2024-06-14 17:56:00+00:00,-360.8269413,-7.2130621228076786,120,4.0
2024,Intp20Stage12XtzCoreRocFilterStrategy,MKR/USDT:USDT,MKR,short,s9_24_mkr_vwap_s_mchop_h12_l5,2024-06-16 01:31:00+00:00,2024-06-16 02:31:00+00:00,-80.32548615,-1.6074074773235674,60,5.0
2024,Intp20Stage12XtzCoreRocFilterStrategy,XRP/USDT:USDT,XRP,long,s10_03_xrp_maoff_l_ma_h18m_l5,2024-06-17 14:44:00+00:00,2024-06-17 15:02:00+00:00,160.67164418,3.2118277974817833,18,5.0
2024,Intp20Stage12XtzCoreRocFilterStrategy,ETC/USDT:USDT,ETC,long,s11_03_etc_vstretch_l_mchop_h12m_l5,2024-06-17 23:13:00+00:00,2024-06-17 23:25:00+00:00,-38.47001086,-0.7690224967378836,12,5.0
2024,Intp20Stage12XtzCoreRocFilterStrategy,MKR/USDT:USDT,MKR,long,s9_11_mkr_micro_l_mchop_h18_l5,2024-06-19 16:36:00+00:00,2024-06-19 18:06:00+00:00,338.2599015,6.762147574066931,90,5.0
2024,Intp20Stage12XtzCoreRocFilterStrategy,MKR/USDT:USDT,MKR,short,s9_07_mkr_range_s_mc_h24_l4,2024-06-20 04:16:00+00:00,2024-06-20 06:16:00+00:00,-115.7748909,-2.3169311426303554,120,4.0
2024,Intp20Stage12XtzCoreRocFilterStrategy,MKR/USDT:USDT,MKR,short,s9_07_mkr_range_s_mc_h24_l4,2024-06-20 12:21:00+00:00,2024-06-20 14:21:00+00:00,714.2939183,14.29413667638991,120,4.0
2024,Intp20Stage12XtzCoreRocFilterStrategy,MKR/USDT:USDT,MKR,long,s9_11_mkr_micro_l_mchop_h18_l5,2024-06-20 22:51:00+00:00,2024-06-21 00:21:00+00:00,-128.7532978,-2.573799605387618,90,5.0
2024,Intp20Stage12XtzCoreRocFilterStrategy,AAVE/USDT:USDT,AAVE,long,s9_01_aave_panic_l_mc_h24_l4,2024-06-21 09:01:00+00:00,2024-06-21 11:01:00+00:00,105.61651635,2.111322806701937,120,4.0
2024,Intp20Stage12XtzCoreRocFilterStrategy,LTC/USDT:USDT,LTC,short,s9_16_ltc_vwap_s_lc_h18_l5,2024-06-21 12:11:00+00:00,2024-06-21 13:41:00+00:00,111.8672187,2.238465333898139,90,5.0
2024,Intp20Stage12XtzCoreRocFilterStrategy,SUI/USDT:USDT,SUI,long,s9_25_sui_vwap_l_lc_h18_l5,2024-06-22 06:16:00+00:00,2024-06-22 07:46:00+00:00,-351.88198794,-7.034147812172622,90,5.0
2024,Intp20Stage12XtzCoreRocFilterStrategy,MKR/USDT:USDT,MKR,short,s9_24_mkr_vwap_s_mchop_h12_l5,2024-06-22 10:26:00+00:00,2024-06-22 11:26:00+00:00,-42.23935845,-0.8452827386929475,60,5.0
2024,Intp20Stage12XtzCoreRocFilterStrategy,XTZ/USDT:USDT,XTZ,long,s11_05_xtz_vstretch_l_mchop_h8m_l5,2024-06-24 02:13:00+00:00,2024-06-24 02:21:00+00:00,-24.9999848,-0.4997501249375312,8,5.0
2024,Intp20Stage12XtzCoreRocFilterStrategy,ETC/USDT:USDT,ETC,long,s11_03_etc_vstretch_l_mchop_h12m_l5,2024-06-24 08:13:00+00:00,2024-06-24 08:25:00+00:00,108.32542,2.165435734778231,12,5.0
2024,Intp20Stage12XtzCoreRocFilterStrategy,LTC/USDT:USDT,LTC,short,s9_16_ltc_vwap_s_lc_h18_l5,2024-06-24 08:56:00+00:00,2024-06-24 10:26:00+00:00,399.05921045,7.985182166635188,90,5.0
2024,Intp20Stage12XtzCoreRocFilterStrategy,OP/USDT:USDT,OP,long,s10_01_op_maoff_l_mc_h12m_l5,2024-06-24 20:30:00+00:00,2024-06-24 20:42:00+00:00,116.76435095,2.3341263591949666,12,5.0
2024,Intp20Stage12XtzCoreRocFilterStrategy,ETH/USDT:USDT,ETH,long,s9_15_eth_micro_l_mc_h18_l5,2024-06-24 21:26:00+00:00,2024-06-24 22:56:00+00:00,-47.30434339,-0.9456790478337824,90,5.0
2024,Intp20Stage12XtzCoreRocFilterStrategy,MKR/USDT:USDT,MKR,long,s9_11_mkr_micro_l_mchop_h18_l5,2024-06-25 06:06:00+00:00,2024-06-25 07:36:00+00:00,-160.0388037,-3.199386659865581,90,5.0
2024,Intp20Stage12XtzCoreRocFilterStrategy,OP/USDT:USDT,OP,long,s10_01_op_maoff_l_mc_h12m_l5,2024-06-26 15:15:00+00:00,2024-06-26 15:27:00+00:00,39.8090173,0.7957836643637836,12,5.0
2024,Intp20Stage12XtzCoreRocFilterStrategy,ETH/USDT:USDT,ETH,long,s9_15_eth_micro_l_mc_h18_l5,2024-06-26 19:36:00+00:00,2024-06-26 21:06:00+00:00,-40.0267648,-0.8001518011299122,90,5.0
2024,Intp20Stage12XtzCoreRocFilterStrategy,MKR/USDT:USDT,MKR,long,s9_11_mkr_micro_l_mchop_h18_l5,2024-06-27 04:51:00+00:00,2024-06-27 06:21:00+00:00,-342.7222974,-6.851393509860508,90,5.0
2024,Intp20Stage12XtzCoreRocFilterStrategy,SOL/USDT:USDT,SOL,short,s9_02_sol_panic_s_mc_h24_l4,2024-06-27 10:36:00+00:00,2024-06-27 12:36:00+00:00,-13.3758834,-0.267793578324693,120,4.0
2024,Intp20Stage12XtzCoreRocFilterStrategy,MKR/USDT:USDT,MKR,long,s9_11_mkr_micro_l_mchop_h18_l5,2024-06-28 10:31:00+00:00,2024-06-28 12:01:00+00:00,-56.516573,-1.129877738603079,90,5.0
2024,Intp20Stage12XtzCoreRocFilterStrategy,LTC/USDT:USDT,LTC,short,s9_16_ltc_vwap_s_lc_h18_l5,2024-06-29 00:41:00+00:00,2024-06-29 02:11:00+00:00,-161.8671801,-3.238965584023202,90,5.0
2024,Intp20Stage12XtzCoreRocFilterStrategy,LTC/USDT:USDT,LTC,short,s9_16_ltc_vwap_s_lc_h18_l5,2024-07-01 16:16:00+00:00,2024-07-01 17:46:00+00:00,-132.10531593,-2.6434333184255716,90,5.0
2024,Intp20Stage12XtzCoreRocFilterStrategy,MKR/USDT:USDT,MKR,short,s9_07_mkr_range_s_mc_h24_l4,2024-07-02 05:21:00+00:00,2024-07-02 07:21:00+00:00,90.4047056,1.8091190534066333,120,4.0
2024,Intp20Stage12XtzCoreRocFilterStrategy,MKR/USDT:USDT,MKR,short,s9_07_mkr_range_s_mc_h24_l4,2024-07-02 13:41:00+00:00,2024-07-02 15:41:00+00:00,83.3700732,1.6684036734609966,120,4.0
2024,Intp20Stage12XtzCoreRocFilterStrategy,LTC/USDT:USDT,LTC,short,s9_16_ltc_vwap_s_lc_h18_l5,2024-07-03 07:16:00+00:00,2024-07-03 08:46:00+00:00,164.1864195,3.28538074769869,90,5.0
2024,Intp20Stage12XtzCoreRocFilterStrategy,ETC/USDT:USDT,ETC,long,s10_02_etc_maoff_l_mchop_h18m_l5,2024-07-04 15:23:00+00:00,2024-07-04 15:41:00+00:00,152.04959685,3.039480212969392,18,5.0
2024,Intp20Stage12XtzCoreRocFilterStrategy,XTZ/USDT:USDT,XTZ,short,s9_08_xtz_rsi_s_lc_h24_l4,2024-07-04 15:56:00+00:00,2024-07-04 17:56:00+00:00,35.815896,0.7166763297966975,120,4.0
2024,Intp20Stage12XtzCoreRocFilterStrategy,XLM/USDT:USDT,XLM,long,s9_04_xlm_panic_l_mc_h12_l4,2024-07-05 00:16:00+00:00,2024-07-05 01:16:00+00:00,-471.81660908,-9.431635043334861,60,4.0
2024,Intp20Stage12XtzCoreRocFilterStrategy,ETC/USDT:USDT,ETC,long,s10_02_etc_maoff_l_mchop_h18m_l5,2024-07-05 06:19:00+00:00,2024-07-05 06:37:00+00:00,-233.2945875,-4.663569871706544,18,5.0
2024,Intp20Stage12XtzCoreRocFilterStrategy,LTC/USDT:USDT,LTC,long,s10_05_ltc_maoff_l_mchop_h12m_l5,2024-07-05 07:32:00+00:00,2024-07-05 07:44:00+00:00,-54.945527,-1.098363675549659,12,5.0
2024,Intp20Stage12XtzCoreRocFilterStrategy,COMP/USDT:USDT,COMP,long,s9_05_comp_rsi_l_mx_h24_l4,2024-07-05 06:21:00+00:00,2024-07-05 08:21:00+00:00,427.75238542,8.550782412162127,120,4.0
2024,Intp20Stage12XtzCoreRocFilterStrategy,MKR/USDT:USDT,MKR,long,s9_11_mkr_micro_l_mchop_h18_l5,2024-07-05 12:31:00+00:00,2024-07-05 14:01:00+00:00,144.7115945,2.892958148993706,90,5.0
2024,Intp20Stage12XtzCoreRocFilterStrategy,MKR/USDT:USDT,MKR,short,s9_24_mkr_vwap_s_mchop_h12_l5,2024-07-07 02:01:00+00:00,2024-07-07 03:01:00+00:00,-31.4318893,-0.6289906506884584,60,5.0
2024,Intp20Stage12XtzCoreRocFilterStrategy,LTC/USDT:USDT,LTC,short,s9_16_ltc_vwap_s_lc_h18_l5,2024-07-07 09:36:00+00:00,2024-07-07 11:06:00+00:00,5.94647706,0.11898928121654394,90,5.0
2024,Intp20Stage12XtzCoreRocFilterStrategy,XLM/USDT:USDT,XLM,long,s9_04_xlm_panic_l_mc_h12_l4,2024-07-07 13:31:00+00:00,2024-07-07 14:31:00+00:00,-171.8511938,-3.4353118224468266,60,4.0
2024,Intp20Stage12XtzCoreRocFilterStrategy,LTC/USDT:USDT,LTC,short,s9_16_ltc_vwap_s_lc_h18_l5,2024-07-07 16:16:00+00:00,2024-07-07 17:46:00+00:00,37.95419817,0.7594642059113558,90,5.0
2024,Intp20Stage12XtzCoreRocFilterStrategy,MKR/USDT:USDT,MKR,short,s9_07_mkr_range_s_mc_h24_l4,2024-07-07 20:51:00+00:00,2024-07-07 22:51:00+00:00,409.169614,8.188361154109852,120,4.0
2024,Intp20Stage12XtzCoreRocFilterStrategy,MKR/USDT:USDT,MKR,long,s9_11_mkr_micro_l_mchop_h18_l5,2024-07-08 05:11:00+00:00,2024-07-08 06:41:00+00:00,149.2850493,2.9843085574650394,90,5.0
2024,Intp20Stage12XtzCoreRocFilterStrategy,SOL/USDT:USDT,SOL,short,s9_02_sol_panic_s_mc_h24_l4,2024-07-08 09:01:00+00:00,2024-07-08 11:01:00+00:00,186.029129,3.7235923439594454,120,4.0
2024,Intp20Stage12XtzCoreRocFilterStrategy,LTC/USDT:USDT,LTC,long,s10_07_ltc_maoff_l_mc_h3m_l5,2024-07-08 16:19:00+00:00,2024-07-08 16:22:00+00:00,25.68455422,0.5134349660869362,3,5.0
2024,Intp20Stage12XtzCoreRocFilterStrategy,SOL/USDT:USDT,SOL,short,s9_02_sol_panic_s_mc_h24_l4,2024-07-09 08:46:00+00:00,2024-07-09 10:46:00+00:00,297.62691735,5.956554034593054,120,4.0
2024,Intp20Stage12XtzCoreRocFilterStrategy,OP/USDT:USDT,OP,long,s10_01_op_maoff_l_mc_h12m_l5,2024-07-09 13:43:00+00:00,2024-07-09 13:55:00+00:00,21.41737267,0.42813463566100585,12,5.0
2024,Intp20Stage12XtzCoreRocFilterStrategy,LTC/USDT:USDT,LTC,short,s9_16_ltc_vwap_s_lc_h18_l5,2024-07-09 22:56:00+00:00,2024-07-10 00:26:00+00:00,253.72262995,5.076992778078079,90,5.0
2024,Intp20Stage12XtzCoreRocFilterStrategy,XRP/USDT:USDT,XRP,short,s9_10_xrp_rsi_s_mx_h24_l4,2024-07-10 04:31:00+00:00,2024-07-10 06:31:00+00:00,-6.34750153,-0.12701370026375491,120,4.0
2024,Intp20Stage12XtzCoreRocFilterStrategy,MKR/USDT:USDT,MKR,long,s9_11_mkr_micro_l_mchop_h18_l5,2024-07-10 15:46:00+00:00,2024-07-10 17:16:00+00:00,-17.40658405,-0.3479592958025003,90,5.0
2024,Intp20Stage12XtzCoreRocFilterStrategy,ETH/USDT:USDT,ETH,long,s9_15_eth_micro_l_mc_h18_l5,2024-07-10 16:06:00+00:00,2024-07-10 17:36:00+00:00,-284.1275434,-5.679717373777211,90,5.0
2024,Intp20Stage12XtzCoreRocFilterStrategy,SOL/USDT:USDT,SOL,short,s9_02_sol_panic_s_mc_h24_l4,2024-07-11 07:36:00+00:00,2024-07-11 09:36:00+00:00,-35.6082857,-0.7127399878949912,120,4.0
2024,Intp20Stage12XtzCoreRocFilterStrategy,MKR/USDT:USDT,MKR,short,s9_07_mkr_range_s_mc_h24_l4,2024-07-11 09:31:00+00:00,2024-07-11 11:31:00+00:00,-335.42301595,-6.712258363571966,120,4.0
2024,Intp20Stage12XtzCoreRocFilterStrategy,MKR/USDT:USDT,MKR,long,s9_11_mkr_micro_l_mchop_h18_l5,2024-07-12 00:46:00+00:00,2024-07-12 02:16:00+00:00,-40.61744555,-0.8119507894704673,90,5.0
2024,Intp20Stage12XtzCoreRocFilterStrategy,XTZ/USDT:USDT,XTZ,short,s9_08_xtz_rsi_s_lc_h24_l4,2024-07-12 00:31:00+00:00,2024-07-12 02:31:00+00:00,-73.1473416,-1.4636800471949123,120,4.0
2024,Intp20Stage12XtzCoreRocFilterStrategy,OP/USDT:USDT,OP,long,s10_01_op_maoff_l_mc_h12m_l5,2024-07-12 04:30:00+00:00,2024-07-12 04:42:00+00:00,24.48613577,0.48947800010252934,12,5.0
2024,Intp20Stage12XtzCoreRocFilterStrategy,OP/USDT:USDT,OP,long,s10_01_op_maoff_l_mc_h12m_l5,2024-07-12 09:34:00+00:00,2024-07-12 09:46:00+00:00,-292.07833748,-5.838686302195931,12,5.0
2024,Intp20Stage12XtzCoreRocFilterStrategy,MKR/USDT:USDT,MKR,short,s9_07_mkr_range_s_mc_h24_l4,2024-07-12 13:11:00+00:00,2024-07-12 15:11:00+00:00,-121.72711845,-2.435762648350771,120,4.0
2024,Intp20Stage12XtzCoreRocFilterStrategy,SUI/USDT:USDT,SUI,long,s9_25_sui_vwap_l_lc_h18_l5,2024-07-13 08:01:00+00:00,2024-07-13 09:31:00+00:00,168.31362884,3.3645975464981928,90,5.0
2024,Intp20Stage12XtzCoreRocFilterStrategy,MKR/USDT:USDT,MKR,long,s9_11_mkr_micro_l_mchop_h18_l5,2024-07-13 20:16:00+00:00,2024-07-13 21:46:00+00:00,266.9455288,5.336322371536449,90,5.0
2024,Intp20Stage12XtzCoreRocFilterStrategy,MKR/USDT:USDT,MKR,long,s9_11_mkr_micro_l_mchop_h18_l5,2024-07-13 22:06:00+00:00,2024-07-13 23:36:00+00:00,7.395499,0.14784613916186073,90,5.0
2024,Intp20Stage12XtzCoreRocFilterStrategy,XLM/USDT:USDT,XLM,long,s10_06_xlm_maoff_l_ma_h12m_l5,2024-07-14 12:04:00+00:00,2024-07-14 12:16:00+00:00,-281.81746502,-5.633555510025726,12,5.0
2024,Intp20Stage12XtzCoreRocFilterStrategy,MKR/USDT:USDT,MKR,short,s9_07_mkr_range_s_mc_h24_l4,2024-07-14 23:56:00+00:00,2024-07-15 01:56:00+00:00,-172.98697875,-3.461847236082142,120,4.0
2024,Intp20Stage12XtzCoreRocFilterStrategy,XTZ/USDT:USDT,XTZ,long,s11_05_xtz_vstretch_l_mchop_h8m_l5,2024-07-15 02:03:00+00:00,2024-07-15 02:11:00+00:00,6.5100777,0.13013669709911752,8,5.0
2024,Intp20Stage12XtzCoreRocFilterStrategy,MKR/USDT:USDT,MKR,short,s9_07_mkr_range_s_mc_h24_l4,2024-07-15 05:51:00+00:00,2024-07-15 07:51:00+00:00,1.2149892,0.024312410658255335,120,4.0
2024,Intp20Stage12XtzCoreRocFilterStrategy,MKR/USDT:USDT,MKR,short,s9_07_mkr_range_s_mc_h24_l4,2024-07-15 09:46:00+00:00,2024-07-15 11:46:00+00:00,195.041385,3.902880232686002,120,4.0
2024,Intp20Stage12XtzCoreRocFilterStrategy,SOL/USDT:USDT,SOL,short,s9_02_sol_panic_s_mc_h24_l4,2024-07-15 18:36:00+00:00,2024-07-15 20:36:00+00:00,-155.11691175,-3.1045289369188165,120,4.0
2024,Intp20Stage12XtzCoreRocFilterStrategy,MKR/USDT:USDT,MKR,short,s9_07_mkr_range_s_mc_h24_l4,2024-07-15 21:06:00+00:00,2024-07-15 23:06:00+00:00,125.689151,2.5153353375716985,120,4.0
2024,Intp20Stage12XtzCoreRocFilterStrategy,MKR/USDT:USDT,MKR,long,s9_11_mkr_micro_l_mchop_h18_l5,2024-07-16 05:21:00+00:00,2024-07-16 06:51:00+00:00,-560.4153204,-11.202722083609832,90,5.0
2024,Intp20Stage12XtzCoreRocFilterStrategy,AAVE/USDT:USDT,AAVE,long,s9_01_aave_panic_l_mc_h24_l4,2024-07-16 07:01:00+00:00,2024-07-16 09:01:00+00:00,278.8805134,5.57494221608456,120,4.0
2024,Intp20Stage12XtzCoreRocFilterStrategy,OP/USDT:USDT,OP,long,s10_01_op_maoff_l_mc_h12m_l5,2024-07-16 14:01:00+00:00,2024-07-16 14:13:00+00:00,52.6230062,1.0519390825210992,12,5.0
2024,Intp20Stage12XtzCoreRocFilterStrategy,DOGE/USDT:USDT,DOGE,long,s10_04_doge_maoff_l_ma_h12m_l5,2024-07-16 18:05:00+00:00,2024-07-16 18:17:00+00:00,0.90410667,0.01807310061077914,12,5.0
2024,Intp20Stage12XtzCoreRocFilterStrategy,SOL/USDT:USDT,SOL,short,s9_02_sol_panic_s_mc_h24_l4,2024-07-17 01:21:00+00:00,2024-07-17 03:21:00+00:00,308.6184667,6.178189057732595,120,4.0
2024,Intp20Stage12XtzCoreRocFilterStrategy,OP/USDT:USDT,OP,long,s10_01_op_maoff_l_mc_h12m_l5,2024-07-17 21:00:00+00:00,2024-07-17 21:12:00+00:00,-278.71433184,-5.571507019471748,12,5.0
2024,Intp20Stage12XtzCoreRocFilterStrategy,MKR/USDT:USDT,MKR,short,s9_07_mkr_range_s_mc_h24_l4,2024-07-18 09:56:00+00:00,2024-07-18 11:56:00+00:00,16.0815715,0.32181711412629704,120,4.0
2024,Intp20Stage12XtzCoreRocFilterStrategy,MKR/USDT:USDT,MKR,short,s9_07_mkr_range_s_mc_h24_l4,2024-07-19 04:16:00+00:00,2024-07-19 06:16:00+00:00,-280.72582125,-5.617936768499127,120,4.0
2024,Intp20Stage12XtzCoreRocFilterStrategy,XRP/USDT:USDT,XRP,short,s9_10_xrp_rsi_s_mx_h24_l4,2024-07-19 14:26:00+00:00,2024-07-19 16:26:00+00:00,-211.24583814,-4.22703387091776,120,4.0
2024,Intp20Stage12XtzCoreRocFilterStrategy,MKR/USDT:USDT,MKR,long,s9_11_mkr_micro_l_mchop_h18_l5,2024-07-21 09:11:00+00:00,2024-07-21 10:41:00+00:00,20.02838585,0.40040933596805833,90,5.0
2024,Intp20Stage12XtzCoreRocFilterStrategy,MKR/USDT:USDT,MKR,short,s9_07_mkr_range_s_mc_h24_l4,2024-07-21 15:21:00+00:00,2024-07-21 17:21:00+00:00,-59.3548056,-1.1877411723778422,120,4.0
2024,Intp20Stage12XtzCoreRocFilterStrategy,SOL/USDT:USDT,SOL,short,s9_02_sol_panic_s_mc_h24_l4,2024-07-21 20:36:00+00:00,2024-07-21 22:36:00+00:00,-29.0500805,-0.58133419939055,120,4.0
2024,Intp20Stage12XtzCoreRocFilterStrategy,XRP/USDT:USDT,XRP,long,s10_03_xrp_maoff_l_ma_h18m_l5,2024-07-22 13:05:00+00:00,2024-07-22 13:23:00+00:00,23.83549764,0.47647186178897516,18,5.0
2024,Intp20Stage12XtzCoreRocFilterStrategy,XRP/USDT:USDT,XRP,long,s10_03_xrp_maoff_l_ma_h18m_l5,2024-07-22 20:32:00+00:00,2024-07-22 20:50:00+00:00,-24.99994692,-0.4997501249375312,18,5.0
2024,Intp20Stage12XtzCoreRocFilterStrategy,ETH/USDT:USDT,ETH,long,s9_15_eth_micro_l_mc_h18_l5,2024-07-23 01:16:00+00:00,2024-07-23 02:46:00+00:00,-40.32225555,-0.8061445638273981,90,5.0
2024,Intp20Stage12XtzCoreRocFilterStrategy,ETH/USDT:USDT,ETH,long,s9_15_eth_micro_l_mc_h18_l5,2024-07-23 08:26:00+00:00,2024-07-23 09:56:00+00:00,325.58306752,6.508978804399061,90,5.0
2024,Intp20Stage12XtzCoreRocFilterStrategy,MKR/USDT:USDT,MKR,long,s9_11_mkr_micro_l_mchop_h18_l5,2024-07-23 08:56:00+00:00,2024-07-23 10:26:00+00:00,49.16754505,0.9828809806317481,90,5.0
2024,Intp20Stage12XtzCoreRocFilterStrategy,OP/USDT:USDT,OP,long,s10_01_op_maoff_l_mc_h12m_l5,2024-07-23 12:28:00+00:00,2024-07-23 12:40:00+00:00,-73.4603688,-1.4684842294231852,12,5.0
2024,Intp20Stage12XtzCoreRocFilterStrategy,XTZ/USDT:USDT,XTZ,short,s9_08_xtz_rsi_s_lc_h24_l4,2024-07-23 18:26:00+00:00,2024-07-23 20:26:00+00:00,-99.1951594,-1.9848974619235737,120,4.0
2024,Intp20Stage12XtzCoreRocFilterStrategy,XRP/USDT:USDT,XRP,long,s10_03_xrp_maoff_l_ma_h18m_l5,2024-07-26 01:15:00+00:00,2024-07-26 01:33:00+00:00,-87.11657427,-1.741464368909347,18,5.0
2024,Intp20Stage12XtzCoreRocFilterStrategy,MKR/USDT:USDT,MKR,short,s9_07_mkr_range_s_mc_h24_l4,2024-07-26 12:41:00+00:00,2024-07-26 14:41:00+00:00,299.5055308,5.993124519680277,120,4.0
2024,Intp20Stage12XtzCoreRocFilterStrategy,MKR/USDT:USDT,MKR,short,s9_07_mkr_range_s_mc_h24_l4,2024-07-27 11:16:00+00:00,2024-07-27 13:16:00+00:00,-199.683356,-3.996152882743221,120,4.0
2024,Intp20Stage12XtzCoreRocFilterStrategy,DOGE/USDT:USDT,DOGE,long,s10_04_doge_maoff_l_ma_h12m_l5,2024-07-27 21:22:00+00:00,2024-07-27 21:34:00+00:00,53.83073476,1.0760788012813993,12,5.0
2024,Intp20Stage12XtzCoreRocFilterStrategy,COMP/USDT:USDT,COMP,long,s9_05_comp_rsi_l_mx_h24_l4,2024-07-27 20:26:00+00:00,2024-07-27 22:26:00+00:00,206.75882422,4.133118263868261,120,4.0
2024,Intp20Stage12XtzCoreRocFilterStrategy,MKR/USDT:USDT,MKR,short,s9_07_mkr_range_s_mc_h24_l4,2024-07-28 11:56:00+00:00,2024-07-28 13:56:00+00:00,-580.07741925,-11.60826928842834,120,4.0
2024,Intp20Stage12XtzCoreRocFilterStrategy,MKR/USDT:USDT,MKR,short,s9_07_mkr_range_s_mc_h24_l4,2024-07-29 06:16:00+00:00,2024-07-29 08:16:00+00:00,-77.1539456,-1.5439911862175366,120,4.0
2024,Intp20Stage12XtzCoreRocFilterStrategy,SUI/USDT:USDT,SUI,long,s9_25_sui_vwap_l_lc_h18_l5,2024-07-29 11:16:00+00:00,2024-07-29 12:46:00+00:00,-306.8373594,-6.13369295869881,90,5.0
2024,Intp20Stage12XtzCoreRocFilterStrategy,LTC/USDT:USDT,LTC,long,s10_07_ltc_maoff_l_mc_h3m_l5,2024-07-30 00:23:00+00:00,2024-07-30 00:26:00+00:00,84.11566992,1.6814736736435278,3,5.0
2024,Intp20Stage12XtzCoreRocFilterStrategy,LTC/USDT:USDT,LTC,short,s9_16_ltc_vwap_s_lc_h18_l5,2024-07-30 04:21:00+00:00,2024-07-30 05:51:00+00:00,73.38091612,1.4683525133328497,90,5.0
2024,Intp20Stage12XtzCoreRocFilterStrategy,LTC/USDT:USDT,LTC,short,s9_16_ltc_vwap_s_lc_h18_l5,2024-07-30 07:21:00+00:00,2024-07-30 08:51:00+00:00,-82.67157112,-1.6542585682184234,90,5.0
2024,Intp20Stage12XtzCoreRocFilterStrategy,LTC/USDT:USDT,LTC,short,s9_16_ltc_vwap_s_lc_h18_l5,2024-07-30 13:26:00+00:00,2024-07-30 14:56:00+00:00,39.65815692,0.793560045328787,90,5.0
2024,Intp20Stage12XtzCoreRocFilterStrategy,AAVE/USDT:USDT,AAVE,long,s9_01_aave_panic_l_mc_h24_l4,2024-07-30 17:11:00+00:00,2024-07-30 19:11:00+00:00,72.742553,1.4541347149738488,120,4.0
2024,Intp20Stage12XtzCoreRocFilterStrategy,SOL/USDT:USDT,SOL,short,s9_02_sol_panic_s_mc_h24_l4,2024-07-31 13:46:00+00:00,2024-07-31 15:46:00+00:00,355.6454209,7.1192773420202915,120,4.0
2024,Intp20Stage12XtzCoreRocFilterStrategy,SUI/USDT:USDT,SUI,long,s9_25_sui_vwap_l_lc_h18_l5,2024-07-31 16:11:00+00:00,2024-07-31 17:41:00+00:00,-42.3693018,-0.8469628664049735,90,5.0
2024,Intp20Stage12XtzCoreRocFilterStrategy,MKR/USDT:USDT,MKR,short,s9_07_mkr_range_s_mc_h24_l4,2024-07-31 16:06:00+00:00,2024-07-31 18:06:00+00:00,-91.7196168,-1.8354775700976478,120,4.0
2024,Intp20Stage12XtzCoreRocFilterStrategy,SOL/USDT:USDT,SOL,short,s9_02_sol_panic_s_mc_h24_l4,2024-08-01 12:21:00+00:00,2024-08-01 14:21:00+00:00,242.5735845,4.856659407359774,120,4.0
2024,Intp20Stage12XtzCoreRocFilterStrategy,ETC/USDT:USDT,ETC,long,s10_02_etc_maoff_l_mchop_h18m_l5,2024-08-01 18:11:00+00:00,2024-08-01 18:29:00+00:00,288.24200623,5.761971948129156,18,5.0
2024,Intp20Stage12XtzCoreRocFilterStrategy,MKR/USDT:USDT,MKR,long,s9_11_mkr_micro_l_mchop_h18_l5,2024-08-01 19:31:00+00:00,2024-08-01 21:01:00+00:00,-111.37775495,-2.2264894625937637,90,5.0
2024,Intp20Stage12XtzCoreRocFilterStrategy,SOL/USDT:USDT,SOL,short,s9_02_sol_panic_s_mc_h24_l4,2024-08-02 13:51:00+00:00,2024-08-02 15:51:00+00:00,1276.7409165,25.55509638011505,120,4.0
2024,Intp20Stage12XtzCoreRocFilterStrategy,XLM/USDT:USDT,XLM,long,s9_04_xlm_panic_l_mc_h12_l4,2024-08-02 15:16:00+00:00,2024-08-02 16:16:00+00:00,122.46657166,2.448111121448094,60,4.0
2024,Intp20Stage12XtzCoreRocFilterStrategy,XTZ/USDT:USDT,XTZ,short,s9_08_xtz_rsi_s_lc_h24_l4,2024-08-02 20:11:00+00:00,2024-08-02 22:11:00+00:00,66.37391985,1.328146087432205,120,4.0
2024,Intp20Stage12XtzCoreRocFilterStrategy,MKR/USDT:USDT,MKR,short,s9_24_mkr_vwap_s_mchop_h12_l5,2024-08-03 09:56:00+00:00,2024-08-03 10:56:00+00:00,-167.1660426,-3.345181428154953,60,5.0
2024,Intp20Stage12XtzCoreRocFilterStrategy,SUI/USDT:USDT,SUI,long,s9_25_sui_vwap_l_lc_h18_l5,2024-08-04 07:46:00+00:00,2024-08-04 09:16:00+00:00,165.3112416,3.30457846753175,90,5.0
2024,Intp20Stage12XtzCoreRocFilterStrategy,COMP/USDT:USDT,COMP,long,s9_05_comp_rsi_l_mx_h24_l4,2024-08-04 17:06:00+00:00,2024-08-04 19:06:00+00:00,-48.72805052,-0.9740758363333303,120,4.0
2024,Intp20Stage12XtzCoreRocFilterStrategy,MKR/USDT:USDT,MKR,short,s9_24_mkr_vwap_s_mchop_h12_l5,2024-08-04 20:21:00+00:00,2024-08-04 21:21:00+00:00,-49.017558,-0.9809061479566783,60,5.0
2024,Intp20Stage12XtzCoreRocFilterStrategy,AAVE/USDT:USDT,AAVE,long,s9_01_aave_panic_l_mc_h24_l4,2024-08-05 01:01:00+00:00,2024-08-05 03:01:00+00:00,-1280.3470569,-25.59472519420255,120,4.0
2024,Intp20Stage12XtzCoreRocFilterStrategy,OP/USDT:USDT,OP,long,s10_01_op_maoff_l_mc_h12m_l5,2024-08-05 05:12:00+00:00,2024-08-05 05:24:00+00:00,568.92835668,11.372921349172612,12,5.0
2024,Intp20Stage12XtzCoreRocFilterStrategy,COMP/USDT:USDT,COMP,long,s9_05_comp_rsi_l_mx_h24_l4,2024-08-05 10:36:00+00:00,2024-08-05 12:36:00+00:00,-456.63382644,-9.128115863658762,120,4.0
2024,Intp20Stage12XtzCoreRocFilterStrategy,DOGE/USDT:USDT,DOGE,long,s10_04_doge_maoff_l_ma_h12m_l5,2024-08-05 15:25:00+00:00,2024-08-05 15:37:00+00:00,118.82029997,2.375224666498556,12,5.0
2024,Intp20Stage12XtzCoreRocFilterStrategy,XTZ/USDT:USDT,XTZ,short,s9_08_xtz_rsi_s_lc_h24_l4,2024-08-05 13:41:00+00:00,2024-08-05 15:41:00+00:00,-1580.569869,-31.62725210092048,120,4.0
2024,Intp20Stage12XtzCoreRocFilterStrategy,COMP/USDT:USDT,COMP,long,s9_05_comp_rsi_l_mx_h24_l4,2024-08-05 18:26:00+00:00,2024-08-05 20:26:00+00:00,113.55146122,2.269896585746197,120,4.0
2024,Intp20Stage12XtzCoreRocFilterStrategy,XTZ/USDT:USDT,XTZ,long,s11_05_xtz_vstretch_l_mchop_h8m_l5,2024-08-06 15:31:00+00:00,2024-08-06 15:39:00+00:00,52.964037,1.058752994797453,8,5.0
2024,Intp20Stage12XtzCoreRocFilterStrategy,XRP/USDT:USDT,XRP,short,s9_10_xrp_rsi_s_mx_h24_l4,2024-08-06 16:56:00+00:00,2024-08-06 18:56:00+00:00,26.52581245,0.5307827329669486,120,4.0
2024,Intp20Stage12XtzCoreRocFilterStrategy,MKR/USDT:USDT,MKR,short,s9_07_mkr_range_s_mc_h24_l4,2024-08-06 17:46:00+00:00,2024-08-06 19:46:00+00:00,120.6904446,2.415080979465491,120,4.0
2024,Intp20Stage12XtzCoreRocFilterStrategy,XRP/USDT:USDT,XRP,long,s10_03_xrp_maoff_l_ma_h18m_l5,2024-08-06 19:54:00+00:00,2024-08-06 20:12:00+00:00,-73.84186593,-1.4760993232859723,18,5.0
2024,Intp20Stage12XtzCoreRocFilterStrategy,MKR/USDT:USDT,MKR,short,s9_07_mkr_range_s_mc_h24_l4,2024-08-06 20:36:00+00:00,2024-08-06 22:36:00+00:00,37.9656394,0.7596953350340746,120,4.0
2024,Intp20Stage12XtzCoreRocFilterStrategy,XTZ/USDT:USDT,XTZ,short,s9_08_xtz_rsi_s_lc_h24_l4,2024-08-07 00:41:00+00:00,2024-08-07 02:41:00+00:00,-297.91572525,-5.961313990328497,120,4.0
2024,Intp20Stage12XtzCoreRocFilterStrategy,SOL/USDT:USDT,SOL,short,s9_02_sol_panic_s_mc_h24_l4,2024-08-07 04:21:00+00:00,2024-08-07 06:21:00+00:00,12.648843,0.2531987473642043,120,4.0
2024,Intp20Stage12XtzCoreRocFilterStrategy,AAVE/USDT:USDT,AAVE,long,s9_01_aave_panic_l_mc_h24_l4,2024-08-07 14:26:00+00:00,2024-08-07 16:26:00+00:00,220.6958232,4.411761608659848,120,4.0
2024,Intp20Stage12XtzCoreRocFilterStrategy,AAVE/USDT:USDT,AAVE,long,s9_01_aave_panic_l_mc_h24_l4,2024-08-07 20:56:00+00:00,2024-08-07 22:56:00+00:00,53.1844511,1.063192597741605,120,4.0
2024,Intp20Stage12XtzCoreRocFilterStrategy,MKR/USDT:USDT,MKR,long,s9_11_mkr_micro_l_mchop_h18_l5,2024-08-08 01:16:00+00:00,2024-08-08 02:46:00+00:00,382.162621,7.639525600279476,90,5.0
2024,Intp20Stage12XtzCoreRocFilterStrategy,XRP/USDT:USDT,XRP,short,s9_10_xrp_rsi_s_mx_h24_l4,2024-08-08 01:46:00+00:00,2024-08-08 03:46:00+00:00,-495.87698735,-9.922516997557409,120,4.0
2024,Intp20Stage12XtzCoreRocFilterStrategy,SUI/USDT:USDT,SUI,long,s9_25_sui_vwap_l_lc_h18_l5,2024-08-08 12:31:00+00:00,2024-08-08 14:01:00+00:00,877.28237179,17.53690610134392,90,5.0
2024,Intp20Stage12XtzCoreRocFilterStrategy,SOL/USDT:USDT,SOL,long,s11_02_sol_vstretch_l_mchop_h12m_l5,2024-08-08 17:04:00+00:00,2024-08-08 17:16:00+00:00,-105.6951133,-2.1134304602123644,12,5.0
2024,Intp20Stage12XtzCoreRocFilterStrategy,ETC/USDT:USDT,ETC,long,s10_02_etc_maoff_l_mchop_h18m_l5,2024-08-08 23:29:00+00:00,2024-08-08 23:47:00+00:00,-6.09009048,-0.12174176268911101,18,5.0
2024,Intp20Stage12XtzCoreRocFilterStrategy,LTC/USDT:USDT,LTC,short,s9_16_ltc_vwap_s_lc_h18_l5,2024-08-09 22:11:00+00:00,2024-08-09 23:41:00+00:00,-241.88338125,-4.840088878856637,90,5.0
2024,Intp20Stage12XtzCoreRocFilterStrategy,SOL/USDT:USDT,SOL,short,s9_02_sol_panic_s_mc_h24_l4,2024-08-09 22:36:00+00:00,2024-08-10 00:36:00+00:00,-146.8298194,-2.9395011759672385,120,4.0
2024,Intp20Stage12XtzCoreRocFilterStrategy,SOL/USDT:USDT,SOL,long,s11_02_sol_vstretch_l_mchop_h12m_l5,2024-08-10 08:39:00+00:00,2024-08-10 08:51:00+00:00,1.1148817,0.022298745074575913,12,5.0
2024,Intp20Stage12XtzCoreRocFilterStrategy,SOL/USDT:USDT,SOL,short,s9_02_sol_panic_s_mc_h24_l4,2024-08-11 03:31:00+00:00,2024-08-11 05:31:00+00:00,188.4875938,3.7740169105881973,120,4.0
2024,Intp20Stage12XtzCoreRocFilterStrategy,SOL/USDT:USDT,SOL,long,s11_02_sol_vstretch_l_mchop_h12m_l5,2024-08-11 19:11:00+00:00,2024-08-11 19:23:00+00:00,-93.92496295,-1.87846599705143,12,5.0
2024,Intp20Stage12XtzCoreRocFilterStrategy,AAVE/USDT:USDT,AAVE,long,s9_01_aave_panic_l_mc_h24_l4,2024-08-12 00:36:00+00:00,2024-08-12 02:36:00+00:00,-42.0315924,-0.840227962729756,120,4.0
2024,Intp20Stage12XtzCoreRocFilterStrategy,ETH/USDT:USDT,ETH,long,s9_15_eth_micro_l_mc_h18_l5,2024-08-12 10:01:00+00:00,2024-08-12 11:31:00+00:00,670.4937358,13.404527179705624,90,5.0
2024,Intp20Stage12XtzCoreRocFilterStrategy,MKR/USDT:USDT,MKR,long,s9_11_mkr_micro_l_mchop_h18_l5,2024-08-12 10:26:00+00:00,2024-08-12 11:56:00+00:00,338.7075888,6.771181547486638,90,5.0
2024,Intp20Stage12XtzCoreRocFilterStrategy,SOL/USDT:USDT,SOL,long,s11_02_sol_vstretch_l_mchop_h12m_l5,2024-08-12 12:42:00+00:00,2024-08-12 12:54:00+00:00,-0.1064706,-0.00212940198227948,12,5.0
2024,Intp20Stage12XtzCoreRocFilterStrategy,ETH/USDT:USDT,ETH,long,s9_15_eth_micro_l_mc_h18_l5,2024-08-12 20:46:00+00:00,2024-08-12 22:16:00+00:00,-42.87521188,-0.8571153142485651,90,5.0
2024,Intp20Stage12XtzCoreRocFilterStrategy,OP/USDT:USDT,OP,long,s10_01_op_maoff_l_mc_h12m_l5,2024-08-13 02:15:00+00:00,2024-08-13 02:27:00+00:00,-35.97545512,-0.7191499418665483,12,5.0
2024,Intp20Stage12XtzCoreRocFilterStrategy,MKR/USDT:USDT,MKR,short,s9_24_mkr_vwap_s_mchop_h12_l5,2024-08-13 08:21:00+00:00,2024-08-13 09:21:00+00:00,0.068904,0.0013787901216957765,60,5.0
2024,Intp20Stage12XtzCoreRocFilterStrategy,XTZ/USDT:USDT,XTZ,short,s9_08_xtz_rsi_s_lc_h24_l4,2024-08-13 21:41:00+00:00,2024-08-13 23:41:00+00:00,183.58969035,3.673639145153973,120,4.0
2024,Intp20Stage12XtzCoreRocFilterStrategy,COMP/USDT:USDT,COMP,long,s9_05_comp_rsi_l_mx_h24_l4,2024-08-14 14:06:00+00:00,2024-08-14 16:06:00+00:00,260.72019554,5.2117995362454685,120,4.0
2024,Intp20Stage12XtzCoreRocFilterStrategy,MKR/USDT:USDT,MKR,short,s9_24_mkr_vwap_s_mchop_h12_l5,2024-08-15 08:41:00+00:00,2024-08-15 09:41:00+00:00,65.9400572,1.3194825192284643,60,5.0
2024,Intp20Stage12XtzCoreRocFilterStrategy,MKR/USDT:USDT,MKR,short,s9_24_mkr_vwap_s_mchop_h12_l5,2024-08-15 11:21:00+00:00,2024-08-15 12:21:00+00:00,-223.91639015,-4.480912095626928,60,5.0
2024,Intp20Stage12XtzCoreRocFilterStrategy,XRP/USDT:USDT,XRP,long,s10_03_xrp_maoff_l_ma_h18m_l5,2024-08-15 13:34:00+00:00,2024-08-15 13:52:00+00:00,-7.39076778,-0.14774149218554924,18,5.0
2024,Intp20Stage12XtzCoreRocFilterStrategy,COMP/USDT:USDT,COMP,long,s9_05_comp_rsi_l_mx_h24_l4,2024-08-15 18:16:00+00:00,2024-08-15 20:16:00+00:00,87.95242093,1.7581723342541218,120,4.0
2024,Intp20Stage12XtzCoreRocFilterStrategy,XTZ/USDT:USDT,XTZ,short,s9_08_xtz_rsi_s_lc_h24_l4,2024-08-15 22:36:00+00:00,2024-08-16 00:36:00+00:00,-51.11958835,-1.0229064765664324,120,4.0
2024,Intp20Stage12XtzCoreRocFilterStrategy,SOL/USDT:USDT,SOL,short,s9_02_sol_panic_s_mc_h24_l4,2024-08-17 02:16:00+00:00,2024-08-17 04:16:00+00:00,139.172166,2.7867065096830146,120,4.0
2024,Intp20Stage12XtzCoreRocFilterStrategy,MKR/USDT:USDT,MKR,short,s9_07_mkr_range_s_mc_h24_l4,2024-08-17 15:31:00+00:00,2024-08-17 17:31:00+00:00,-105.59057685,-2.1128993686701114,120,4.0
2024,Intp20Stage12XtzCoreRocFilterStrategy,MKR/USDT:USDT,MKR,short,s9_24_mkr_vwap_s_mchop_h12_l5,2024-08-17 18:06:00+00:00,2024-08-17 19:06:00+00:00,14.77760625,0.29570266588175326,60,5.0
2024,Intp20Stage12XtzCoreRocFilterStrategy,MKR/USDT:USDT,MKR,short,s9_07_mkr_range_s_mc_h24_l4,2024-08-18 12:21:00+00:00,2024-08-18 14:21:00+00:00,-123.10174575,-2.4632763274811573,120,4.0
2024,Intp20Stage12XtzCoreRocFilterStrategy,MKR/USDT:USDT,MKR,short,s9_24_mkr_vwap_s_mchop_h12_l5,2024-08-19 08:56:00+00:00,2024-08-19 09:56:00+00:00,234.60235695,4.694717614423014,60,5.0
2024,Intp20Stage12XtzCoreRocFilterStrategy,LTC/USDT:USDT,LTC,short,s9_16_ltc_vwap_s_lc_h18_l5,2024-08-19 17:41:00+00:00,2024-08-19 19:11:00+00:00,-167.77803744,-3.3572441921726974,90,5.0
2024,Intp20Stage12XtzCoreRocFilterStrategy,DOGE/USDT:USDT,DOGE,short,s11_04_doge_vstretch_s_mchop_h12m_l5,2024-08-20 02:42:00+00:00,2024-08-20 02:54:00+00:00,-44.210763,-0.8846589193214118,12,5.0
2024,Intp20Stage12XtzCoreRocFilterStrategy,LTC/USDT:USDT,LTC,short,s9_16_ltc_vwap_s_lc_h18_l5,2024-08-21 02:46:00+00:00,2024-08-21 04:16:00+00:00,60.49953,1.210595975427117,90,5.0
2024,Intp20Stage12XtzCoreRocFilterStrategy,XRP/USDT:USDT,XRP,long,s10_08_xrp_maoff_l_ma_h12m_l5,2024-08-23 04:54:00+00:00,2024-08-23 05:06:00+00:00,46.21327442,0.9238046526772659,12,5.0
2024,Intp20Stage12XtzCoreRocFilterStrategy,APT/USDT:USDT,APT,long,s11_01_apt_vstretch_l_ma_h12m_l5,2024-08-23 05:02:00+00:00,2024-08-23 05:14:00+00:00,88.1999976,1.763162514182353,12,5.0
2024,Intp20Stage12XtzCoreRocFilterStrategy,SOL/USDT:USDT,SOL,long,s11_02_sol_vstretch_l_mchop_h12m_l5,2024-08-24 01:06:00+00:00,2024-08-24 01:18:00+00:00,-4.998228,-0.0999296960799466,12,5.0
2024,Intp20Stage12XtzCoreRocFilterStrategy,SUI/USDT:USDT,SUI,long,s9_25_sui_vwap_l_lc_h18_l5,2024-08-24 00:31:00+00:00,2024-08-24 02:01:00+00:00,-594.40271075,-11.882134760141785,90,5.0
2024,Intp20Stage12XtzCoreRocFilterStrategy,MKR/USDT:USDT,MKR,short,s9_07_mkr_range_s_mc_h24_l4,2024-08-25 01:16:00+00:00,2024-08-25 03:16:00+00:00,-131.8237184,-2.6380262551111673,120,4.0
2024,Intp20Stage12XtzCoreRocFilterStrategy,MKR/USDT:USDT,MKR,short,s9_24_mkr_vwap_s_mchop_h12_l5,2024-08-25 06:11:00+00:00,2024-08-25 07:11:00+00:00,154.9376736,3.1004710988587822,60,5.0
2024,Intp20Stage12XtzCoreRocFilterStrategy,LTC/USDT:USDT,LTC,short,s9_16_ltc_vwap_s_lc_h18_l5,2024-08-26 08:36:00+00:00,2024-08-26 10:06:00+00:00,-180.57454642,-3.613297863361785,90,5.0
2024,Intp20Stage12XtzCoreRocFilterStrategy,COMP/USDT:USDT,COMP,long,s9_05_comp_rsi_l_mx_h24_l4,2024-08-27 21:51:00+00:00,2024-08-27 23:51:00+00:00,-228.77284092,-4.573170333893105,120,4.0
2024,Intp20Stage12XtzCoreRocFilterStrategy,XLM/USDT:USDT,XLM,long,s9_04_xlm_panic_l_mc_h12_l4,2024-08-28 08:06:00+00:00,2024-08-28 09:06:00+00:00,57.52219453,1.1498721176953266,60,4.0
2024,Intp20Stage12XtzCoreRocFilterStrategy,COMP/USDT:USDT,COMP,long,s9_05_comp_rsi_l_mx_h24_l4,2024-08-28 16:21:00+00:00,2024-08-28 18:21:00+00:00,33.54459992,0.6705575783536805,120,4.0
2024,Intp20Stage12XtzCoreRocFilterStrategy,MKR/USDT:USDT,MKR,short,s9_07_mkr_range_s_mc_h24_l4,2024-08-29 09:56:00+00:00,2024-08-29 11:56:00+00:00,-201.78578075,-4.037970158369413,120,4.0
2024,Intp20Stage12XtzCoreRocFilterStrategy,MKR/USDT:USDT,MKR,short,s9_07_mkr_range_s_mc_h24_l4,2024-08-29 14:26:00+00:00,2024-08-29 16:26:00+00:00,-117.2701008,-2.3466821246221388,120,4.0
2024,Intp20Stage12XtzCoreRocFilterStrategy,XLM/USDT:USDT,XLM,long,s9_04_xlm_panic_l_mc_h12_l4,2024-08-29 18:21:00+00:00,2024-08-29 19:21:00+00:00,-131.83189461,-2.6353256937964584,60,4.0
2024,Intp20Stage12XtzCoreRocFilterStrategy,MKR/USDT:USDT,MKR,short,s9_07_mkr_range_s_mc_h24_l4,2024-08-30 10:46:00+00:00,2024-08-30 12:46:00+00:00,-88.96994775,-1.7803443169287645,120,4.0
2024,Intp20Stage12XtzCoreRocFilterStrategy,XTZ/USDT:USDT,XTZ,short,s9_08_xtz_rsi_s_lc_h24_l4,2024-08-30 18:31:00+00:00,2024-08-30 20:31:00+00:00,70.135065,1.4034044049051553,120,4.0
2024,Intp20Stage12XtzCoreRocFilterStrategy,MKR/USDT:USDT,MKR,short,s9_07_mkr_range_s_mc_h24_l4,2024-08-31 00:01:00+00:00,2024-08-31 02:01:00+00:00,4.92864,0.09862794243262409,120,4.0
2024,Intp20Stage12XtzCoreRocFilterStrategy,SUI/USDT:USDT,SUI,long,s9_25_sui_vwap_l_lc_h18_l5,2024-08-31 04:46:00+00:00,2024-08-31 06:16:00+00:00,-221.63254833,-4.430442164005891,90,5.0
2024,Intp20Stage12XtzCoreRocFilterStrategy,LTC/USDT:USDT,LTC,short,s9_16_ltc_vwap_s_lc_h18_l5,2024-09-01 12:06:00+00:00,2024-09-01 13:36:00+00:00,-13.29548163,-0.26604317601009203,90,5.0
2024,Intp20Stage12XtzCoreRocFilterStrategy,AAVE/USDT:USDT,AAVE,long,s9_01_aave_panic_l_mc_h24_l4,2024-09-01 22:26:00+00:00,2024-09-02 00:26:00+00:00,-307.47473,-6.146624350841413,120,4.0
2024,Intp20Stage12XtzCoreRocFilterStrategy,XTZ/USDT:USDT,XTZ,short,s9_08_xtz_rsi_s_lc_h24_l4,2024-09-02 00:36:00+00:00,2024-09-02 02:36:00+00:00,11.511788,0.2303513961705262,120,4.0
2024,Intp20Stage12XtzCoreRocFilterStrategy,SOL/USDT:USDT,SOL,short,s9_02_sol_panic_s_mc_h24_l4,2024-09-02 10:06:00+00:00,2024-09-02 12:06:00+00:00,-134.733222,-2.6970264877270997,120,4.0
2024,Intp20Stage12XtzCoreRocFilterStrategy,SUI/USDT:USDT,SUI,long,s9_25_sui_vwap_l_lc_h18_l5,2024-09-03 04:01:00+00:00,2024-09-03 05:31:00+00:00,205.95508042,4.117053906474237,90,5.0
2024,Intp20Stage12XtzCoreRocFilterStrategy,COMP/USDT:USDT,COMP,long,s9_05_comp_rsi_l_mx_h24_l4,2024-09-04 01:06:00+00:00,2024-09-04 03:06:00+00:00,614.29778206,12.279821627647717,120,4.0
2024,Intp20Stage12XtzCoreRocFilterStrategy,MKR/USDT:USDT,MKR,long,s9_11_mkr_micro_l_mchop_h18_l5,2024-09-04 14:41:00+00:00,2024-09-04 16:11:00+00:00,313.9675368,6.276590380000586,90,5.0
2024,Intp20Stage12XtzCoreRocFilterStrategy,LTC/USDT:USDT,LTC,long,s10_07_ltc_maoff_l_mc_h3m_l5,2024-09-05 10:02:00+00:00,2024-09-05 10:05:00+00:00,-85.43818296,-1.7079139946277806,3,5.0
2024,Intp20Stage12XtzCoreRocFilterStrategy,XTZ/USDT:USDT,XTZ,short,s9_08_xtz_rsi_s_lc_h24_l4,2024-09-05 13:46:00+00:00,2024-09-05 15:46:00+00:00,235.3108083,4.708574382885223,120,4.0
2024,Intp20Stage12XtzCoreRocFilterStrategy,MKR/USDT:USDT,MKR,short,s9_07_mkr_range_s_mc_h24_l4,2024-09-08 09:51:00+00:00,2024-09-08 11:51:00+00:00,19.87061625,0.397614927787843,120,4.0
2024,Intp20Stage12XtzCoreRocFilterStrategy,LTC/USDT:USDT,LTC,short,s9_16_ltc_vwap_s_lc_h18_l5,2024-09-09 14:06:00+00:00,2024-09-09 15:36:00+00:00,181.81736584,3.638167686456094,90,5.0
2024,Intp20Stage12XtzCoreRocFilterStrategy,SOL/USDT:USDT,SOL,short,s9_02_sol_panic_s_mc_h24_l4,2024-09-09 17:11:00+00:00,2024-09-09 19:11:00+00:00,-104.7530848,-2.0963268884145396,120,4.0
2024,Intp20Stage12XtzCoreRocFilterStrategy,MKR/USDT:USDT,MKR,short,s9_07_mkr_range_s_mc_h24_l4,2024-09-09 18:16:00+00:00,2024-09-09 20:16:00+00:00,75.02702075,1.501293387535016,120,4.0
2024,Intp20Stage12XtzCoreRocFilterStrategy,MKR/USDT:USDT,MKR,short,s9_07_mkr_range_s_mc_h24_l4,2024-09-09 21:11:00+00:00,2024-09-09 23:11:00+00:00,-62.3307516,-1.247238850883879,120,4.0
2024,Intp20Stage12XtzCoreRocFilterStrategy,LTC/USDT:USDT,LTC,short,s9_16_ltc_vwap_s_lc_h18_l5,2024-09-11 04:21:00+00:00,2024-09-11 05:51:00+00:00,-57.7067286,-1.1547126946932114,90,5.0
2024,Intp20Stage12XtzCoreRocFilterStrategy,MKR/USDT:USDT,MKR,long,s9_11_mkr_micro_l_mchop_h18_l5,2024-09-11 07:31:00+00:00,2024-09-11 09:01:00+00:00,-108.3270045,-2.1654842999440316,90,5.0
2024,Intp20Stage12XtzCoreRocFilterStrategy,SUI/USDT:USDT,SUI,long,s9_25_sui_vwap_l_lc_h18_l5,2024-09-12 13:56:00+00:00,2024-09-12 15:26:00+00:00,-221.06522003,-4.419106924405888,90,5.0
2024,Intp20Stage12XtzCoreRocFilterStrategy,AAVE/USDT:USDT,AAVE,long,s9_01_aave_panic_l_mc_h24_l4,2024-09-15 23:16:00+00:00,2024-09-16 01:16:00+00:00,-381.0442155,-7.617445827632249,120,4.0
2024,Intp20Stage12XtzCoreRocFilterStrategy,OP/USDT:USDT,OP,long,s10_01_op_maoff_l_mc_h12m_l5,2024-09-16 01:15:00+00:00,2024-09-16 01:27:00+00:00,12.71433282,0.2541607900769703,12,5.0
2024,Intp20Stage12XtzCoreRocFilterStrategy,MKR/USDT:USDT,MKR,short,s9_07_mkr_range_s_mc_h24_l4,2024-09-19 11:06:00+00:00,2024-09-19 13:06:00+00:00,-143.3322472,-2.8682781567269493,120,4.0
2024,Intp20Stage12XtzCoreRocFilterStrategy,LTC/USDT:USDT,LTC,short,s9_16_ltc_vwap_s_lc_h18_l5,2024-09-19 16:16:00+00:00,2024-09-19 17:46:00+00:00,-220.40976128,-4.410408329264633,90,5.0
2024,Intp20Stage12XtzCoreRocFilterStrategy,LTC/USDT:USDT,LTC,short,s9_16_ltc_vwap_s_lc_h18_l5,2024-09-19 22:41:00+00:00,2024-09-20 00:11:00+00:00,28.3884244,0.5680535038063322,90,5.0
2024,Intp20Stage12XtzCoreRocFilterStrategy,SOL/USDT:USDT,SOL,short,s9_02_sol_panic_s_mc_h24_l4,2024-09-20 06:46:00+00:00,2024-09-20 08:46:00+00:00,-180.69594805,-3.617692171861492,120,4.0
2024,Intp20Stage12XtzCoreRocFilterStrategy,SUI/USDT:USDT,SUI,long,s9_25_sui_vwap_l_lc_h18_l5,2024-09-20 13:21:00+00:00,2024-09-20 14:51:00+00:00,-688.10420907,-13.755246704916631,90,5.0
2024,Intp20Stage12XtzCoreRocFilterStrategy,SOL/USDT:USDT,SOL,short,s9_02_sol_panic_s_mc_h24_l4,2024-09-21 00:46:00+00:00,2024-09-21 02:46:00+00:00,208.50664605,4.174171394830905,120,4.0
2024,Intp20Stage12XtzCoreRocFilterStrategy,OP/USDT:USDT,OP,long,s10_01_op_maoff_l_mc_h12m_l5,2024-09-21 04:26:00+00:00,2024-09-21 04:38:00+00:00,-113.23591972,-2.2635866237353164,12,5.0
2024,Intp20Stage12XtzCoreRocFilterStrategy,APT/USDT:USDT,APT,long,s11_06_apt_vstretch_l_mchop_h12m_l5,2024-09-22 07:05:00+00:00,2024-09-22 07:17:00+00:00,6.6050323,0.13203590996212744,12,5.0
2024,Intp20Stage12XtzCoreRocFilterStrategy,XTZ/USDT:USDT,XTZ,short,s9_08_xtz_rsi_s_lc_h24_l4,2024-09-22 08:11:00+00:00,2024-09-22 10:11:00+00:00,95.49774,1.91091216603973,120,4.0
2024,Intp20Stage12XtzCoreRocFilterStrategy,OP/USDT:USDT,OP,long,s10_01_op_maoff_l_mc_h12m_l5,2024-09-23 00:10:00+00:00,2024-09-23 00:22:00+00:00,-108.47046944,-2.1683264786122805,12,5.0
2024,Intp20Stage12XtzCoreRocFilterStrategy,MKR/USDT:USDT,MKR,short,s9_07_mkr_range_s_mc_h24_l4,2024-09-26 08:41:00+00:00,2024-09-26 10:41:00+00:00,-136.0450683,-2.722470221726542,120,4.0
2024,Intp20Stage12XtzCoreRocFilterStrategy,SOL/USDT:USDT,SOL,short,s9_02_sol_panic_s_mc_h24_l4,2024-09-26 10:41:00+00:00,2024-09-26 12:41:00+00:00,-54.7712112,-1.0967494106073854,120,4.0
2024,Intp20Stage12XtzCoreRocFilterStrategy,SOL/USDT:USDT,SOL,short,s9_02_sol_panic_s_mc_h24_l4,2024-09-26 14:16:00+00:00,2024-09-26 16:16:00+00:00,-589.9474527,-11.810156070389667,120,4.0
2024,Intp20Stage12XtzCoreRocFilterStrategy,SOL/USDT:USDT,SOL,short,s9_02_sol_panic_s_mc_h24_l4,2024-09-27 06:11:00+00:00,2024-09-27 08:11:00+00:00,-41.8125536,-0.837002165284182,120,4.0
2024,Intp20Stage12XtzCoreRocFilterStrategy,MKR/USDT:USDT,MKR,short,s9_07_mkr_range_s_mc_h24_l4,2024-09-27 09:41:00+00:00,2024-09-27 11:41:00+00:00,52.2407974,1.0453749649961872,120,4.0
2024,Intp20Stage12XtzCoreRocFilterStrategy,MKR/USDT:USDT,MKR,short,s9_24_mkr_vwap_s_mchop_h12_l5,2024-09-27 12:21:00+00:00,2024-09-27 13:21:00+00:00,46.307065,0.9266279384991537,60,5.0
2024,Intp20Stage12XtzCoreRocFilterStrategy,XTZ/USDT:USDT,XTZ,short,s9_08_xtz_rsi_s_lc_h24_l4,2024-09-27 12:06:00+00:00,2024-09-27 14:06:00+00:00,-19.9999492,-0.400200100050025,120,4.0
2024,Intp20Stage12XtzCoreRocFilterStrategy,SOL/USDT:USDT,SOL,short,s9_02_sol_panic_s_mc_h24_l4,2024-09-27 14:16:00+00:00,2024-09-27 16:16:00+00:00,-83.8787038,-1.6792885950285934,120,4.0
2024,Intp20Stage12XtzCoreRocFilterStrategy,MKR/USDT:USDT,MKR,long,s9_11_mkr_micro_l_mchop_h18_l5,2024-09-28 05:21:00+00:00,2024-09-28 06:51:00+00:00,-272.9217368,-5.455977433567696,90,5.0
2024,Intp20Stage12XtzCoreRocFilterStrategy,MKR/USDT:USDT,MKR,long,s9_11_mkr_micro_l_mchop_h18_l5,2024-09-28 07:46:00+00:00,2024-09-28 09:16:00+00:00,-544.6020537,-10.887213817219079,90,5.0
2024,Intp20Stage12XtzCoreRocFilterStrategy,MKR/USDT:USDT,MKR,long,s9_11_mkr_micro_l_mchop_h18_l5,2024-09-28 15:31:00+00:00,2024-09-28 17:01:00+00:00,-444.0386456,-8.876806848723128,90,5.0
2024,Intp20Stage12XtzCoreRocFilterStrategy,OP/USDT:USDT,OP,long,s10_01_op_maoff_l_mc_h12m_l5,2024-09-29 05:45:00+00:00,2024-09-29 05:57:00+00:00,-19.63514472,-0.39250945081911304,12,5.0
2024,Intp20Stage12XtzCoreRocFilterStrategy,OP/USDT:USDT,OP,long,s10_01_op_maoff_l_mc_h12m_l5,2024-09-29 16:38:00+00:00,2024-09-29 16:50:00+00:00,205.13133832,4.1005914879660015,12,5.0
2024,Intp20Stage12XtzCoreRocFilterStrategy,MKR/USDT:USDT,MKR,short,s9_07_mkr_range_s_mc_h24_l4,2024-09-29 20:26:00+00:00,2024-09-29 22:26:00+00:00,100.5704154,2.0124306549514817,120,4.0
2024,Intp20Stage12XtzCoreRocFilterStrategy,DOGE/USDT:USDT,DOGE,long,s10_04_doge_maoff_l_ma_h12m_l5,2024-09-30 12:20:00+00:00,2024-09-30 12:32:00+00:00,87.77235536,1.754576117707966,12,5.0
2024,Intp20Stage12XtzCoreRocFilterStrategy,OP/USDT:USDT,OP,long,s10_01_op_maoff_l_mc_h12m_l5,2024-09-30 23:35:00+00:00,2024-09-30 23:47:00+00:00,15.06700032,0.30118945795685365,12,5.0
2024,Intp20Stage12XtzCoreRocFilterStrategy,MKR/USDT:USDT,MKR,long,s9_11_mkr_micro_l_mchop_h18_l5,2024-10-01 03:21:00+00:00,2024-10-01 04:51:00+00:00,177.21084265,3.5426295635118454,90,5.0
2024,Intp20Stage12XtzCoreRocFilterStrategy,XLM/USDT:USDT,XLM,long,s9_04_xlm_panic_l_mc_h12_l4,2024-10-01 17:26:00+00:00,2024-10-01 18:26:00+00:00,273.12104664,5.4596912182889605,60,4.0
2024,Intp20Stage12XtzCoreRocFilterStrategy,XLM/USDT:USDT,XLM,long,s9_04_xlm_panic_l_mc_h12_l4,2024-10-02 09:56:00+00:00,2024-10-02 10:56:00+00:00,22.90616736,0.45789511340058664,60,4.0
2024,Intp20Stage12XtzCoreRocFilterStrategy,XTZ/USDT:USDT,XTZ,long,s11_05_xtz_vstretch_l_mchop_h8m_l5,2024-10-02 17:02:00+00:00,2024-10-02 17:10:00+00:00,-63.09060835,-1.2611834326739069,8,5.0
2024,Intp20Stage12XtzCoreRocFilterStrategy,XTZ/USDT:USDT,XTZ,short,s9_08_xtz_rsi_s_lc_h24_l4,2024-10-02 20:51:00+00:00,2024-10-02 22:51:00+00:00,134.1600681,2.6845472042646903,120,4.0
2024,Intp20Stage12XtzCoreRocFilterStrategy,XRP/USDT:USDT,XRP,long,s10_03_xrp_maoff_l_ma_h18m_l5,2024-10-03 01:11:00+00:00,2024-10-03 01:29:00+00:00,283.31173818,5.6634078555773755,18,5.0
2024,Intp20Stage12XtzCoreRocFilterStrategy,MKR/USDT:USDT,MKR,short,s9_24_mkr_vwap_s_mchop_h12_l5,2024-10-03 16:16:00+00:00,2024-10-03 17:16:00+00:00,-72.5380761,-1.4515035921452208,60,5.0
2024,Intp20Stage12XtzCoreRocFilterStrategy,APT/USDT:USDT,APT,long,s11_06_apt_vstretch_l_mchop_h12m_l5,2024-10-03 18:34:00+00:00,2024-10-03 18:46:00+00:00,68.90459369,1.3774246203681417,12,5.0
2024,Intp20Stage12XtzCoreRocFilterStrategy,LTC/USDT:USDT,LTC,short,s9_16_ltc_vwap_s_lc_h18_l5,2024-10-04 12:36:00+00:00,2024-10-04 14:06:00+00:00,-17.19090895,-0.34399029049335783,90,5.0
2024,Intp20Stage12XtzCoreRocFilterStrategy,APT/USDT:USDT,APT,long,s11_01_apt_vstretch_l_ma_h12m_l5,2024-10-05 05:28:00+00:00,2024-10-05 05:40:00+00:00,26.77025549,0.5351566593941107,12,5.0
2024,Intp20Stage12XtzCoreRocFilterStrategy,APT/USDT:USDT,APT,long,s11_06_apt_vstretch_l_mchop_h12m_l5,2024-10-06 10:16:00+00:00,2024-10-06 10:28:00+00:00,-32.4673696,-0.6490294933914225,12,5.0
2024,Intp20Stage12XtzCoreRocFilterStrategy,MKR/USDT:USDT,MKR,short,s9_07_mkr_range_s_mc_h24_l4,2024-10-06 10:26:00+00:00,2024-10-06 12:26:00+00:00,-139.28403,-2.7871274269449375,120,4.0
2024,Intp20Stage12XtzCoreRocFilterStrategy,SOL/USDT:USDT,SOL,short,s9_02_sol_panic_s_mc_h24_l4,2024-10-06 14:51:00+00:00,2024-10-06 16:51:00+00:00,65.46504435,1.3105480819524793,120,4.0
2024,Intp20Stage12XtzCoreRocFilterStrategy,SOL/USDT:USDT,SOL,short,s9_02_sol_panic_s_mc_h24_l4,2024-10-07 00:26:00+00:00,2024-10-07 02:26:00+00:00,-373.41760725,-7.474897629368546,120,4.0
2024,Intp20Stage12XtzCoreRocFilterStrategy,SUI/USDT:USDT,SUI,long,s9_25_sui_vwap_l_lc_h18_l5,2024-10-07 11:11:00+00:00,2024-10-07 12:41:00+00:00,-107.08098516,-2.1405660153036963,90,5.0
2024,Intp20Stage12XtzCoreRocFilterStrategy,SUI/USDT:USDT,SUI,long,s9_25_sui_vwap_l_lc_h18_l5,2024-10-07 13:21:00+00:00,2024-10-07 14:51:00+00:00,1519.01046084,30.365090154340663,90,5.0
2024,Intp20Stage12XtzCoreRocFilterStrategy,MKR/USDT:USDT,MKR,short,s9_24_mkr_vwap_s_mchop_h12_l5,2024-10-08 09:06:00+00:00,2024-10-08 10:06:00+00:00,87.985028,1.7606205700252724,60,5.0
2024,Intp20Stage12XtzCoreRocFilterStrategy,ETH/USDT:USDT,ETH,long,s9_15_eth_micro_l_mc_h18_l5,2024-10-08 18:06:00+00:00,2024-10-08 19:36:00+00:00,-124.56335946,-2.490196798679098,90,5.0
2024,Intp20Stage12XtzCoreRocFilterStrategy,MKR/USDT:USDT,MKR,long,s9_11_mkr_micro_l_mchop_h18_l5,2024-10-09 01:41:00+00:00,2024-10-09 03:11:00+00:00,-244.8386622,-4.8945928950074125,90,5.0
2024,Intp20Stage12XtzCoreRocFilterStrategy,ETH/USDT:USDT,ETH,long,s9_15_eth_micro_l_mc_h18_l5,2024-10-09 15:06:00+00:00,2024-10-09 16:36:00+00:00,-105.88445562,-2.116824763348025,90,5.0
2024,Intp20Stage12XtzCoreRocFilterStrategy,MKR/USDT:USDT,MKR,long,s9_11_mkr_micro_l_mchop_h18_l5,2024-10-10 01:41:00+00:00,2024-10-10 03:11:00+00:00,-111.2290998,-2.223555965610704,90,5.0
2024,Intp20Stage12XtzCoreRocFilterStrategy,MKR/USDT:USDT,MKR,short,s9_07_mkr_range_s_mc_h24_l4,2024-10-10 12:26:00+00:00,2024-10-10 14:26:00+00:00,211.2511307,4.227170633531709,120,4.0
2024,Intp20Stage12XtzCoreRocFilterStrategy,AAVE/USDT:USDT,AAVE,long,s9_01_aave_panic_l_mc_h24_l4,2024-10-10 18:01:00+00:00,2024-10-10 20:01:00+00:00,-130.5464958,-2.6097559566119406,120,4.0
2024,Intp20Stage12XtzCoreRocFilterStrategy,COMP/USDT:USDT,COMP,long,s9_05_comp_rsi_l_mx_h24_l4,2024-10-10 18:11:00+00:00,2024-10-10 20:11:00+00:00,225.16032332,4.500957068635493,120,4.0
2024,Intp20Stage12XtzCoreRocFilterStrategy,LTC/USDT:USDT,LTC,short,s9_16_ltc_vwap_s_lc_h18_l5,2024-10-10 20:21:00+00:00,2024-10-10 21:51:00+00:00,14.06368482,0.28141511017885956,90,5.0
2024,Intp20Stage12XtzCoreRocFilterStrategy,MKR/USDT:USDT,MKR,short,s9_07_mkr_range_s_mc_h24_l4,2024-10-12 23:41:00+00:00,2024-10-13 01:41:00+00:00,15.410615,0.3083683118657102,120,4.0
2024,Intp20Stage12XtzCoreRocFilterStrategy,MKR/USDT:USDT,MKR,short,s9_07_mkr_range_s_mc_h24_l4,2024-10-15 19:11:00+00:00,2024-10-15 21:11:00+00:00,778.9519848,15.587385529499445,120,4.0
2024,Intp20Stage12XtzCoreRocFilterStrategy,OP/USDT:USDT,OP,long,s10_01_op_maoff_l_mc_h12m_l5,2024-10-16 07:04:00+00:00,2024-10-16 07:16:00+00:00,-122.94429912,-2.457671325739021,12,5.0
2024,Intp20Stage12XtzCoreRocFilterStrategy,SUI/USDT:USDT,SUI,long,s9_25_sui_vwap_l_lc_h18_l5,2024-10-16 07:21:00+00:00,2024-10-16 08:51:00+00:00,-301.95776693,-6.036143281963727,90,5.0
2024,Intp20Stage12XtzCoreRocFilterStrategy,MKR/USDT:USDT,MKR,short,s9_07_mkr_range_s_mc_h24_l4,2024-10-16 09:21:00+00:00,2024-10-16 11:21:00+00:00,21.79322415,0.43609644228008637,120,4.0
2024,Intp20Stage12XtzCoreRocFilterStrategy,DOGE/USDT:USDT,DOGE,long,s10_04_doge_maoff_l_ma_h12m_l5,2024-10-16 11:21:00+00:00,2024-10-16 11:33:00+00:00,201.01350456,4.0182622208466725,12,5.0
2024,Intp20Stage12XtzCoreRocFilterStrategy,AAVE/USDT:USDT,AAVE,long,s9_01_aave_panic_l_mc_h24_l4,2024-10-17 11:31:00+00:00,2024-10-17 13:31:00+00:00,3.3361412,0.06668952961096467,120,4.0
2024,Intp20Stage12XtzCoreRocFilterStrategy,OP/USDT:USDT,OP,long,s10_01_op_maoff_l_mc_h12m_l5,2024-10-17 16:36:00+00:00,2024-10-17 16:48:00+00:00,114.041094,2.279686534522356,12,5.0
2024,Intp20Stage12XtzCoreRocFilterStrategy,DOGE/USDT:USDT,DOGE,long,s10_04_doge_maoff_l_ma_h12m_l5,2024-10-17 21:43:00+00:00,2024-10-17 21:55:00+00:00,-149.21871138,-2.9828956890204887,12,5.0
2024,Intp20Stage12XtzCoreRocFilterStrategy,DOGE/USDT:USDT,DOGE,long,s10_04_doge_maoff_l_ma_h12m_l5,2024-10-18 02:56:00+00:00,2024-10-18 03:08:00+00:00,-93.79473513,-1.8749647425966238,12,5.0
2024,Intp20Stage12XtzCoreRocFilterStrategy,MKR/USDT:USDT,MKR,short,s9_07_mkr_range_s_mc_h24_l4,2024-10-18 03:11:00+00:00,2024-10-18 05:11:00+00:00,79.674294,1.5943214446575715,120,4.0
2024,Intp20Stage12XtzCoreRocFilterStrategy,SUI/USDT:USDT,SUI,long,s9_25_sui_vwap_l_lc_h18_l5,2024-10-18 04:06:00+00:00,2024-10-18 05:36:00+00:00,-139.58222564,-2.7902532464681364,90,5.0
2024,Intp20Stage12XtzCoreRocFilterStrategy,SUI/USDT:USDT,SUI,long,s9_25_sui_vwap_l_lc_h18_l5,2024-10-18 07:56:00+00:00,2024-10-18 09:26:00+00:00,258.0747678,5.15892744579417,90,5.0
2024,Intp20Stage12XtzCoreRocFilterStrategy,SUI/USDT:USDT,SUI,long,s9_25_sui_vwap_l_lc_h18_l5,2024-10-19 16:21:00+00:00,2024-10-19 17:51:00+00:00,-98.72658594,-1.973558543355777,90,5.0
2024,Intp20Stage12XtzCoreRocFilterStrategy,APT/USDT:USDT,APT,long,s11_01_apt_vstretch_l_ma_h12m_l5,2024-10-20 18:43:00+00:00,2024-10-20 18:55:00+00:00,20.06257891,0.4010573297021418,12,5.0
2024,Intp20Stage12XtzCoreRocFilterStrategy,SOL/USDT:USDT,SOL,short,s9_02_sol_panic_s_mc_h24_l4,2024-10-20 20:56:00+00:00,2024-10-20 22:56:00+00:00,-545.0387635,-10.909843906462696,120,4.0
2024,Intp20Stage12XtzCoreRocFilterStrategy,MKR/USDT:USDT,MKR,short,s9_07_mkr_range_s_mc_h24_l4,2024-10-20 23:51:00+00:00,2024-10-21 01:51:00+00:00,-209.1970452,-4.186181776900841,120,4.0
2024,Intp20Stage12XtzCoreRocFilterStrategy,MKR/USDT:USDT,MKR,short,s9_24_mkr_vwap_s_mchop_h12_l5,2024-10-21 05:11:00+00:00,2024-10-21 06:11:00+00:00,-144.8170959,-2.8979047822059774,60,5.0
2024,Intp20Stage12XtzCoreRocFilterStrategy,LTC/USDT:USDT,LTC,short,s9_16_ltc_vwap_s_lc_h18_l5,2024-10-21 23:01:00+00:00,2024-10-22 00:31:00+00:00,66.87974545,1.3382644981716632,90,5.0
2024,Intp20Stage12XtzCoreRocFilterStrategy,APT/USDT:USDT,APT,long,s11_01_apt_vstretch_l_ma_h12m_l5,2024-10-22 05:02:00+00:00,2024-10-22 05:14:00+00:00,284.2856833,5.683043432705078,12,5.0
2024,Intp20Stage12XtzCoreRocFilterStrategy,SUI/USDT:USDT,SUI,long,s9_25_sui_vwap_l_lc_h18_l5,2024-10-22 07:06:00+00:00,2024-10-22 08:36:00+00:00,-564.59108209,-11.286217991083886,90,5.0
2024,Intp20Stage12XtzCoreRocFilterStrategy,LTC/USDT:USDT,LTC,short,s9_16_ltc_vwap_s_lc_h18_l5,2024-10-23 12:51:00+00:00,2024-10-23 14:21:00+00:00,-144.74616917,-2.8963778276778025,90,5.0
2024,Intp20Stage12XtzCoreRocFilterStrategy,MKR/USDT:USDT,MKR,short,s9_07_mkr_range_s_mc_h24_l4,2024-10-24 05:26:00+00:00,2024-10-24 07:26:00+00:00,190.6415304,3.8149025328092465,120,4.0
2024,Intp20Stage12XtzCoreRocFilterStrategy,ETC/USDT:USDT,ETC,long,s11_03_etc_vstretch_l_mchop_h12m_l5,2024-10-24 14:21:00+00:00,2024-10-24 14:33:00+00:00,19.16634904,0.3831373011940736,12,5.0
2024,Intp20Stage12XtzCoreRocFilterStrategy,XTZ/USDT:USDT,XTZ,short,s9_08_xtz_rsi_s_lc_h24_l4,2024-10-25 03:26:00+00:00,2024-10-25 05:26:00+00:00,249.59564365,4.994413374351846,120,4.0
2024,Intp20Stage12XtzCoreRocFilterStrategy,AAVE/USDT:USDT,AAVE,long,s9_01_aave_panic_l_mc_h24_l4,2024-10-25 18:06:00+00:00,2024-10-25 20:06:00+00:00,-307.1248747,-6.1395170793858656,120,4.0
2024,Intp20Stage12XtzCoreRocFilterStrategy,MKR/USDT:USDT,MKR,short,s9_24_mkr_vwap_s_mchop_h12_l5,2024-10-26 22:16:00+00:00,2024-10-26 23:16:00+00:00,-0.03742365,-0.0007488774327283403,60,5.0
2024,Intp20Stage12XtzCoreRocFilterStrategy,MKR/USDT:USDT,MKR,short,s9_07_mkr_range_s_mc_h24_l4,2024-10-28 12:11:00+00:00,2024-10-28 14:11:00+00:00,-329.30446525,-6.58971684359627,120,4.0
2024,Intp20Stage12XtzCoreRocFilterStrategy,LTC/USDT:USDT,LTC,short,s9_16_ltc_vwap_s_lc_h18_l5,2024-10-28 13:31:00+00:00,2024-10-28 15:01:00+00:00,126.84745145,2.5382237922163537,90,5.0
2024,Intp20Stage12XtzCoreRocFilterStrategy,SOL/USDT:USDT,SOL,short,s9_02_sol_panic_s_mc_h24_l4,2024-10-28 22:21:00+00:00,2024-10-29 00:21:00+00:00,72.843849,1.4578574090802532,120,4.0
2024,Intp20Stage12XtzCoreRocFilterStrategy,MKR/USDT:USDT,MKR,short,s9_07_mkr_range_s_mc_h24_l4,2024-10-29 05:36:00+00:00,2024-10-29 07:36:00+00:00,49.95826205,0.9996750952795986,120,4.0
2024,Intp20Stage12XtzCoreRocFilterStrategy,SOL/USDT:USDT,SOL,short,s9_02_sol_panic_s_mc_h24_l4,2024-10-29 16:56:00+00:00,2024-10-29 18:56:00+00:00,83.989115,1.6812236487600842,120,4.0
2024,Intp20Stage12XtzCoreRocFilterStrategy,MKR/USDT:USDT,MKR,long,s9_11_mkr_micro_l_mchop_h18_l5,2024-10-29 22:51:00+00:00,2024-10-30 00:21:00+00:00,27.078883,0.5413272521359815,90,5.0
2024,Intp20Stage12XtzCoreRocFilterStrategy,MKR/USDT:USDT,MKR,long,s9_11_mkr_micro_l_mchop_h18_l5,2024-10-30 05:01:00+00:00,2024-10-30 06:31:00+00:00,757.9218672,15.15105814954863,90,5.0
2024,Intp20Stage12XtzCoreRocFilterStrategy,MKR/USDT:USDT,MKR,long,s9_11_mkr_micro_l_mchop_h18_l5,2024-10-30 08:21:00+00:00,2024-10-30 09:51:00+00:00,554.9268712,11.093425435823203,90,5.0
2024,Intp20Stage12XtzCoreRocFilterStrategy,DOGE/USDT:USDT,DOGE,long,s10_04_doge_maoff_l_ma_h12m_l5,2024-10-30 10:08:00+00:00,2024-10-30 10:20:00+00:00,60.18098709,1.2030249128403943,12,5.0
2024,Intp20Stage12XtzCoreRocFilterStrategy,ETH/USDT:USDT,ETH,long,s9_15_eth_micro_l_mc_h18_l5,2024-10-30 13:51:00+00:00,2024-10-30 15:21:00+00:00,-63.36964194,-1.2668295375468228,90,5.0
2024,Intp20Stage12XtzCoreRocFilterStrategy,OP/USDT:USDT,OP,long,s10_01_op_maoff_l_mc_h12m_l5,2024-10-30 15:23:00+00:00,2024-10-30 15:35:00+00:00,200.94878496,4.016992247881095,12,5.0
2024,Intp20Stage12XtzCoreRocFilterStrategy,LTC/USDT:USDT,LTC,short,s9_16_ltc_vwap_s_lc_h18_l5,2024-10-31 02:21:00+00:00,2024-10-31 03:51:00+00:00,30.65282952,0.6133646714888524,90,5.0
2024,Intp20Stage12XtzCoreRocFilterStrategy,MKR/USDT:USDT,MKR,long,s9_11_mkr_micro_l_mchop_h18_l5,2024-10-31 05:01:00+00:00,2024-10-31 06:31:00+00:00,240.61467625,4.809898200506046,90,5.0
2024,Intp20Stage12XtzCoreRocFilterStrategy,MKR/USDT:USDT,MKR,long,s9_11_mkr_micro_l_mchop_h18_l5,2024-10-31 09:51:00+00:00,2024-10-31 11:21:00+00:00,350.0476476,6.997584379957024,90,5.0
2024,Intp20Stage12XtzCoreRocFilterStrategy,MKR/USDT:USDT,MKR,long,s9_11_mkr_micro_l_mchop_h18_l5,2024-10-31 22:56:00+00:00,2024-11-01 00:26:00+00:00,-36.73836,-0.7344225467721859,90,5.0
2024,Intp20Stage12XtzCoreRocFilterStrategy,SUI/USDT:USDT,SUI,long,s9_25_sui_vwap_l_lc_h18_l5,2024-11-01 02:16:00+00:00,2024-11-01 03:46:00+00:00,-5.99324085,-0.11980571580335593,90,5.0
2024,Intp20Stage12XtzCoreRocFilterStrategy,MKR/USDT:USDT,MKR,long,s9_11_mkr_micro_l_mchop_h18_l5,2024-11-01 05:06:00+00:00,2024-11-01 06:36:00+00:00,-297.6028615,-5.949122857133203,90,5.0
2024,Intp20Stage12XtzCoreRocFilterStrategy,SOL/USDT:USDT,SOL,short,s9_02_sol_panic_s_mc_h24_l4,2024-11-01 13:46:00+00:00,2024-11-01 15:46:00+00:00,543.741646,10.881316030669803,120,4.0
2024,Intp20Stage12XtzCoreRocFilterStrategy,OP/USDT:USDT,OP,long,s10_01_op_maoff_l_mc_h12m_l5,2024-11-03 18:32:00+00:00,2024-11-03 18:44:00+00:00,-87.27256291,-1.7445884006583718,12,5.0
2024,Intp20Stage12XtzCoreRocFilterStrategy,OP/USDT:USDT,OP,long,s10_01_op_maoff_l_mc_h12m_l5,2024-11-04 21:37:00+00:00,2024-11-04 21:49:00+00:00,-95.34943282,-1.9060436302404424,12,5.0
2024,Intp20Stage12XtzCoreRocFilterStrategy,DOGE/USDT:USDT,DOGE,long,s10_04_doge_maoff_l_ma_h12m_l5,2024-11-05 00:38:00+00:00,2024-11-05 00:50:00+00:00,629.47706,12.58328088241523,12,5.0
2024,Intp20Stage12XtzCoreRocFilterStrategy,OP/USDT:USDT,OP,long,s10_01_op_maoff_l_mc_h12m_l5,2024-11-05 19:52:00+00:00,2024-11-05 20:04:00+00:00,-39.19835675,-0.7835772432698347,12,5.0
2024,Intp20Stage12XtzCoreRocFilterStrategy,MKR/USDT:USDT,MKR,short,s9_07_mkr_range_s_mc_h24_l4,2024-11-05 19:26:00+00:00,2024-11-05 21:26:00+00:00,12.0870528,0.2418670359678726,120,4.0
2024,Intp20Stage12XtzCoreRocFilterStrategy,XRP/USDT:USDT,XRP,short,s9_10_xrp_rsi_s_mx_h24_l4,2024-11-06 03:01:00+00:00,2024-11-06 05:01:00+00:00,-223.951875,-4.48128934229289,120,4.0
2024,Intp20Stage12XtzCoreRocFilterStrategy,SUI/USDT:USDT,SUI,long,s9_25_sui_vwap_l_lc_h18_l5,2024-11-07 00:46:00+00:00,2024-11-07 02:16:00+00:00,316.32178238,6.323309061961494,90,5.0
2024,Intp20Stage12XtzCoreRocFilterStrategy,OP/USDT:USDT,OP,long,s10_01_op_maoff_l_mc_h12m_l5,2024-11-07 19:44:00+00:00,2024-11-07 19:56:00+00:00,208.63003889,4.170540921970628,12,5.0
2024,Intp20Stage12XtzCoreRocFilterStrategy,SOL/USDT:USDT,SOL,short,s9_02_sol_panic_s_mc_h24_l4,2024-11-09 08:36:00+00:00,2024-11-09 10:36:00+00:00,-3.160575,-0.06324631549971313,120,4.0
2024,Intp20Stage12XtzCoreRocFilterStrategy,XTZ/USDT:USDT,XTZ,short,s9_08_xtz_rsi_s_lc_h24_l4,2024-11-09 16:16:00+00:00,2024-11-09 18:16:00+00:00,128.88390795,2.5789680554562997,120,4.0
2024,Intp20Stage12XtzCoreRocFilterStrategy,SOL/USDT:USDT,SOL,short,s9_02_sol_panic_s_mc_h24_l4,2024-11-10 05:11:00+00:00,2024-11-10 07:11:00+00:00,25.442025,0.5095364079603372,120,4.0
2024,Intp20Stage12XtzCoreRocFilterStrategy,SUI/USDT:USDT,SUI,long,s9_25_sui_vwap_l_lc_h18_l5,2024-11-10 12:56:00+00:00,2024-11-10 14:26:00+00:00,-218.87942736,-4.375440106725601,90,5.0
2024,Intp20Stage12XtzCoreRocFilterStrategy,DOGE/USDT:USDT,DOGE,long,s10_04_doge_maoff_l_ma_h12m_l5,2024-11-10 18:02:00+00:00,2024-11-10 18:14:00+00:00,177.923552,3.556730309632928,12,5.0
2024,Intp20Stage12XtzCoreRocFilterStrategy,MKR/USDT:USDT,MKR,short,s9_07_mkr_range_s_mc_h24_l4,2024-11-10 19:21:00+00:00,2024-11-10 21:21:00+00:00,696.9248602,13.945872416847434,120,4.0
2024,Intp20Stage12XtzCoreRocFilterStrategy,ETC/USDT:USDT,ETC,long,s11_03_etc_vstretch_l_mchop_h12m_l5,2024-11-11 03:23:00+00:00,2024-11-11 03:35:00+00:00,238.30963222,4.763847477822234,12,5.0
2024,Intp20Stage12XtzCoreRocFilterStrategy,XTZ/USDT:USDT,XTZ,long,s11_05_xtz_vstretch_l_mchop_h8m_l5,2024-11-11 03:27:00+00:00,2024-11-11 03:35:00+00:00,146.6171917,2.9308834593692166,8,5.0
2024,Intp20Stage12XtzCoreRocFilterStrategy,DOGE/USDT:USDT,DOGE,long,s10_04_doge_maoff_l_ma_h12m_l5,2024-11-11 05:10:00+00:00,2024-11-11 05:22:00+00:00,-625.02121488,-12.494289317754692,12,5.0
2024,Intp20Stage12XtzCoreRocFilterStrategy,MKR/USDT:USDT,MKR,short,s9_07_mkr_range_s_mc_h24_l4,2024-11-11 04:31:00+00:00,2024-11-11 06:31:00+00:00,252.2712832,5.048155603568035,120,4.0
2024,Intp20Stage12XtzCoreRocFilterStrategy,DOGE/USDT:USDT,DOGE,long,s10_04_doge_maoff_l_ma_h12m_l5,2024-11-11 09:04:00+00:00,2024-11-11 09:16:00+00:00,133.9727233,2.678120700262356,12,5.0
2024,Intp20Stage12XtzCoreRocFilterStrategy,SOL/USDT:USDT,SOL,short,s9_02_sol_panic_s_mc_h24_l4,2024-11-11 09:21:00+00:00,2024-11-11 11:21:00+00:00,-539.891175,-10.813308522753745,120,4.0
2024,Intp20Stage12XtzCoreRocFilterStrategy,MKR/USDT:USDT,MKR,short,s9_07_mkr_range_s_mc_h24_l4,2024-11-11 12:26:00+00:00,2024-11-11 14:26:00+00:00,-372.4742625,-7.453542420534315,120,4.0
2024,Intp20Stage12XtzCoreRocFilterStrategy,XTZ/USDT:USDT,XTZ,long,s11_05_xtz_vstretch_l_mchop_h8m_l5,2024-11-12 05:01:00+00:00,2024-11-12 05:09:00+00:00,-58.58526135,-1.1711214285330456,8,5.0
2024,Intp20Stage12XtzCoreRocFilterStrategy,ETC/USDT:USDT,ETC,long,s10_02_etc_maoff_l_mchop_h18m_l5,2024-11-12 12:23:00+00:00,2024-11-12 12:41:00+00:00,-0.74671069,-0.01492679937274811,18,5.0
2024,Intp20Stage12XtzCoreRocFilterStrategy,AAVE/USDT:USDT,AAVE,long,s9_01_aave_panic_l_mc_h24_l4,2024-11-12 10:46:00+00:00,2024-11-12 12:46:00+00:00,-312.86100495,-6.254340380364104,120,4.0
2024,Intp20Stage12XtzCoreRocFilterStrategy,AAVE/USDT:USDT,AAVE,long,s9_01_aave_panic_l_mc_h24_l4,2024-11-13 06:41:00+00:00,2024-11-13 08:41:00+00:00,506.0840446,10.117238518190634,120,4.0
2024,Intp20Stage12XtzCoreRocFilterStrategy,MKR/USDT:USDT,MKR,short,s9_07_mkr_range_s_mc_h24_l4,2024-11-13 15:41:00+00:00,2024-11-13 17:41:00+00:00,-71.270703,-1.4261927284272884,120,4.0
2024,Intp20Stage12XtzCoreRocFilterStrategy,AAVE/USDT:USDT,AAVE,long,s9_01_aave_panic_l_mc_h24_l4,2024-11-14 14:51:00+00:00,2024-11-14 16:51:00+00:00,-4.37529625,-0.08746228136532984,120,4.0
2024,Intp20Stage12XtzCoreRocFilterStrategy,OP/USDT:USDT,OP,long,s10_01_op_maoff_l_mc_h12m_l5,2024-11-14 18:43:00+00:00,2024-11-14 18:55:00+00:00,8.23436769,0.16460513805419155,12,5.0
2024,Intp20Stage12XtzCoreRocFilterStrategy,OP/USDT:USDT,OP,long,s10_01_op_maoff_l_mc_h12m_l5,2024-11-14 20:10:00+00:00,2024-11-14 20:22:00+00:00,114.23663907,2.2836048830129227,12,5.0
2024,Intp20Stage12XtzCoreRocFilterStrategy,MKR/USDT:USDT,MKR,long,s9_11_mkr_micro_l_mchop_h18_l5,2024-11-15 06:26:00+00:00,2024-11-15 07:56:00+00:00,-238.53108235,-4.768389792458735,90,5.0
2024,Intp20Stage12XtzCoreRocFilterStrategy,MKR/USDT:USDT,MKR,long,s9_11_mkr_micro_l_mchop_h18_l5,2024-11-15 09:06:00+00:00,2024-11-15 10:36:00+00:00,188.4462799,3.7671108191997473,90,5.0
2024,Intp20Stage12XtzCoreRocFilterStrategy,SUI/USDT:USDT,SUI,long,s9_25_sui_vwap_l_lc_h18_l5,2024-11-15 14:51:00+00:00,2024-11-15 16:21:00+00:00,-101.85497296,-2.036083073419077,90,5.0
2024,Intp20Stage12XtzCoreRocFilterStrategy,DOGE/USDT:USDT,DOGE,short,s11_04_doge_vstretch_s_mchop_h12m_l5,2024-11-15 22:40:00+00:00,2024-11-15 22:52:00+00:00,373.20097512,7.467757602853245,12,5.0
2024,Intp20Stage12XtzCoreRocFilterStrategy,SOL/USDT:USDT,SOL,short,s9_02_sol_panic_s_mc_h24_l4,2024-11-15 21:26:00+00:00,2024-11-15 23:26:00+00:00,-165.5550675,-3.313200869480726,120,4.0
2024,Intp20Stage12XtzCoreRocFilterStrategy,MKR/USDT:USDT,MKR,short,s9_07_mkr_range_s_mc_h24_l4,2024-11-15 23:31:00+00:00,2024-11-16 01:31:00+00:00,-25.5754148,-0.5117788098452181,120,4.0
2024,Intp20Stage12XtzCoreRocFilterStrategy,MKR/USDT:USDT,MKR,short,s9_07_mkr_range_s_mc_h24_l4,2024-11-16 06:16:00+00:00,2024-11-16 08:16:00+00:00,36.6577386,0.7335297482995642,120,4.0
2024,Intp20Stage12XtzCoreRocFilterStrategy,XRP/USDT:USDT,XRP,long,s10_03_xrp_maoff_l_ma_h18m_l5,2024-11-16 13:13:00+00:00,2024-11-16 13:31:00+00:00,359.53166815,7.187045638712062,18,5.0
2024,Intp20Stage12XtzCoreRocFilterStrategy,ETC/USDT:USDT,ETC,long,s10_02_etc_maoff_l_mchop_h18m_l5,2024-11-16 15:05:00+00:00,2024-11-16 15:23:00+00:00,700.08421521,13.994719792332274,18,5.0
2024,Intp20Stage12XtzCoreRocFilterStrategy,LTC/USDT:USDT,LTC,short,s9_16_ltc_vwap_s_lc_h18_l5,2024-11-16 14:11:00+00:00,2024-11-16 15:41:00+00:00,-419.36630663,-8.39153129206182,90,5.0
2024,Intp20Stage12XtzCoreRocFilterStrategy,MKR/USDT:USDT,MKR,long,s9_11_mkr_micro_l_mchop_h18_l5,2024-11-16 14:31:00+00:00,2024-11-16 16:01:00+00:00,-1.9060965,-0.03810479233580992,90,5.0
2024,Intp20Stage12XtzCoreRocFilterStrategy,XRP/USDT:USDT,XRP,long,s10_03_xrp_maoff_l_ma_h18m_l5,2024-11-17 01:16:00+00:00,2024-11-17 01:34:00+00:00,-36.32900722,-0.7262192261592452,18,5.0
2024,Intp20Stage12XtzCoreRocFilterStrategy,ETC/USDT:USDT,ETC,long,s10_02_etc_maoff_l_mchop_h18m_l5,2024-11-17 08:05:00+00:00,2024-11-17 08:23:00+00:00,205.85209405,4.114997194676867,18,5.0
2024,Intp20Stage12XtzCoreRocFilterStrategy,MKR/USDT:USDT,MKR,long,s9_11_mkr_micro_l_mchop_h18_l5,2024-11-17 07:26:00+00:00,2024-11-17 08:56:00+00:00,-62.68874175,-1.2531935763492859,90,5.0
2024,Intp20Stage12XtzCoreRocFilterStrategy,MKR/USDT:USDT,MKR,short,s9_07_mkr_range_s_mc_h24_l4,2024-11-17 10:56:00+00:00,2024-11-17 12:56:00+00:00,45.4088299,0.9086464513110457,120,4.0
2024,Intp20Stage12XtzCoreRocFilterStrategy,SUI/USDT:USDT,SUI,long,s9_25_sui_vwap_l_lc_h18_l5,2024-11-17 12:06:00+00:00,2024-11-17 13:36:00+00:00,249.58016379,4.989117208925476,90,5.0
2024,Intp20Stage12XtzCoreRocFilterStrategy,SUI/USDT:USDT,SUI,long,s9_25_sui_vwap_l_lc_h18_l5,2024-11-17 14:36:00+00:00,2024-11-17 16:06:00+00:00,418.80060224,8.371897607647147,90,5.0
2024,Intp20Stage12XtzCoreRocFilterStrategy,LTC/USDT:USDT,LTC,long,s10_07_ltc_maoff_l_mc_h3m_l5,2024-11-17 21:51:00+00:00,2024-11-17 21:54:00+00:00,-19.2117752,-0.3840447161177345,3,5.0
2024,Intp20Stage12XtzCoreRocFilterStrategy,MKR/USDT:USDT,MKR,long,s9_11_mkr_micro_l_mchop_h18_l5,2024-11-18 00:41:00+00:00,2024-11-18 02:11:00+00:00,235.3284504,4.704419979951919,90,5.0
2024,Intp20Stage12XtzCoreRocFilterStrategy,ETC/USDT:USDT,ETC,long,s11_03_etc_vstretch_l_mchop_h12m_l5,2024-11-18 03:28:00+00:00,2024-11-18 03:40:00+00:00,219.71109016,4.39206563512429,12,5.0
2024,Intp20Stage12XtzCoreRocFilterStrategy,OP/USDT:USDT,OP,long,s10_01_op_maoff_l_mc_h12m_l5,2024-11-18 13:06:00+00:00,2024-11-18 13:18:00+00:00,1.68020501,0.03358742979915903,12,5.0
2024,Intp20Stage12XtzCoreRocFilterStrategy,ETC/USDT:USDT,ETC,long,s10_02_etc_maoff_l_mchop_h18m_l5,2024-11-18 16:48:00+00:00,2024-11-18 17:06:00+00:00,-27.82377286,-0.5562014621751276,18,5.0
2024,Intp20Stage12XtzCoreRocFilterStrategy,LTC/USDT:USDT,LTC,short,s9_16_ltc_vwap_s_lc_h18_l5,2024-11-18 15:46:00+00:00,2024-11-18 17:16:00+00:00,427.36429716,8.551585011738334,90,5.0
2024,Intp20Stage12XtzCoreRocFilterStrategy,XRP/USDT:USDT,XRP,long,s10_03_xrp_maoff_l_ma_h18m_l5,2024-11-18 21:33:00+00:00,2024-11-18 21:51:00+00:00,-71.72218859,-1.433727976186424,18,5.0
2024,Intp20Stage12XtzCoreRocFilterStrategy,LTC/USDT:USDT,LTC,short,s9_16_ltc_vwap_s_lc_h18_l5,2024-11-18 21:16:00+00:00,2024-11-18 22:46:00+00:00,-205.57464279,-4.113562703517579,90,5.0
2024,Intp20Stage12XtzCoreRocFilterStrategy,OP/USDT:USDT,OP,long,s10_01_op_maoff_l_mc_h12m_l5,2024-11-19 00:33:00+00:00,2024-11-19 00:45:00+00:00,27.65192769,0.552762323507205,12,5.0
2024,Intp20Stage12XtzCoreRocFilterStrategy,SUI/USDT:USDT,SUI,long,s9_25_sui_vwap_l_lc_h18_l5,2024-11-19 05:01:00+00:00,2024-11-19 06:31:00+00:00,245.2388527,4.902343476740992,90,5.0
2024,Intp20Stage12XtzCoreRocFilterStrategy,LTC/USDT:USDT,LTC,long,s10_07_ltc_maoff_l_mc_h3m_l5,2024-11-19 08:29:00+00:00,2024-11-19 08:32:00+00:00,98.33944248,1.9658109020428087,3,5.0
2024,Intp20Stage12XtzCoreRocFilterStrategy,XRP/USDT:USDT,XRP,long,s10_03_xrp_maoff_l_ma_h18m_l5,2024-11-19 18:23:00+00:00,2024-11-19 18:41:00+00:00,-136.38888265,-2.7264160859890287,18,5.0
2024,Intp20Stage12XtzCoreRocFilterStrategy,ETC/USDT:USDT,ETC,long,s11_03_etc_vstretch_l_mchop_h12m_l5,2024-11-20 00:16:00+00:00,2024-11-20 00:28:00+00:00,-158.82732904,-3.174991319791292,12,5.0
2024,Intp20Stage12XtzCoreRocFilterStrategy,XTZ/USDT:USDT,XTZ,short,s9_08_xtz_rsi_s_lc_h24_l4,2024-11-19 23:11:00+00:00,2024-11-20 01:11:00+00:00,402.0697872,8.04544170455314,120,4.0
2024,Intp20Stage12XtzCoreRocFilterStrategy,MKR/USDT:USDT,MKR,long,s9_11_mkr_micro_l_mchop_h18_l5,2024-11-20 04:41:00+00:00,2024-11-20 06:11:00+00:00,102.0320399,2.0396852212732353,90,5.0
2024,Intp20Stage12XtzCoreRocFilterStrategy,XLM/USDT:USDT,XLM,long,s10_06_xlm_maoff_l_ma_h12m_l5,2024-11-20 15:04:00+00:00,2024-11-20 15:16:00+00:00,-216.44302416,-4.326739765134241,12,5.0
2024,Intp20Stage12XtzCoreRocFilterStrategy,XRP/USDT:USDT,XRP,long,s10_03_xrp_maoff_l_ma_h18m_l5,2024-11-20 15:19:00+00:00,2024-11-20 15:37:00+00:00,-45.07556865,-0.901062591360988,18,5.0
2024,Intp20Stage12XtzCoreRocFilterStrategy,DOGE/USDT:USDT,DOGE,long,s10_04_doge_maoff_l_ma_h12m_l5,2024-11-20 16:10:00+00:00,2024-11-20 16:22:00+00:00,-222.04393106,-4.438720991551494,12,5.0
2024,Intp20Stage12XtzCoreRocFilterStrategy,DOGE/USDT:USDT,DOGE,long,s10_04_doge_maoff_l_ma_h12m_l5,2024-11-21 05:37:00+00:00,2024-11-21 05:49:00+00:00,-82.0191204,-1.6395702159292722,12,5.0
2024,Intp20Stage12XtzCoreRocFilterStrategy,XTZ/USDT:USDT,XTZ,short,s9_08_xtz_rsi_s_lc_h24_l4,2024-11-21 08:06:00+00:00,2024-11-21 10:06:00+00:00,385.6077225,7.716020172248288,120,4.0
2024,Intp20Stage12XtzCoreRocFilterStrategy,AAVE/USDT:USDT,AAVE,long,s9_01_aave_panic_l_mc_h24_l4,2024-11-21 15:36:00+00:00,2024-11-21 17:36:00+00:00,287.79822715,5.753175188370481,120,4.0
2024,Intp20Stage12XtzCoreRocFilterStrategy,XRP/USDT:USDT,XRP,long,s10_03_xrp_maoff_l_ma_h18m_l5,2024-11-21 19:20:00+00:00,2024-11-21 19:38:00+00:00,-252.70909378,-5.051671137928236,18,5.0
2024,Intp20Stage12XtzCoreRocFilterStrategy,OP/USDT:USDT,OP,long,s10_01_op_maoff_l_mc_h12m_l5,2024-11-22 06:13:00+00:00,2024-11-22 06:25:00+00:00,-96.85551875,-1.9361450531740516,12,5.0
2024,Intp20Stage12XtzCoreRocFilterStrategy,LTC/USDT:USDT,LTC,long,s10_07_ltc_maoff_l_mc_h3m_l5,2024-11-22 06:34:00+00:00,2024-11-22 06:37:00+00:00,-58.3276917,-1.1659725322400487,3,5.0
2024,Intp20Stage12XtzCoreRocFilterStrategy,MKR/USDT:USDT,MKR,short,s9_07_mkr_range_s_mc_h24_l4,2024-11-22 07:46:00+00:00,2024-11-22 09:46:00+00:00,317.65351035,6.356715136541635,120,4.0
2024,Intp20Stage12XtzCoreRocFilterStrategy,AAVE/USDT:USDT,AAVE,long,s9_01_aave_panic_l_mc_h24_l4,2024-11-22 13:31:00+00:00,2024-11-22 15:31:00+00:00,-207.4869747,-4.147714355335947,120,4.0
2024,Intp20Stage12XtzCoreRocFilterStrategy,XRP/USDT:USDT,XRP,long,s10_03_xrp_maoff_l_ma_h18m_l5,2024-11-22 18:26:00+00:00,2024-11-22 18:44:00+00:00,-2.49965121,-0.049968089308535454,18,5.0
2024,Intp20Stage12XtzCoreRocFilterStrategy,MKR/USDT:USDT,MKR,short,s9_07_mkr_range_s_mc_h24_l4,2024-11-22 20:41:00+00:00,2024-11-22 22:41:00+00:00,-198.8499348,-3.9791963020616454,120,4.0
2024,Intp20Stage12XtzCoreRocFilterStrategy,MKR/USDT:USDT,MKR,long,s9_11_mkr_micro_l_mchop_h18_l5,2024-11-23 00:31:00+00:00,2024-11-23 02:01:00+00:00,598.0539012,11.95585761431412,90,5.0
2024,Intp20Stage12XtzCoreRocFilterStrategy,ETH/USDT:USDT,ETH,long,s9_15_eth_micro_l_mc_h18_l5,2024-11-23 04:16:00+00:00,2024-11-23 05:46:00+00:00,-38.56153728,-0.7708945911202071,90,5.0
2024,Intp20Stage12XtzCoreRocFilterStrategy,ETH/USDT:USDT,ETH,long,s9_15_eth_micro_l_mc_h18_l5,2024-11-23 12:36:00+00:00,2024-11-23 14:06:00+00:00,407.65269076,8.14907554004232,90,5.0
2024,Intp20Stage12XtzCoreRocFilterStrategy,ETC/USDT:USDT,ETC,long,s11_03_etc_vstretch_l_mchop_h12m_l5,2024-11-24 03:02:00+00:00,2024-11-24 03:14:00+00:00,102.01228616,2.0392378561549793,12,5.0
2024,Intp20Stage12XtzCoreRocFilterStrategy,XLM/USDT:USDT,XLM,long,s9_04_xlm_panic_l_mc_h12_l4,2024-11-24 15:21:00+00:00,2024-11-24 16:21:00+00:00,1013.86306896,20.267187664297527,60,4.0
2024,Intp20Stage12XtzCoreRocFilterStrategy,XRP/USDT:USDT,XRP,long,s10_03_xrp_maoff_l_ma_h18m_l5,2024-11-24 22:33:00+00:00,2024-11-24 22:51:00+00:00,-122.41699456,-2.4471195201619462,18,5.0
2024,Intp20Stage12XtzCoreRocFilterStrategy,ETC/USDT:USDT,ETC,long,s10_02_etc_maoff_l_mchop_h18m_l5,2024-11-25 00:03:00+00:00,2024-11-25 00:21:00+00:00,-21.51135462,-0.43001673810588775,18,5.0
2024,Intp20Stage12XtzCoreRocFilterStrategy,MKR/USDT:USDT,MKR,short,s9_07_mkr_range_s_mc_h24_l4,2024-11-25 01:11:00+00:00,2024-11-25 03:11:00+00:00,55.5555333,1.1117095668782457,120,4.0
2024,Intp20Stage12XtzCoreRocFilterStrategy,XLM/USDT:USDT,XLM,long,s10_06_xlm_maoff_l_ma_h12m_l5,2024-11-25 08:14:00+00:00,2024-11-25 08:26:00+00:00,686.73049562,13.727849712101337,12,5.0
2024,Intp20Stage12XtzCoreRocFilterStrategy,ETH/USDT:USDT,ETH,long,s9_15_eth_micro_l_mc_h18_l5,2024-11-25 14:21:00+00:00,2024-11-25 15:51:00+00:00,-259.15917268,-5.18129107278396,90,5.0
2024,Intp20Stage12XtzCoreRocFilterStrategy,LTC/USDT:USDT,LTC,long,s10_05_ltc_maoff_l_mchop_h12m_l5,2024-11-25 16:44:00+00:00,2024-11-25 16:56:00+00:00,43.18578256,0.8632858214049987,12,5.0
2024,Intp20Stage12XtzCoreRocFilterStrategy,AAVE/USDT:USDT,AAVE,long,s9_01_aave_panic_l_mc_h24_l4,2024-11-25 15:01:00+00:00,2024-11-25 17:01:00+00:00,513.8790195,10.27321044668326,120,4.0
2024,Intp20Stage12XtzCoreRocFilterStrategy,OP/USDT:USDT,OP,long,s10_01_op_maoff_l_mc_h12m_l5,2024-11-26 05:15:00+00:00,2024-11-26 05:27:00+00:00,166.2355616,3.3230692654028946,12,5.0
2024,Intp20Stage12XtzCoreRocFilterStrategy,MKR/USDT:USDT,MKR,short,s9_24_mkr_vwap_s_mchop_h12_l5,2024-11-26 06:11:00+00:00,2024-11-26 07:11:00+00:00,224.9212875,4.500926339548501,60,5.0
2024,Intp20Stage12XtzCoreRocFilterStrategy,OP/USDT:USDT,OP,long,s10_01_op_maoff_l_mc_h12m_l5,2024-11-26 07:51:00+00:00,2024-11-26 08:03:00+00:00,-66.04074805,-1.3201660368489667,12,5.0
2024,Intp20Stage12XtzCoreRocFilterStrategy,SUI/USDT:USDT,SUI,long,s9_25_sui_vwap_l_lc_h18_l5,2024-11-26 07:06:00+00:00,2024-11-26 08:36:00+00:00,-905.92060494,-18.10939681889367,90,5.0
2024,Intp20Stage12XtzCoreRocFilterStrategy,XLM/USDT:USDT,XLM,long,s9_04_xlm_panic_l_mc_h12_l4,2024-11-26 11:36:00+00:00,2024-11-26 12:36:00+00:00,393.76948766,7.871464211861596,60,4.0
2024,Intp20Stage12XtzCoreRocFilterStrategy,AAVE/USDT:USDT,AAVE,long,s9_01_aave_panic_l_mc_h24_l4,2024-11-26 11:36:00+00:00,2024-11-26 13:36:00+00:00,859.7736352,17.187688460740546,120,4.0
2024,Intp20Stage12XtzCoreRocFilterStrategy,OP/USDT:USDT,OP,long,s10_01_op_maoff_l_mc_h12m_l5,2024-11-26 18:14:00+00:00,2024-11-26 18:26:00+00:00,-242.6499998,-4.850598127333436,12,5.0
2024,Intp20Stage12XtzCoreRocFilterStrategy,XLM/USDT:USDT,XLM,long,s10_06_xlm_maoff_l_ma_h12m_l5,2024-11-27 03:03:00+00:00,2024-11-27 03:15:00+00:00,-105.43096855,-2.107571136176156,12,5.0
2024,Intp20Stage12XtzCoreRocFilterStrategy,MKR/USDT:USDT,MKR,short,s9_07_mkr_range_s_mc_h24_l4,2024-11-28 14:26:00+00:00,2024-11-28 16:26:00+00:00,118.45693225,2.3703520733519263,120,4.0
2024,Intp20Stage12XtzCoreRocFilterStrategy,LTC/USDT:USDT,LTC,short,s9_16_ltc_vwap_s_lc_h18_l5,2024-11-28 16:51:00+00:00,2024-11-28 18:21:00+00:00,-138.39348231,-2.7692549490348757,90,5.0
2024,Intp20Stage12XtzCoreRocFilterStrategy,MKR/USDT:USDT,MKR,short,s9_07_mkr_range_s_mc_h24_l4,2024-11-29 01:16:00+00:00,2024-11-29 03:16:00+00:00,-247.536672,-4.953467625339028,120,4.0
2024,Intp20Stage12XtzCoreRocFilterStrategy,XRP/USDT:USDT,XRP,long,s10_03_xrp_maoff_l_ma_h18m_l5,2024-11-29 03:56:00+00:00,2024-11-29 04:14:00+00:00,-57.12172572,-1.1418638283377915,18,5.0
2024,Intp20Stage12XtzCoreRocFilterStrategy,XTZ/USDT:USDT,XTZ,short,s9_08_xtz_rsi_s_lc_h24_l4,2024-11-29 07:16:00+00:00,2024-11-29 09:16:00+00:00,-67.8324353,-1.3573320524804235,120,4.0
2024,Intp20Stage12XtzCoreRocFilterStrategy,MKR/USDT:USDT,MKR,short,s9_07_mkr_range_s_mc_h24_l4,2024-11-29 11:11:00+00:00,2024-11-29 13:11:00+00:00,-63.38552735,-1.2683608719353838,120,4.0
2024,Intp20Stage12XtzCoreRocFilterStrategy,SOL/USDT:USDT,SOL,short,s9_02_sol_panic_s_mc_h24_l4,2024-11-29 12:11:00+00:00,2024-11-29 14:11:00+00:00,249.886215,5.005567855892268,120,4.0
2024,Intp20Stage12XtzCoreRocFilterStrategy,ETC/USDT:USDT,ETC,long,s10_02_etc_maoff_l_mchop_h18m_l5,2024-11-29 16:20:00+00:00,2024-11-29 16:38:00+00:00,16.00303935,0.31990379262071456,18,5.0
2024,Intp20Stage12XtzCoreRocFilterStrategy,MKR/USDT:USDT,MKR,short,s9_24_mkr_vwap_s_mchop_h12_l5,2024-11-29 17:11:00+00:00,2024-11-29 18:11:00+00:00,-59.65339525,-1.193732708509107,60,5.0
2024,Intp20Stage12XtzCoreRocFilterStrategy,MKR/USDT:USDT,MKR,long,s9_11_mkr_micro_l_mchop_h18_l5,2024-11-29 20:21:00+00:00,2024-11-29 21:51:00+00:00,-99.0016466,-1.9791014929654678,90,5.0
2024,Intp20Stage12XtzCoreRocFilterStrategy,MKR/USDT:USDT,MKR,short,s9_07_mkr_range_s_mc_h24_l4,2024-11-30 00:06:00+00:00,2024-11-30 02:06:00+00:00,-8.9269422,-0.1786417777281735,120,4.0
2024,Intp20Stage12XtzCoreRocFilterStrategy,ETH/USDT:USDT,ETH,long,s9_15_eth_micro_l_mc_h18_l5,2024-11-30 02:36:00+00:00,2024-11-30 04:06:00+00:00,81.906315,1.6375102618716542,90,5.0
2024,Intp20Stage12XtzCoreRocFilterStrategy,ETC/USDT:USDT,ETC,long,s11_03_etc_vstretch_l_mchop_h12m_l5,2024-11-30 04:30:00+00:00,2024-11-30 04:42:00+00:00,50.22943245,1.0040892544846047,12,5.0
2024,Intp20Stage12XtzCoreRocFilterStrategy,XRP/USDT:USDT,XRP,long,s10_03_xrp_maoff_l_ma_h18m_l5,2024-11-30 08:26:00+00:00,2024-11-30 08:44:00+00:00,-10.5289419,-0.21047441952394338,18,5.0
2024,Intp20Stage12XtzCoreRocFilterStrategy,ETC/USDT:USDT,ETC,long,s10_02_etc_maoff_l_mchop_h18m_l5,2024-11-30 08:38:00+00:00,2024-11-30 08:56:00+00:00,96.85975525,1.9362460046655154,18,5.0
2024,Intp20Stage12XtzCoreRocFilterStrategy,MKR/USDT:USDT,MKR,short,s9_24_mkr_vwap_s_mchop_h12_l5,2024-11-30 16:16:00+00:00,2024-11-30 17:16:00+00:00,-22.3017396,-0.4462849247687081,60,5.0
2024,Intp20Stage12XtzCoreRocFilterStrategy,ETH/USDT:USDT,ETH,long,s9_15_eth_micro_l_mc_h18_l5,2024-11-30 23:11:00+00:00,2024-12-01 00:41:00+00:00,-147.06036692,-2.939895247963335,90,5.0
2024,Intp20Stage12XtzCoreRocFilterStrategy,XTZ/USDT:USDT,XTZ,short,s9_08_xtz_rsi_s_lc_h24_l4,2024-11-30 23:31:00+00:00,2024-12-01 01:31:00+00:00,1208.1681082,24.175608360057275,120,4.0
2024,Intp20Stage12XtzCoreRocFilterStrategy,XRP/USDT:USDT,XRP,long,s10_03_xrp_maoff_l_ma_h18m_l5,2024-12-01 07:57:00+00:00,2024-12-01 08:15:00+00:00,121.71834317,2.433154085922769,18,5.0
2024,Intp20Stage12XtzCoreRocFilterStrategy,XLM/USDT:USDT,XLM,long,s10_06_xlm_maoff_l_ma_h12m_l5,2024-12-01 18:17:00+00:00,2024-12-01 18:29:00+00:00,-93.26760935,-1.8644244322401176,12,5.0
2024,Intp20Stage12XtzCoreRocFilterStrategy,XTZ/USDT:USDT,XTZ,short,s9_08_xtz_rsi_s_lc_h24_l4,2024-12-02 07:51:00+00:00,2024-12-02 09:51:00+00:00,525.726747,10.519805357224069,120,4.0
2024,Intp20Stage12XtzCoreRocFilterStrategy,ETC/USDT:USDT,ETC,long,s10_02_etc_maoff_l_mchop_h18m_l5,2024-12-02 14:14:00+00:00,2024-12-02 14:32:00+00:00,165.51170837,3.3085959982644115,18,5.0
2024,Intp20Stage12XtzCoreRocFilterStrategy,MKR/USDT:USDT,MKR,long,s9_11_mkr_micro_l_mchop_h18_l5,2024-12-02 13:16:00+00:00,2024-12-02 14:46:00+00:00,932.85914085,18.648761040020293,90,5.0
2024,Intp20Stage12XtzCoreRocFilterStrategy,XTZ/USDT:USDT,XTZ,short,s9_08_xtz_rsi_s_lc_h24_l4,2024-12-03 10:06:00+00:00,2024-12-03 12:06:00+00:00,-80.1619692,-1.6040491683003255,120,4.0
2024,Intp20Stage12XtzCoreRocFilterStrategy,AAVE/USDT:USDT,AAVE,long,s9_01_aave_panic_l_mc_h24_l4,2024-12-03 13:46:00+00:00,2024-12-03 15:46:00+00:00,747.1284905,14.935435617793555,120,4.0
2024,Intp20Stage12XtzCoreRocFilterStrategy,XRP/USDT:USDT,XRP,long,s10_03_xrp_maoff_l_ma_h18m_l5,2024-12-04 05:17:00+00:00,2024-12-04 05:35:00+00:00,224.37871502,4.485359743435149,18,5.0
2024,Intp20Stage12XtzCoreRocFilterStrategy,LTC/USDT:USDT,LTC,long,s10_07_ltc_maoff_l_mc_h3m_l5,2024-12-04 15:55:00+00:00,2024-12-04 15:58:00+00:00,-19.17131925,-0.3832350211644819,3,5.0
2024,Intp20Stage12XtzCoreRocFilterStrategy,XRP/USDT:USDT,XRP,long,s10_03_xrp_maoff_l_ma_h18m_l5,2024-12-04 19:59:00+00:00,2024-12-04 20:17:00+00:00,198.05627692,3.9591476836873865,18,5.0
2024,Intp20Stage12XtzCoreRocFilterStrategy,XRP/USDT:USDT,XRP,short,s9_10_xrp_rsi_s_mx_h24_l4,2024-12-05 02:46:00+00:00,2024-12-05 04:46:00+00:00,219.8029834,4.3982724012552366,120,4.0
2024,Intp20Stage12XtzCoreRocFilterStrategy,SOL/USDT:USDT,SOL,short,s9_02_sol_panic_s_mc_h24_l4,2024-12-05 03:26:00+00:00,2024-12-05 05:26:00+00:00,50.0156115,1.0013947971835018,120,4.0
2024,Intp20Stage12XtzCoreRocFilterStrategy,MKR/USDT:USDT,MKR,long,s9_11_mkr_micro_l_mchop_h18_l5,2024-12-06 00:56:00+00:00,2024-12-06 02:26:00+00:00,57.29787775,1.1454007653129412,90,5.0
2024,Intp20Stage12XtzCoreRocFilterStrategy,XTZ/USDT:USDT,XTZ,short,s9_08_xtz_rsi_s_lc_h24_l4,2024-12-07 19:06:00+00:00,2024-12-07 21:06:00+00:00,359.4393856,7.192441731183495,120,4.0
2024,Intp20Stage12XtzCoreRocFilterStrategy,ETC/USDT:USDT,ETC,long,s10_02_etc_maoff_l_mchop_h18m_l5,2024-12-08 16:27:00+00:00,2024-12-08 16:45:00+00:00,-29.09122524,-0.581534856804099,18,5.0
2024,Intp20Stage12XtzCoreRocFilterStrategy,MKR/USDT:USDT,MKR,long,s9_11_mkr_micro_l_mchop_h18_l5,2024-12-08 19:46:00+00:00,2024-12-08 21:16:00+00:00,-171.6135,-3.4307133588243923,90,5.0
2024,Intp20Stage12XtzCoreRocFilterStrategy,LTC/USDT:USDT,LTC,long,s10_05_ltc_maoff_l_mchop_h12m_l5,2024-12-09 08:34:00+00:00,2024-12-09 08:46:00+00:00,28.64677706,0.5726502207911313,12,5.0
2024,Intp20Stage12XtzCoreRocFilterStrategy,LTC/USDT:USDT,LTC,long,s10_05_ltc_maoff_l_mchop_h12m_l5,2024-12-10 00:05:00+00:00,2024-12-10 00:17:00+00:00,64.60184683,1.2913964127638642,12,5.0
2024,Intp20Stage12XtzCoreRocFilterStrategy,MKR/USDT:USDT,MKR,short,s9_07_mkr_range_s_mc_h24_l4,2024-12-10 12:11:00+00:00,2024-12-10 14:11:00+00:00,964.9812986,19.309526036382074,120,4.0
2024,Intp20Stage12XtzCoreRocFilterStrategy,SOL/USDT:USDT,SOL,short,s9_02_sol_panic_s_mc_h24_l4,2024-12-10 14:11:00+00:00,2024-12-10 16:11:00+00:00,937.978736,18.78398074900478,120,4.0
2024,Intp20Stage12XtzCoreRocFilterStrategy,XTZ/USDT:USDT,XTZ,short,s9_08_xtz_rsi_s_lc_h24_l4,2024-12-10 14:11:00+00:00,2024-12-10 16:11:00+00:00,1521.3863112,30.44295256872134,120,4.0
2024,Intp20Stage12XtzCoreRocFilterStrategy,XTZ/USDT:USDT,XTZ,short,s9_08_xtz_rsi_s_lc_h24_l4,2024-12-11 02:46:00+00:00,2024-12-11 04:46:00+00:00,193.0225484,3.862399617125809,120,4.0
2024,Intp20Stage12XtzCoreRocFilterStrategy,XLM/USDT:USDT,XLM,long,s10_06_xlm_maoff_l_ma_h12m_l5,2024-12-11 06:03:00+00:00,2024-12-11 06:15:00+00:00,259.07905331,5.179008940810781,12,5.0
2024,Intp20Stage12XtzCoreRocFilterStrategy,MKR/USDT:USDT,MKR,short,s9_07_mkr_range_s_mc_h24_l4,2024-12-11 05:36:00+00:00,2024-12-11 07:36:00+00:00,-353.8924255,-7.081898393096764,120,4.0
2024,Intp20Stage12XtzCoreRocFilterStrategy,XRP/USDT:USDT,XRP,long,s10_03_xrp_maoff_l_ma_h18m_l5,2024-12-11 10:17:00+00:00,2024-12-11 10:35:00+00:00,181.41065579,3.626407563210349,18,5.0
2024,Intp20Stage12XtzCoreRocFilterStrategy,SOL/USDT:USDT,SOL,short,s9_02_sol_panic_s_mc_h24_l4,2024-12-11 08:46:00+00:00,2024-12-11 10:46:00+00:00,-123.54615,-2.4728514779535966,120,4.0
2024,Intp20Stage12XtzCoreRocFilterStrategy,XLM/USDT:USDT,XLM,long,s10_06_xlm_maoff_l_ma_h12m_l5,2024-12-11 20:50:00+00:00,2024-12-11 21:02:00+00:00,59.89872454,1.197384665939848,12,5.0
2024,Intp20Stage12XtzCoreRocFilterStrategy,MKR/USDT:USDT,MKR,long,s9_11_mkr_micro_l_mchop_h18_l5,2024-12-12 02:26:00+00:00,2024-12-12 03:56:00+00:00,1140.6595095,22.80254670474367,90,5.0
2024,Intp20Stage12XtzCoreRocFilterStrategy,MKR/USDT:USDT,MKR,long,s9_11_mkr_micro_l_mchop_h18_l5,2024-12-12 08:26:00+00:00,2024-12-12 09:56:00+00:00,-154.97080245,-3.098025610432509,90,5.0
2024,Intp20Stage12XtzCoreRocFilterStrategy,XTZ/USDT:USDT,XTZ,short,s9_08_xtz_rsi_s_lc_h24_l4,2024-12-12 12:26:00+00:00,2024-12-12 14:26:00+00:00,-73.7540138,-1.4758218598889772,120,4.0
2024,Intp20Stage12XtzCoreRocFilterStrategy,ETC/USDT:USDT,ETC,long,s10_02_etc_maoff_l_mchop_h18m_l5,2024-12-12 15:11:00+00:00,2024-12-12 15:29:00+00:00,87.33874704,1.7459064928471237,18,5.0
2024,Intp20Stage12XtzCoreRocFilterStrategy,ETH/USDT:USDT,ETH,long,s9_15_eth_micro_l_mc_h18_l5,2024-12-13 02:41:00+00:00,2024-12-13 04:11:00+00:00,39.30554329,0.7857331525888512,90,5.0
2024,Intp20Stage12XtzCoreRocFilterStrategy,LTC/USDT:USDT,LTC,long,s10_07_ltc_maoff_l_mc_h3m_l5,2024-12-13 10:25:00+00:00,2024-12-13 10:28:00+00:00,-92.23252539,-1.8437346533157368,3,5.0
2024,Intp20Stage12XtzCoreRocFilterStrategy,ETC/USDT:USDT,ETC,long,s10_02_etc_maoff_l_mchop_h18m_l5,2024-12-13 10:22:00+00:00,2024-12-13 10:40:00+00:00,125.31181231,2.504986339468741,18,5.0
2024,Intp20Stage12XtzCoreRocFilterStrategy,XLM/USDT:USDT,XLM,long,s10_06_xlm_maoff_l_ma_h12m_l5,2024-12-14 00:18:00+00:00,2024-12-14 00:30:00+00:00,13.79856561,0.2758354311677309,12,5.0
2024,Intp20Stage12XtzCoreRocFilterStrategy,AAVE/USDT:USDT,AAVE,long,s9_01_aave_panic_l_mc_h24_l4,2024-12-14 13:31:00+00:00,2024-12-14 15:31:00+00:00,-6.4787455,-0.12952969447695056,120,4.0
2024,Intp20Stage12XtzCoreRocFilterStrategy,MKR/USDT:USDT,MKR,short,s9_07_mkr_range_s_mc_h24_l4,2024-12-14 16:16:00+00:00,2024-12-14 18:16:00+00:00,466.3873104,9.332523657889105,120,4.0
2024,Intp20Stage12XtzCoreRocFilterStrategy,XTZ/USDT:USDT,XTZ,short,s9_08_xtz_rsi_s_lc_h24_l4,2024-12-14 20:11:00+00:00,2024-12-14 22:11:00+00:00,108.72746745,2.1756410728595177,120,4.0
2024,Intp20Stage12XtzCoreRocFilterStrategy,SUI/USDT:USDT,SUI,long,s9_25_sui_vwap_l_lc_h18_l5,2024-12-15 00:06:00+00:00,2024-12-15 01:36:00+00:00,80.42882343,1.607798564976775,90,5.0
2024,Intp20Stage12XtzCoreRocFilterStrategy,XRP/USDT:USDT,XRP,long,s10_03_xrp_maoff_l_ma_h18m_l5,2024-12-15 12:30:00+00:00,2024-12-15 12:48:00+00:00,-103.76269151,-2.0742189976721646,18,5.0
2024,Intp20Stage12XtzCoreRocFilterStrategy,ETC/USDT:USDT,ETC,long,s11_03_etc_vstretch_l_mchop_h12m_l5,2024-12-15 15:15:00+00:00,2024-12-15 15:27:00+00:00,40.84795812,0.8165557372976013,12,5.0
2024,Intp20Stage12XtzCoreRocFilterStrategy,SOL/USDT:USDT,SOL,short,s9_02_sol_panic_s_mc_h24_l4,2024-12-15 23:31:00+00:00,2024-12-16 01:31:00+00:00,-244.999104,-4.90472478406744,120,4.0
2024,Intp20Stage12XtzCoreRocFilterStrategy,OP/USDT:USDT,OP,long,s10_01_op_maoff_l_mc_h12m_l5,2024-12-16 03:23:00+00:00,2024-12-16 03:35:00+00:00,36.82079297,0.7360539806497325,12,5.0
2024,Intp20Stage12XtzCoreRocFilterStrategy,MKR/USDT:USDT,MKR,short,s9_07_mkr_range_s_mc_h24_l4,2024-12-16 03:46:00+00:00,2024-12-16 05:46:00+00:00,-134.777394,-2.6971076195749997,120,4.0
2024,Intp20Stage12XtzCoreRocFilterStrategy,MKR/USDT:USDT,MKR,short,s9_07_mkr_range_s_mc_h24_l4,2024-12-17 04:06:00+00:00,2024-12-17 06:06:00+00:00,-40.39522145,-0.8083114568388748,120,4.0
2024,Intp20Stage12XtzCoreRocFilterStrategy,XTZ/USDT:USDT,XTZ,short,s9_08_xtz_rsi_s_lc_h24_l4,2024-12-17 06:06:00+00:00,2024-12-17 08:06:00+00:00,-19.9999692,-0.400200100050025,120,4.0
2024,Intp20Stage12XtzCoreRocFilterStrategy,LTC/USDT:USDT,LTC,short,s9_16_ltc_vwap_s_lc_h18_l5,2024-12-18 00:06:00+00:00,2024-12-18 01:36:00+00:00,-614.58661,-12.297898849544628,90,5.0
2024,Intp20Stage12XtzCoreRocFilterStrategy,XRP/USDT:USDT,XRP,long,s10_03_xrp_maoff_l_ma_h18m_l5,2024-12-18 12:22:00+00:00,2024-12-18 12:40:00+00:00,-217.06737623,-4.339211252096178,18,5.0
2024,Intp20Stage12XtzCoreRocFilterStrategy,LTC/USDT:USDT,LTC,short,s9_16_ltc_vwap_s_lc_h18_l5,2024-12-18 19:06:00+00:00,2024-12-18 20:36:00+00:00,1075.9352175,21.529490614032888,90,5.0
2024,Intp20Stage12XtzCoreRocFilterStrategy,MKR/USDT:USDT,MKR,long,s9_11_mkr_micro_l_mchop_h18_l5,2024-12-19 04:36:00+00:00,2024-12-19 06:06:00+00:00,216.3767684,4.325496702300619,90,5.0
2024,Intp20Stage12XtzCoreRocFilterStrategy,XLM/USDT:USDT,XLM,long,s9_04_xlm_panic_l_mc_h12_l4,2024-12-19 15:26:00+00:00,2024-12-19 16:26:00+00:00,141.9684472,2.837999883757448,60,4.0
2024,Intp20Stage12XtzCoreRocFilterStrategy,AAVE/USDT:USDT,AAVE,long,s9_01_aave_panic_l_mc_h24_l4,2024-12-19 15:26:00+00:00,2024-12-19 17:26:00+00:00,-412.5308901,-8.247379168612264,120,4.0
2024,Intp20Stage12XtzCoreRocFilterStrategy,AAVE/USDT:USDT,AAVE,long,s9_01_aave_panic_l_mc_h24_l4,2024-12-19 18:26:00+00:00,2024-12-19 20:26:00+00:00,-143.7375264,-2.873626061799822,120,4.0
2024,Intp20Stage12XtzCoreRocFilterStrategy,XLM/USDT:USDT,XLM,long,s9_04_xlm_panic_l_mc_h12_l4,2024-12-19 20:16:00+00:00,2024-12-19 21:16:00+00:00,640.72759627,12.808349691852882,60,4.0
2024,Intp20Stage12XtzCoreRocFilterStrategy,DOGE/USDT:USDT,DOGE,long,s10_04_doge_maoff_l_ma_h12m_l5,2024-12-19 23:04:00+00:00,2024-12-19 23:16:00+00:00,-21.8676564,-0.4371364928629387,12,5.0
2024,Intp20Stage12XtzCoreRocFilterStrategy,COMP/USDT:USDT,COMP,long,s9_05_comp_rsi_l_mx_h24_l4,2024-12-20 10:06:00+00:00,2024-12-20 12:06:00+00:00,-1372.98443406,-27.446041559209693,120,4.0
2024,Intp20Stage12XtzCoreRocFilterStrategy,XLM/USDT:USDT,XLM,long,s9_04_xlm_panic_l_mc_h12_l4,2024-12-20 11:46:00+00:00,2024-12-20 12:46:00+00:00,1452.76279132,29.04083864077035,60,4.0
2024,Intp20Stage12XtzCoreRocFilterStrategy,AAVE/USDT:USDT,AAVE,long,s9_01_aave_panic_l_mc_h24_l4,2024-12-20 11:46:00+00:00,2024-12-20 13:46:00+00:00,1656.473728,33.113553881184046,120,4.0
2024,Intp20Stage12XtzCoreRocFilterStrategy,XLM/USDT:USDT,XLM,long,s10_06_xlm_maoff_l_ma_h12m_l5,2024-12-20 16:29:00+00:00,2024-12-20 16:41:00+00:00,447.74976403,8.950594149410449,12,5.0
2024,Intp20Stage12XtzCoreRocFilterStrategy,OP/USDT:USDT,OP,long,s10_01_op_maoff_l_mc_h12m_l5,2024-12-20 18:35:00+00:00,2024-12-20 18:47:00+00:00,89.19722826,1.7830584163848435,12,5.0
2024,Intp20Stage12XtzCoreRocFilterStrategy,SOL/USDT:USDT,SOL,short,s9_02_sol_panic_s_mc_h24_l4,2024-12-21 07:46:00+00:00,2024-12-21 09:46:00+00:00,657.263117,13.158851927206767,120,4.0
2024,Intp20Stage12XtzCoreRocFilterStrategy,ETC/USDT:USDT,ETC,long,s10_02_etc_maoff_l_mchop_h18m_l5,2024-12-22 01:36:00+00:00,2024-12-22 01:54:00+00:00,115.23303376,2.303518623160071,18,5.0
2024,Intp20Stage12XtzCoreRocFilterStrategy,SUI/USDT:USDT,SUI,long,s9_25_sui_vwap_l_lc_h18_l5,2024-12-22 07:46:00+00:00,2024-12-22 09:16:00+00:00,235.2302784,4.702321862670478,90,5.0
2024,Intp20Stage12XtzCoreRocFilterStrategy,MKR/USDT:USDT,MKR,long,s9_11_mkr_micro_l_mchop_h18_l5,2024-12-22 08:56:00+00:00,2024-12-22 10:26:00+00:00,32.9032835,0.6577696637716025,90,5.0
2024,Intp20Stage12XtzCoreRocFilterStrategy,MKR/USDT:USDT,MKR,short,s9_07_mkr_range_s_mc_h24_l4,2024-12-22 11:36:00+00:00,2024-12-22 13:36:00+00:00,-76.8242687,-1.5372793199909005,120,4.0
2024,Intp20Stage12XtzCoreRocFilterStrategy,AAVE/USDT:USDT,AAVE,long,s9_01_aave_panic_l_mc_h24_l4,2024-12-22 14:41:00+00:00,2024-12-22 16:41:00+00:00,627.9665885,12.55313922288021,120,4.0
2024,Intp20Stage12XtzCoreRocFilterStrategy,XLM/USDT:USDT,XLM,long,s9_04_xlm_panic_l_mc_h12_l4,2024-12-22 20:16:00+00:00,2024-12-22 21:16:00+00:00,501.64854729,10.028048197484818,60,4.0
2024,Intp20Stage12XtzCoreRocFilterStrategy,LTC/USDT:USDT,LTC,short,s9_16_ltc_vwap_s_lc_h18_l5,2024-12-23 01:11:00+00:00,2024-12-23 02:41:00+00:00,-195.78504797,-3.917663219600562,90,5.0
2024,Intp20Stage12XtzCoreRocFilterStrategy,LTC/USDT:USDT,LTC,long,s10_05_ltc_maoff_l_mchop_h12m_l5,2024-12-23 04:45:00+00:00,2024-12-23 04:57:00+00:00,151.34256477,3.0253386454491236,12,5.0
2024,Intp20Stage12XtzCoreRocFilterStrategy,ETC/USDT:USDT,ETC,long,s10_02_etc_maoff_l_mchop_h18m_l5,2024-12-23 04:45:00+00:00,2024-12-23 05:03:00+00:00,26.88812249,0.5374964863203305,18,5.0
2024,Intp20Stage12XtzCoreRocFilterStrategy,XRP/USDT:USDT,XRP,long,s10_03_xrp_maoff_l_ma_h18m_l5,2024-12-23 09:24:00+00:00,2024-12-23 09:42:00+00:00,31.70466972,0.6337774243636589,18,5.0
2024,Intp20Stage12XtzCoreRocFilterStrategy,XLM/USDT:USDT,XLM,long,s9_04_xlm_panic_l_mc_h12_l4,2024-12-23 14:46:00+00:00,2024-12-23 15:46:00+00:00,-177.88325439,-3.5559128214743696,60,4.0
2024,Intp20Stage12XtzCoreRocFilterStrategy,COMP/USDT:USDT,COMP,long,s9_05_comp_rsi_l_mx_h24_l4,2024-12-23 14:56:00+00:00,2024-12-23 16:56:00+00:00,900.40335938,17.999131766680467,120,4.0
2024,Intp20Stage12XtzCoreRocFilterStrategy,OP/USDT:USDT,OP,long,s10_01_op_maoff_l_mc_h12m_l5,2024-12-23 17:48:00+00:00,2024-12-23 18:00:00+00:00,-53.9461619,-1.0783856747707345,12,5.0
2024,Intp20Stage12XtzCoreRocFilterStrategy,XLM/USDT:USDT,XLM,long,s10_06_xlm_maoff_l_ma_h12m_l5,2024-12-24 18:10:00+00:00,2024-12-24 18:22:00+00:00,-20.69629861,-0.4137205072127639,12,5.0
2024,Intp20Stage12XtzCoreRocFilterStrategy,SOL/USDT:USDT,SOL,short,s9_02_sol_panic_s_mc_h24_l4,2024-12-24 18:06:00+00:00,2024-12-24 20:06:00+00:00,253.1800775,5.068303851357035,120,4.0
2024,Intp20Stage12XtzCoreRocFilterStrategy,SOL/USDT:USDT,SOL,short,s9_02_sol_panic_s_mc_h24_l4,2024-12-25 10:26:00+00:00,2024-12-25 12:26:00+00:00,373.5957225,7.477905369025757,120,4.0
2024,Intp20Stage12XtzCoreRocFilterStrategy,XLM/USDT:USDT,XLM,long,s10_06_xlm_maoff_l_ma_h12m_l5,2024-12-25 13:23:00+00:00,2024-12-25 13:35:00+00:00,-65.98147082,-1.3189867110556261,12,5.0
2024,Intp20Stage12XtzCoreRocFilterStrategy,APT/USDT:USDT,APT,long,s11_06_apt_vstretch_l_mchop_h12m_l5,2024-12-25 20:44:00+00:00,2024-12-25 20:56:00+00:00,-88.50952744,-1.7693605004403503,12,5.0
2024,Intp20Stage12XtzCoreRocFilterStrategy,MKR/USDT:USDT,MKR,short,s9_07_mkr_range_s_mc_h24_l4,2024-12-25 20:46:00+00:00,2024-12-25 22:46:00+00:00,67.1515572,1.3437032104902626,120,4.0
2024,Intp20Stage12XtzCoreRocFilterStrategy,XTZ/USDT:USDT,XTZ,short,s9_08_xtz_rsi_s_lc_h24_l4,2024-12-25 22:36:00+00:00,2024-12-26 00:36:00+00:00,-117.950931,-2.3602010795607593,120,4.0
2024,Intp20Stage12XtzCoreRocFilterStrategy,MKR/USDT:USDT,MKR,short,s9_07_mkr_range_s_mc_h24_l4,2024-12-26 00:31:00+00:00,2024-12-26 02:31:00+00:00,70.51478,1.4111101793671401,120,4.0
2024,Intp20Stage12XtzCoreRocFilterStrategy,XTZ/USDT:USDT,XTZ,short,s9_08_xtz_rsi_s_lc_h24_l4,2024-12-26 11:21:00+00:00,2024-12-26 13:21:00+00:00,374.6456294,7.496662867591576,120,4.0
2024,Intp20Stage12XtzCoreRocFilterStrategy,MKR/USDT:USDT,MKR,short,s9_24_mkr_vwap_s_mchop_h12_l5,2024-12-26 14:21:00+00:00,2024-12-26 15:21:00+00:00,64.7291129,1.2952957464969521,60,5.0
2024,Intp20Stage12XtzCoreRocFilterStrategy,LTC/USDT:USDT,LTC,long,s10_07_ltc_maoff_l_mc_h3m_l5,2024-12-26 23:07:00+00:00,2024-12-26 23:10:00+00:00,-39.74898442,-0.7945854913173025,3,5.0
2024,Intp20Stage12XtzCoreRocFilterStrategy,MKR/USDT:USDT,MKR,long,s9_11_mkr_micro_l_mchop_h18_l5,2024-12-27 01:31:00+00:00,2024-12-27 03:01:00+00:00,70.6622209,1.412553732218311,90,5.0
2024,Intp20Stage12XtzCoreRocFilterStrategy,SUI/USDT:USDT,SUI,long,s9_25_sui_vwap_l_lc_h18_l5,2024-12-27 02:56:00+00:00,2024-12-27 04:26:00+00:00,181.83978192,3.635009183579743,90,5.0
2024,Intp20Stage12XtzCoreRocFilterStrategy,OP/USDT:USDT,OP,long,s10_01_op_maoff_l_mc_h12m_l5,2024-12-27 13:39:00+00:00,2024-12-27 13:51:00+00:00,-40.93322172,-0.8182581752324857,12,5.0
2024,Intp20Stage12XtzCoreRocFilterStrategy,AAVE/USDT:USDT,AAVE,long,s9_01_aave_panic_l_mc_h24_l4,2024-12-27 14:51:00+00:00,2024-12-27 16:51:00+00:00,-349.664676,-6.990640293781027,120,4.0
2024,Intp20Stage12XtzCoreRocFilterStrategy,XTZ/USDT:USDT,XTZ,short,s9_08_xtz_rsi_s_lc_h24_l4,2024-12-27 17:46:00+00:00,2024-12-27 19:46:00+00:00,-408.543148,-8.174961267041288,120,4.0
2024,Intp20Stage12XtzCoreRocFilterStrategy,OP/USDT:USDT,OP,long,s10_01_op_maoff_l_mc_h12m_l5,2024-12-28 02:52:00+00:00,2024-12-28 03:04:00+00:00,77.24526232,1.5441430901204471,12,5.0
2024,Intp20Stage12XtzCoreRocFilterStrategy,LTC/USDT:USDT,LTC,short,s9_16_ltc_vwap_s_lc_h18_l5,2024-12-28 12:16:00+00:00,2024-12-28 13:46:00+00:00,-19.9748802,-0.3996975886235433,90,5.0
2024,Intp20Stage12XtzCoreRocFilterStrategy,SUI/USDT:USDT,SUI,long,s9_25_sui_vwap_l_lc_h18_l5,2024-12-28 13:56:00+00:00,2024-12-28 15:26:00+00:00,252.24929653,5.042486979992343,90,5.0
2024,Intp20Stage12XtzCoreRocFilterStrategy,MKR/USDT:USDT,MKR,long,s9_11_mkr_micro_l_mchop_h18_l5,2024-12-28 14:01:00+00:00,2024-12-28 15:31:00+00:00,60.72751665,1.2139677183676416,90,5.0
2024,Intp20Stage12XtzCoreRocFilterStrategy,MKR/USDT:USDT,MKR,short,s9_07_mkr_range_s_mc_h24_l4,2024-12-29 00:06:00+00:00,2024-12-29 02:06:00+00:00,108.39855045,2.169129677620765,120,4.0
2024,Intp20Stage12XtzCoreRocFilterStrategy,XTZ/USDT:USDT,XTZ,short,s9_08_xtz_rsi_s_lc_h24_l4,2024-12-29 04:01:00+00:00,2024-12-29 06:01:00+00:00,289.793955,5.798817776235056,120,4.0
2024,Intp20Stage12XtzCoreRocFilterStrategy,MKR/USDT:USDT,MKR,short,s9_07_mkr_range_s_mc_h24_l4,2024-12-29 05:21:00+00:00,2024-12-29 07:21:00+00:00,-142.4768292,-2.851044588518131,120,4.0
2024,Intp20Stage12XtzCoreRocFilterStrategy,MKR/USDT:USDT,MKR,short,s9_07_mkr_range_s_mc_h24_l4,2024-12-29 11:16:00+00:00,2024-12-29 13:16:00+00:00,55.61204,1.1128112756619368,120,4.0
2024,Intp20Stage12XtzCoreRocFilterStrategy,XTZ/USDT:USDT,XTZ,short,s9_08_xtz_rsi_s_lc_h24_l4,2024-12-29 19:51:00+00:00,2024-12-29 21:51:00+00:00,-227.6634492,-4.5555765280713,120,4.0
2024,Intp20Stage12XtzCoreRocFilterStrategy,ETH/USDT:USDT,ETH,long,s9_15_eth_micro_l_mc_h18_l5,2024-12-30 00:21:00+00:00,2024-12-30 01:51:00+00:00,274.27539629,5.482882468209337,90,5.0
2024,Intp20Stage12XtzCoreRocFilterStrategy,MKR/USDT:USDT,MKR,long,s9_11_mkr_micro_l_mchop_h18_l5,2024-12-30 01:21:00+00:00,2024-12-30 02:51:00+00:00,117.2787255,2.344449216585503,90,5.0
2024,Intp20Stage12XtzCoreRocFilterStrategy,LTC/USDT:USDT,LTC,long,s10_05_ltc_maoff_l_mchop_h12m_l5,2024-12-30 08:34:00+00:00,2024-12-30 08:46:00+00:00,88.3218515,1.7655571307316862,12,5.0
2024,Intp20Stage12XtzCoreRocFilterStrategy,AAVE/USDT:USDT,AAVE,long,s9_01_aave_panic_l_mc_h24_l4,2024-12-30 13:56:00+00:00,2024-12-30 15:56:00+00:00,42.4150526,0.8479566008950464,120,4.0
2024,Intp20Stage12XtzCoreRocFilterStrategy,MKR/USDT:USDT,MKR,short,s9_24_mkr_vwap_s_mchop_h12_l5,2024-12-31 06:16:00+00:00,2024-12-31 07:16:00+00:00,-28.3703486,-0.5677029889607877,60,5.0
2024,Intp20Stage12XtzCoreRocFilterStrategy,LTC/USDT:USDT,LTC,short,s9_16_ltc_vwap_s_lc_h18_l5,2024-12-31 06:16:00+00:00,2024-12-31 07:46:00+00:00,-9.77938493,-0.1956860783332843,90,5.0
2024,Intp20Stage12XtzCoreRocFilterStrategy,OP/USDT:USDT,OP,long,s10_01_op_maoff_l_mc_h12m_l5,2024-12-31 16:34:00+00:00,2024-12-31 16:46:00+00:00,153.94037956,3.077275662720763,12,5.0
2025,Intp20Stage12XtzCoreRocFilterStrategy,XRP/USDT:USDT,XRP,long,s10_03_xrp_maoff_l_ma_h18m_l5,2025-01-02 04:20:00+00:00,2025-01-02 04:38:00+00:00,-0.07170411,-0.0014333773380176106,18,5.0
2025,Intp20Stage12XtzCoreRocFilterStrategy,XTZ/USDT:USDT,XTZ,short,s9_08_xtz_rsi_s_lc_h24_l4,2025-01-02 04:46:00+00:00,2025-01-02 06:46:00+00:00,240.9991083,4.822411205602801,120,4.0
2025,Intp20Stage12XtzCoreRocFilterStrategy,SOL/USDT:USDT,SOL,short,s9_02_sol_panic_s_mc_h24_l4,2025-01-02 11:41:00+00:00,2025-01-02 13:41:00+00:00,-25.74336,-0.5156280153241469,120,4.0
2025,Intp20Stage12XtzCoreRocFilterStrategy,OP/USDT:USDT,OP,long,s10_01_op_maoff_l_mc_h12m_l5,2025-01-02 17:37:00+00:00,2025-01-02 17:49:00+00:00,-217.27182138,-4.343291643694023,12,5.0
2025,Intp20Stage12XtzCoreRocFilterStrategy,XLM/USDT:USDT,XLM,long,s10_06_xlm_maoff_l_ma_h12m_l5,2025-01-03 09:38:00+00:00,2025-01-03 09:50:00+00:00,93.40480776,1.867177487433071,12,5.0
2025,Intp20Stage12XtzCoreRocFilterStrategy,SOL/USDT:USDT,SOL,short,s9_02_sol_panic_s_mc_h24_l4,2025-01-03 14:46:00+00:00,2025-01-03 16:46:00+00:00,-134.9271205,-2.7006103134299146,120,4.0
2025,Intp20Stage12XtzCoreRocFilterStrategy,XLM/USDT:USDT,XLM,long,s10_06_xlm_maoff_l_ma_h12m_l5,2025-01-04 02:46:00+00:00,2025-01-04 02:58:00+00:00,-5.49661805,-0.10987776721714242,12,5.0
2025,Intp20Stage12XtzCoreRocFilterStrategy,MKR/USDT:USDT,MKR,short,s9_07_mkr_range_s_mc_h24_l4,2025-01-04 08:21:00+00:00,2025-01-04 10:21:00+00:00,152.0308107,3.042143108345373,120,4.0
2025,Intp20Stage12XtzCoreRocFilterStrategy,XLM/USDT:USDT,XLM,long,s9_04_xlm_panic_l_mc_h12_l4,2025-01-05 10:01:00+00:00,2025-01-05 11:01:00+00:00,35.97247936,0.7190914652609204,60,4.0
2025,Intp20Stage12XtzCoreRocFilterStrategy,SUI/USDT:USDT,SUI,long,s9_25_sui_vwap_l_lc_h18_l5,2025-01-05 14:26:00+00:00,2025-01-05 15:56:00+00:00,193.42750505,3.8666961650492175,90,5.0
2025,Intp20Stage12XtzCoreRocFilterStrategy,SUI/USDT:USDT,SUI,long,s9_25_sui_vwap_l_lc_h18_l5,2025-01-05 21:56:00+00:00,2025-01-05 23:26:00+00:00,215.338282,4.304701321428343,90,5.0
2025,Intp20Stage12XtzCoreRocFilterStrategy,SUI/USDT:USDT,SUI,long,s9_25_sui_vwap_l_lc_h18_l5,2025-01-06 14:26:00+00:00,2025-01-06 15:56:00+00:00,388.22773621,7.760833695191925,90,5.0
2025,Intp20Stage12XtzCoreRocFilterStrategy,XTZ/USDT:USDT,XTZ,long,s11_05_xtz_vstretch_l_mchop_h8m_l5,2025-01-06 17:06:00+00:00,2025-01-06 17:14:00+00:00,-59.1590022,-1.1825939388473912,8,5.0
2025,Intp20Stage12XtzCoreRocFilterStrategy,SOL/USDT:USDT,SOL,long,s11_02_sol_vstretch_l_mchop_h12m_l5,2025-01-06 17:18:00+00:00,2025-01-06 17:30:00+00:00,-102.326684,-2.0470358843901666,12,5.0
2025,Intp20Stage12XtzCoreRocFilterStrategy,APT/USDT:USDT,APT,long,s11_01_apt_vstretch_l_ma_h12m_l5,2025-01-06 21:14:00+00:00,2025-01-06 21:26:00+00:00,-158.24849593,-3.163447224043863,12,5.0
2025,Intp20Stage12XtzCoreRocFilterStrategy,LTC/USDT:USDT,LTC,long,s10_07_ltc_maoff_l_mc_h3m_l5,2025-01-07 20:46:00+00:00,2025-01-07 20:49:00+00:00,109.14449277,2.18180319298384,3,5.0
2025,Intp20Stage12XtzCoreRocFilterStrategy,LTC/USDT:USDT,LTC,long,s10_05_ltc_maoff_l_mchop_h12m_l5,2025-01-08 05:55:00+00:00,2025-01-08 06:07:00+00:00,50.4172804,1.0078448263914872,12,5.0
2025,Intp20Stage12XtzCoreRocFilterStrategy,LTC/USDT:USDT,LTC,long,s10_07_ltc_maoff_l_mc_h3m_l5,2025-01-08 06:21:00+00:00,2025-01-08 06:24:00+00:00,-12.80263939,-0.25592495160949247,3,5.0
2025,Intp20Stage12XtzCoreRocFilterStrategy,MKR/USDT:USDT,MKR,long,s9_11_mkr_micro_l_mchop_h18_l5,2025-01-08 15:06:00+00:00,2025-01-08 16:36:00+00:00,-96.9602946,-1.938245084808117,90,5.0
2025,Intp20Stage12XtzCoreRocFilterStrategy,LTC/USDT:USDT,LTC,short,s9_16_ltc_vwap_s_lc_h18_l5,2025-01-08 16:16:00+00:00,2025-01-08 17:46:00+00:00,687.4798881,13.756512438250146,90,5.0
2025,Intp20Stage12XtzCoreRocFilterStrategy,XRP/USDT:USDT,XRP,long,s10_03_xrp_maoff_l_ma_h18m_l5,2025-01-08 19:36:00+00:00,2025-01-08 19:54:00+00:00,102.7243052,2.053467526578924,18,5.0
2025,Intp20Stage12XtzCoreRocFilterStrategy,XTZ/USDT:USDT,XTZ,long,s11_05_xtz_vstretch_l_mchop_h8m_l5,2025-01-09 00:15:00+00:00,2025-01-09 00:23:00+00:00,-572.1691755,-11.437711801033789,8,5.0
2025,Intp20Stage12XtzCoreRocFilterStrategy,XRP/USDT:USDT,XRP,long,s10_03_xrp_maoff_l_ma_h18m_l5,2025-01-10 01:23:00+00:00,2025-01-10 01:41:00+00:00,70.10989224,1.401507797044206,18,5.0
2025,Intp20Stage12XtzCoreRocFilterStrategy,LTC/USDT:USDT,LTC,short,s9_16_ltc_vwap_s_lc_h18_l5,2025-01-12 16:06:00+00:00,2025-01-12 17:36:00+00:00,-255.94346761,-5.12144982988422,90,5.0
2025,Intp20Stage12XtzCoreRocFilterStrategy,LTC/USDT:USDT,LTC,short,s9_16_ltc_vwap_s_lc_h18_l5,2025-01-14 08:56:00+00:00,2025-01-14 10:26:00+00:00,-382.24829642,-7.648805156124738,90,5.0
2025,Intp20Stage12XtzCoreRocFilterStrategy,DOGE/USDT:USDT,DOGE,short,s11_04_doge_vstretch_s_mchop_h12m_l5,2025-01-14 17:15:00+00:00,2025-01-14 17:27:00+00:00,3.91047183,0.07824869809735721,12,5.0
2025,Intp20Stage12XtzCoreRocFilterStrategy,MKR/USDT:USDT,MKR,short,s9_07_mkr_range_s_mc_h24_l4,2025-01-15 00:01:00+00:00,2025-01-15 02:01:00+00:00,-158.09368125,-3.1635868788008246,120,4.0
2025,Intp20Stage12XtzCoreRocFilterStrategy,XRP/USDT:USDT,XRP,long,s10_03_xrp_maoff_l_ma_h18m_l5,2025-01-15 07:33:00+00:00,2025-01-15 07:51:00+00:00,308.95174102,6.17594695073242,18,5.0
2025,Intp20Stage12XtzCoreRocFilterStrategy,XLM/USDT:USDT,XLM,long,s9_04_xlm_panic_l_mc_h12_l4,2025-01-16 14:51:00+00:00,2025-01-16 15:51:00+00:00,321.40108548,6.424880396249111,60,4.0
2025,Intp20Stage12XtzCoreRocFilterStrategy,SUI/USDT:USDT,SUI,long,s9_25_sui_vwap_l_lc_h18_l5,2025-01-17 13:46:00+00:00,2025-01-17 15:16:00+00:00,359.88003019,7.194022720833783,90,5.0
2025,Intp20Stage12XtzCoreRocFilterStrategy,XLM/USDT:USDT,XLM,long,s10_06_xlm_maoff_l_ma_h12m_l5,2025-01-17 15:29:00+00:00,2025-01-17 15:41:00+00:00,105.15009078,2.101977595832332,12,5.0
2025,Intp20Stage12XtzCoreRocFilterStrategy,XRP/USDT:USDT,XRP,long,s10_03_xrp_maoff_l_ma_h18m_l5,2025-01-17 15:24:00+00:00,2025-01-17 15:42:00+00:00,-184.4218818,-3.686601322728131,18,5.0
2025,Intp20Stage12XtzCoreRocFilterStrategy,XLM/USDT:USDT,XLM,long,s10_06_xlm_maoff_l_ma_h12m_l5,2025-01-17 17:16:00+00:00,2025-01-17 17:28:00+00:00,31.73372388,0.6343663006083303,12,5.0
2025,Intp20Stage12XtzCoreRocFilterStrategy,LTC/USDT:USDT,LTC,short,s9_16_ltc_vwap_s_lc_h18_l5,2025-01-17 16:26:00+00:00,2025-01-17 17:56:00+00:00,-144.58889602,-2.893226679440529,90,5.0
2025,Intp20Stage12XtzCoreRocFilterStrategy,MKR/USDT:USDT,MKR,long,s9_11_mkr_micro_l_mchop_h18_l5,2025-01-17 20:51:00+00:00,2025-01-17 22:21:00+00:00,-120.364951,-2.406109696463702,90,5.0
2025,Intp20Stage12XtzCoreRocFilterStrategy,XRP/USDT:USDT,XRP,long,s10_03_xrp_maoff_l_ma_h18m_l5,2025-01-18 09:35:00+00:00,2025-01-18 09:53:00+00:00,114.26997854,2.2842810368746465,18,5.0
2025,Intp20Stage12XtzCoreRocFilterStrategy,MKR/USDT:USDT,MKR,short,s9_07_mkr_range_s_mc_h24_l4,2025-01-18 14:41:00+00:00,2025-01-18 16:41:00+00:00,154.811962,3.097881070499148,120,4.0
2025,Intp20Stage12XtzCoreRocFilterStrategy,SOL/USDT:USDT,SOL,short,s9_02_sol_panic_s_mc_h24_l4,2025-01-18 16:01:00+00:00,2025-01-18 18:01:00+00:00,438.033186,8.768679984106974,120,4.0
2025,Intp20Stage12XtzCoreRocFilterStrategy,MKR/USDT:USDT,MKR,long,s9_11_mkr_micro_l_mchop_h18_l5,2025-01-19 01:16:00+00:00,2025-01-19 02:46:00+00:00,258.4530357,5.1666082524504535,90,5.0
2025,Intp20Stage12XtzCoreRocFilterStrategy,XTZ/USDT:USDT,XTZ,long,s11_05_xtz_vstretch_l_mchop_h8m_l5,2025-01-19 03:27:00+00:00,2025-01-19 03:35:00+00:00,68.79666985,1.3752508130319225,8,5.0
2025,Intp20Stage12XtzCoreRocFilterStrategy,MKR/USDT:USDT,MKR,short,s9_07_mkr_range_s_mc_h24_l4,2025-01-19 07:16:00+00:00,2025-01-19 09:16:00+00:00,911.75862555,18.244366814799918,120,4.0
2025,Intp20Stage12XtzCoreRocFilterStrategy,AAVE/USDT:USDT,AAVE,long,s9_01_aave_panic_l_mc_h24_l4,2025-01-19 09:21:00+00:00,2025-01-19 11:21:00+00:00,295.0684875,5.8987449707035235,120,4.0
2025,Intp20Stage12XtzCoreRocFilterStrategy,MKR/USDT:USDT,MKR,short,s9_07_mkr_range_s_mc_h24_l4,2025-01-19 21:06:00+00:00,2025-01-19 23:06:00+00:00,712.10334265,14.249315417768496,120,4.0
2025,Intp20Stage12XtzCoreRocFilterStrategy,ETC/USDT:USDT,ETC,long,s10_02_etc_maoff_l_mchop_h18m_l5,2025-01-20 03:28:00+00:00,2025-01-20 03:46:00+00:00,183.45444982,3.667274309453996,18,5.0
2025,Intp20Stage12XtzCoreRocFilterStrategy,XRP/USDT:USDT,XRP,short,s9_10_xrp_rsi_s_mx_h24_l4,2025-01-20 08:26:00+00:00,2025-01-20 10:26:00+00:00,-80.93338767,-1.6194826607249846,120,4.0
2025,Intp20Stage12XtzCoreRocFilterStrategy,XLM/USDT:USDT,XLM,long,s9_04_xlm_panic_l_mc_h12_l4,2025-01-20 17:11:00+00:00,2025-01-20 18:11:00+00:00,-360.19869158,-7.2004614400039495,60,4.0
2025,Intp20Stage12XtzCoreRocFilterStrategy,COMP/USDT:USDT,COMP,long,s9_05_comp_rsi_l_mx_h24_l4,2025-01-20 17:36:00+00:00,2025-01-20 19:36:00+00:00,767.86419001,15.349662059483887,120,4.0
2025,Intp20Stage12XtzCoreRocFilterStrategy,SOL/USDT:USDT,SOL,long,s11_02_sol_vstretch_l_mchop_h12m_l5,2025-01-21 07:53:00+00:00,2025-01-21 08:05:00+00:00,96.351615,1.926248021183682,12,5.0
2025,Intp20Stage12XtzCoreRocFilterStrategy,MKR/USDT:USDT,MKR,long,s9_11_mkr_micro_l_mchop_h18_l5,2025-01-21 10:21:00+00:00,2025-01-21 11:51:00+00:00,313.8521688,6.27392639897026,90,5.0
2025,Intp20Stage12XtzCoreRocFilterStrategy,MKR/USDT:USDT,MKR,short,s9_24_mkr_vwap_s_mchop_h12_l5,2025-01-22 01:01:00+00:00,2025-01-22 02:01:00+00:00,109.419293,2.1895784744579583,60,5.0
2025,Intp20Stage12XtzCoreRocFilterStrategy,MKR/USDT:USDT,MKR,short,s9_24_mkr_vwap_s_mchop_h12_l5,2025-01-22 02:56:00+00:00,2025-01-22 03:56:00+00:00,71.5583046,1.431884873876098,60,5.0
2025,Intp20Stage12XtzCoreRocFilterStrategy,SOL/USDT:USDT,SOL,long,s11_02_sol_vstretch_l_mchop_h12m_l5,2025-01-22 18:18:00+00:00,2025-01-22 18:30:00+00:00,-41.547431,-0.8306094371477812,12,5.0
2025,Intp20Stage12XtzCoreRocFilterStrategy,MKR/USDT:USDT,MKR,short,s9_24_mkr_vwap_s_mchop_h12_l5,2025-01-22 17:46:00+00:00,2025-01-22 18:46:00+00:00,128.628324,2.573930480477659,60,5.0
2025,Intp20Stage12XtzCoreRocFilterStrategy,DOGE/USDT:USDT,DOGE,short,s11_04_doge_vstretch_s_mchop_h12m_l5,2025-01-23 03:19:00+00:00,2025-01-23 03:31:00+00:00,-17.27018943,-0.34557944796249784,12,5.0
2025,Intp20Stage12XtzCoreRocFilterStrategy,OP/USDT:USDT,OP,long,s10_01_op_maoff_l_mc_h12m_l5,2025-01-23 12:23:00+00:00,2025-01-23 12:35:00+00:00,184.84042899,3.694961349029762,12,5.0
2025,Intp20Stage12XtzCoreRocFilterStrategy,ETC/USDT:USDT,ETC,long,s10_02_etc_maoff_l_mchop_h18m_l5,2025-01-23 16:54:00+00:00,2025-01-23 17:12:00+00:00,-297.13495574,-5.939747943749642,18,5.0
2025,Intp20Stage12XtzCoreRocFilterStrategy,LTC/USDT:USDT,LTC,long,s10_05_ltc_maoff_l_mchop_h12m_l5,2025-01-23 18:44:00+00:00,2025-01-23 18:56:00+00:00,-55.5389876,-1.1102262050991092,12,5.0
2025,Intp20Stage12XtzCoreRocFilterStrategy,LTC/USDT:USDT,LTC,long,s10_07_ltc_maoff_l_mc_h3m_l5,2025-01-24 02:49:00+00:00,2025-01-24 02:52:00+00:00,58.96920186,1.1787968767650132,3,5.0
2025,Intp20Stage12XtzCoreRocFilterStrategy,OP/USDT:USDT,OP,long,s10_01_op_maoff_l_mc_h12m_l5,2025-01-24 14:35:00+00:00,2025-01-24 14:47:00+00:00,206.94709098,4.136890342504194,12,5.0
2025,Intp20Stage12XtzCoreRocFilterStrategy,APT/USDT:USDT,APT,long,s11_01_apt_vstretch_l_ma_h12m_l5,2025-01-24 15:45:00+00:00,2025-01-24 15:57:00+00:00,130.7661408,2.6140976230777198,12,5.0
2025,Intp20Stage12XtzCoreRocFilterStrategy,MKR/USDT:USDT,MKR,short,s9_24_mkr_vwap_s_mchop_h12_l5,2025-01-26 13:11:00+00:00,2025-01-26 14:11:00+00:00,61.81332175,1.2368965982708846,60,5.0
2025,Intp20Stage12XtzCoreRocFilterStrategy,XLM/USDT:USDT,XLM,long,s9_04_xlm_panic_l_mc_h12_l4,2025-01-26 23:26:00+00:00,2025-01-27 00:26:00+00:00,-288.19171912,-5.761056959234163,60,4.0
2025,Intp20Stage12XtzCoreRocFilterStrategy,AAVE/USDT:USDT,AAVE,long,s9_01_aave_panic_l_mc_h24_l4,2025-01-26 23:26:00+00:00,2025-01-27 01:26:00+00:00,-484.14962195,-9.679066195051696,120,4.0
2025,Intp20Stage12XtzCoreRocFilterStrategy,XLM/USDT:USDT,XLM,long,s9_04_xlm_panic_l_mc_h12_l4,2025-01-27 06:51:00+00:00,2025-01-27 07:51:00+00:00,-284.03804412,-5.6779306654525055,60,4.0
2025,Intp20Stage12XtzCoreRocFilterStrategy,LTC/USDT:USDT,LTC,long,s10_07_ltc_maoff_l_mc_h3m_l5,2025-01-27 16:38:00+00:00,2025-01-27 16:41:00+00:00,-9.27325764,-0.1853730569428284,3,5.0
2025,Intp20Stage12XtzCoreRocFilterStrategy,LTC/USDT:USDT,LTC,long,s10_07_ltc_maoff_l_mc_h3m_l5,2025-01-28 21:39:00+00:00,2025-01-28 21:42:00+00:00,-27.26141804,-0.544957858657783,3,5.0
2025,Intp20Stage12XtzCoreRocFilterStrategy,MKR/USDT:USDT,MKR,short,s9_07_mkr_range_s_mc_h24_l4,2025-01-29 11:51:00+00:00,2025-01-29 13:51:00+00:00,145.809477,2.91773793873681,120,4.0
2025,Intp20Stage12XtzCoreRocFilterStrategy,SOL/USDT:USDT,SOL,short,s9_02_sol_panic_s_mc_h24_l4,2025-01-29 20:36:00+00:00,2025-01-29 22:36:00+00:00,79.1627375,1.5851712939025882,120,4.0
2025,Intp20Stage12XtzCoreRocFilterStrategy,MKR/USDT:USDT,MKR,short,s9_07_mkr_range_s_mc_h24_l4,2025-01-30 12:11:00+00:00,2025-01-30 14:11:00+00:00,-18.21870005,-0.36455828056453005,120,4.0
2025,Intp20Stage12XtzCoreRocFilterStrategy,SUI/USDT:USDT,SUI,long,s9_25_sui_vwap_l_lc_h18_l5,2025-01-31 02:06:00+00:00,2025-01-31 03:36:00+00:00,-420.79277372,-8.411720573838403,90,5.0
2025,Intp20Stage12XtzCoreRocFilterStrategy,MKR/USDT:USDT,MKR,long,s9_11_mkr_micro_l_mchop_h18_l5,2025-01-31 06:06:00+00:00,2025-01-31 07:36:00+00:00,494.952442,9.89431867257075,90,5.0
2025,Intp20Stage12XtzCoreRocFilterStrategy,XLM/USDT:USDT,XLM,long,s9_04_xlm_panic_l_mc_h12_l4,2025-01-31 18:41:00+00:00,2025-01-31 19:41:00+00:00,139.69243158,2.7924855829185122,60,4.0
2025,Intp20Stage12XtzCoreRocFilterStrategy,AAVE/USDT:USDT,AAVE,long,s9_01_aave_panic_l_mc_h24_l4,2025-01-31 18:41:00+00:00,2025-01-31 20:41:00+00:00,53.0065032,1.0596863050976082,120,4.0
2025,Intp20Stage12XtzCoreRocFilterStrategy,LTC/USDT:USDT,LTC,long,s10_07_ltc_maoff_l_mc_h3m_l5,2025-02-01 22:14:00+00:00,2025-02-01 22:17:00+00:00,-58.1563455,-1.1625469401640198,3,5.0
2025,Intp20Stage12XtzCoreRocFilterStrategy,LTC/USDT:USDT,LTC,long,s10_05_ltc_maoff_l_mchop_h12m_l5,2025-02-02 00:01:00+00:00,2025-02-02 00:13:00+00:00,104.12859576,2.081537171095916,12,5.0
2025,Intp20Stage12XtzCoreRocFilterStrategy,AAVE/USDT:USDT,AAVE,long,s9_01_aave_panic_l_mc_h24_l4,2025-02-02 03:21:00+00:00,2025-02-02 05:21:00+00:00,298.8071912,5.9737168631730535,120,4.0
2025,Intp20Stage12XtzCoreRocFilterStrategy,XLM/USDT:USDT,XLM,long,s9_04_xlm_panic_l_mc_h12_l4,2025-02-02 11:51:00+00:00,2025-02-02 12:51:00+00:00,-243.69138816,-4.871409156069737,60,4.0
2025,Intp20Stage12XtzCoreRocFilterStrategy,APT/USDT:USDT,APT,long,s11_06_apt_vstretch_l_mchop_h12m_l5,2025-02-02 15:06:00+00:00,2025-02-02 15:18:00+00:00,100.66366436,2.012307993011445,12,5.0
2025,Intp20Stage12XtzCoreRocFilterStrategy,XLM/USDT:USDT,XLM,long,s9_04_xlm_panic_l_mc_h12_l4,2025-02-03 00:26:00+00:00,2025-02-03 01:26:00+00:00,-823.55487468,-16.463069190148918,60,4.0
2025,Intp20Stage12XtzCoreRocFilterStrategy,COMP/USDT:USDT,COMP,long,s9_05_comp_rsi_l_mx_h24_l4,2025-02-03 01:51:00+00:00,2025-02-03 03:51:00+00:00,-452.40903988,-9.043662332358329,120,4.0
2025,Intp20Stage12XtzCoreRocFilterStrategy,DOGE/USDT:USDT,DOGE,long,s10_04_doge_maoff_l_ma_h12m_l5,2025-02-03 08:05:00+00:00,2025-02-03 08:17:00+00:00,11.86206138,0.23712277657638223,12,5.0
2025,Intp20Stage12XtzCoreRocFilterStrategy,XLM/USDT:USDT,XLM,long,s9_04_xlm_panic_l_mc_h12_l4,2025-02-03 14:26:00+00:00,2025-02-03 15:26:00+00:00,2145.07463994,42.880564509070645,60,4.0
2025,Intp20Stage12XtzCoreRocFilterStrategy,ETC/USDT:USDT,ETC,long,s10_02_etc_maoff_l_mchop_h18m_l5,2025-02-03 17:32:00+00:00,2025-02-03 17:50:00+00:00,156.9911004,3.138270631617913,18,5.0
2025,Intp20Stage12XtzCoreRocFilterStrategy,XRP/USDT:USDT,XRP,short,s9_10_xrp_rsi_s_mx_h24_l4,2025-02-03 21:41:00+00:00,2025-02-03 23:41:00+00:00,279.09627005,5.584744762120865,120,4.0
2025,Intp20Stage12XtzCoreRocFilterStrategy,XTZ/USDT:USDT,XTZ,long,s11_05_xtz_vstretch_l_mchop_h8m_l5,2025-02-03 23:33:00+00:00,2025-02-03 23:41:00+00:00,1.8394168,0.036770014563072925,8,5.0
2025,Intp20Stage12XtzCoreRocFilterStrategy,XLM/USDT:USDT,XLM,long,s10_06_xlm_maoff_l_ma_h12m_l5,2025-02-04 01:52:00+00:00,2025-02-04 02:04:00+00:00,-25.67431592,-0.5132304577917067,12,5.0
2025,Intp20Stage12XtzCoreRocFilterStrategy,SUI/USDT:USDT,SUI,long,s9_25_sui_vwap_l_lc_h18_l5,2025-02-04 00:36:00+00:00,2025-02-04 02:06:00+00:00,-78.89665359,-1.577152356292403,90,5.0
2025,Intp20Stage12XtzCoreRocFilterStrategy,XLM/USDT:USDT,XLM,long,s9_04_xlm_panic_l_mc_h12_l4,2025-02-04 05:21:00+00:00,2025-02-04 06:21:00+00:00,-29.22932598,-0.5842983742733585,60,4.0
2025,Intp20Stage12XtzCoreRocFilterStrategy,AAVE/USDT:USDT,AAVE,long,s9_01_aave_panic_l_mc_h24_l4,2025-02-04 05:21:00+00:00,2025-02-04 07:21:00+00:00,1.8647244,0.03727969212003241,120,4.0
2025,Intp20Stage12XtzCoreRocFilterStrategy,MKR/USDT:USDT,MKR,short,s9_07_mkr_range_s_mc_h24_l4,2025-02-04 19:51:00+00:00,2025-02-04 21:51:00+00:00,696.2816598,13.933225376231775,120,4.0
2025,Intp20Stage12XtzCoreRocFilterStrategy,COMP/USDT:USDT,COMP,long,s9_05_comp_rsi_l_mx_h24_l4,2025-02-04 21:46:00+00:00,2025-02-04 23:46:00+00:00,734.6317352,14.685321281760366,120,4.0
2025,Intp20Stage12XtzCoreRocFilterStrategy,XTZ/USDT:USDT,XTZ,long,s11_05_xtz_vstretch_l_mchop_h8m_l5,2025-02-05 00:20:00+00:00,2025-02-05 00:28:00+00:00,3.6225552,0.07241510974180722,8,5.0
2025,Intp20Stage12XtzCoreRocFilterStrategy,OP/USDT:USDT,OP,long,s10_01_op_maoff_l_mc_h12m_l5,2025-02-05 09:35:00+00:00,2025-02-05 09:47:00+00:00,-101.25645104,-2.0241203336936686,12,5.0
2025,Intp20Stage12XtzCoreRocFilterStrategy,MKR/USDT:USDT,MKR,short,s9_07_mkr_range_s_mc_h24_l4,2025-02-05 15:01:00+00:00,2025-02-05 17:01:00+00:00,198.726776,3.976696310860392,120,4.0
2025,Intp20Stage12XtzCoreRocFilterStrategy,LTC/USDT:USDT,LTC,short,s9_16_ltc_vwap_s_lc_h18_l5,2025-02-05 19:36:00+00:00,2025-02-05 21:06:00+00:00,337.3626916,6.7506293625934255,90,5.0
2025,Intp20Stage12XtzCoreRocFilterStrategy,LTC/USDT:USDT,LTC,long,s10_07_ltc_maoff_l_mc_h3m_l5,2025-02-05 22:22:00+00:00,2025-02-05 22:25:00+00:00,-141.6277296,-2.8311398559763297,3,5.0
2025,Intp20Stage12XtzCoreRocFilterStrategy,XTZ/USDT:USDT,XTZ,long,s11_05_xtz_vstretch_l_mchop_h8m_l5,2025-02-06 08:00:00+00:00,2025-02-06 08:08:00+00:00,-24.999975,-0.4997501249375312,8,5.0
2025,Intp20Stage12XtzCoreRocFilterStrategy,XTZ/USDT:USDT,XTZ,long,s11_05_xtz_vstretch_l_mchop_h8m_l5,2025-02-06 10:40:00+00:00,2025-02-06 10:48:00+00:00,3.8206375,0.07637473074304832,8,5.0
2025,Intp20Stage12XtzCoreRocFilterStrategy,MKR/USDT:USDT,MKR,short,s9_07_mkr_range_s_mc_h24_l4,2025-02-06 10:41:00+00:00,2025-02-06 12:41:00+00:00,318.7829984,6.378878607960373,120,4.0
2025,Intp20Stage12XtzCoreRocFilterStrategy,DOGE/USDT:USDT,DOGE,short,s11_04_doge_vstretch_s_mchop_h12m_l5,2025-02-06 13:33:00+00:00,2025-02-06 13:45:00+00:00,85.84360174,1.717736924697067,12,5.0
2025,Intp20Stage12XtzCoreRocFilterStrategy,OP/USDT:USDT,OP,long,s10_01_op_maoff_l_mc_h12m_l5,2025-02-06 19:03:00+00:00,2025-02-06 19:15:00+00:00,290.23916327,5.801887357955353,12,5.0
2025,Intp20Stage12XtzCoreRocFilterStrategy,ETC/USDT:USDT,ETC,long,s10_02_etc_maoff_l_mchop_h18m_l5,2025-02-06 21:18:00+00:00,2025-02-06 21:36:00+00:00,-46.43539509,-0.9282460752769398,18,5.0
2025,Intp20Stage12XtzCoreRocFilterStrategy,SOL/USDT:USDT,SOL,short,s9_02_sol_panic_s_mc_h24_l4,2025-02-07 02:31:00+00:00,2025-02-07 04:31:00+00:00,-84.785842,-1.697459683814651,120,4.0
2025,Intp20Stage12XtzCoreRocFilterStrategy,ETH/USDT:USDT,ETH,long,s9_15_eth_micro_l_mc_h18_l5,2025-02-07 08:31:00+00:00,2025-02-07 10:01:00+00:00,88.48010472,1.7688926379758205,90,5.0
2025,Intp20Stage12XtzCoreRocFilterStrategy,MKR/USDT:USDT,MKR,long,s9_11_mkr_micro_l_mchop_h18_l5,2025-02-07 09:21:00+00:00,2025-02-07 10:51:00+00:00,147.43947075,2.9473432853077237,90,5.0
2025,Intp20Stage12XtzCoreRocFilterStrategy,MKR/USDT:USDT,MKR,long,s9_11_mkr_micro_l_mchop_h18_l5,2025-02-07 23:56:00+00:00,2025-02-08 01:26:00+00:00,282.851442,5.654257060381514,90,5.0
2025,Intp20Stage12XtzCoreRocFilterStrategy,LTC/USDT:USDT,LTC,short,s9_16_ltc_vwap_s_lc_h18_l5,2025-02-08 06:51:00+00:00,2025-02-08 08:21:00+00:00,262.66570687,5.255962280837461,90,5.0
2025,Intp20Stage12XtzCoreRocFilterStrategy,XTZ/USDT:USDT,XTZ,short,s9_08_xtz_rsi_s_lc_h24_l4,2025-02-08 06:31:00+00:00,2025-02-08 08:31:00+00:00,-91.8060475,-1.8370429233755634,120,4.0
2025,Intp20Stage12XtzCoreRocFilterStrategy,APT/USDT:USDT,APT,long,s11_01_apt_vstretch_l_ma_h12m_l5,2025-02-09 05:02:00+00:00,2025-02-09 05:14:00+00:00,-92.9100228,-1.857272206402574,12,5.0
2025,Intp20Stage12XtzCoreRocFilterStrategy,XRP/USDT:USDT,XRP,long,s10_03_xrp_maoff_l_ma_h18m_l5,2025-02-09 05:05:00+00:00,2025-02-09 05:23:00+00:00,16.29997677,0.32583683970318317,18,5.0
2025,Intp20Stage12XtzCoreRocFilterStrategy,MKR/USDT:USDT,MKR,short,s9_07_mkr_range_s_mc_h24_l4,2025-02-09 05:46:00+00:00,2025-02-09 07:46:00+00:00,-13.35716505,-0.26727981673696205,120,4.0
2025,Intp20Stage12XtzCoreRocFilterStrategy,LTC/USDT:USDT,LTC,long,s10_07_ltc_maoff_l_mc_h3m_l5,2025-02-09 13:32:00+00:00,2025-02-09 13:35:00+00:00,31.5541184,0.6307672267223613,3,5.0
2025,Intp20Stage12XtzCoreRocFilterStrategy,ETC/USDT:USDT,ETC,long,s11_03_etc_vstretch_l_mchop_h12m_l5,2025-02-12 00:41:00+00:00,2025-02-12 00:53:00+00:00,242.17167316,4.84103730907572,12,5.0
2025,Intp20Stage12XtzCoreRocFilterStrategy,SOL/USDT:USDT,SOL,long,s11_02_sol_vstretch_l_mchop_h12m_l5,2025-02-12 00:41:00+00:00,2025-02-12 00:53:00+00:00,108.285915,2.16486026153209,12,5.0
2025,Intp20Stage12XtzCoreRocFilterStrategy,MKR/USDT:USDT,MKR,long,s9_11_mkr_micro_l_mchop_h18_l5,2025-02-12 02:41:00+00:00,2025-02-12 04:11:00+00:00,-391.6589404,-7.829401409659951,90,5.0
2025,Intp20Stage12XtzCoreRocFilterStrategy,LTC/USDT:USDT,LTC,short,s9_16_ltc_vwap_s_lc_h18_l5,2025-02-12 11:51:00+00:00,2025-02-12 13:21:00+00:00,126.78512962,2.5369736149125846,90,5.0
2025,Intp20Stage12XtzCoreRocFilterStrategy,MKR/USDT:USDT,MKR,short,s9_24_mkr_vwap_s_mchop_h12_l5,2025-02-13 09:26:00+00:00,2025-02-13 10:26:00+00:00,-175.854714,-3.518948859230581,60,5.0
2025,Intp20Stage12XtzCoreRocFilterStrategy,MKR/USDT:USDT,MKR,long,s9_11_mkr_micro_l_mchop_h18_l5,2025-02-13 19:06:00+00:00,2025-02-13 20:36:00+00:00,-226.058579,-4.519064145255877,90,5.0
2025,Intp20Stage12XtzCoreRocFilterStrategy,DOGE/USDT:USDT,DOGE,short,s11_04_doge_vstretch_s_mchop_h12m_l5,2025-02-14 08:29:00+00:00,2025-02-14 08:41:00+00:00,18.8880635,0.3779516130050391,12,5.0
2025,Intp20Stage12XtzCoreRocFilterStrategy,XRP/USDT:USDT,XRP,long,s10_03_xrp_maoff_l_ma_h18m_l5,2025-02-14 09:33:00+00:00,2025-02-14 09:51:00+00:00,98.4958407,1.9689496273280167,18,5.0
2025,Intp20Stage12XtzCoreRocFilterStrategy,SOL/USDT:USDT,SOL,short,s9_02_sol_panic_s_mc_h24_l4,2025-02-14 08:36:00+00:00,2025-02-14 10:36:00+00:00,-277.9183395,-5.565478140496869,120,4.0
2025,Intp20Stage12XtzCoreRocFilterStrategy,LTC/USDT:USDT,LTC,long,s10_07_ltc_maoff_l_mc_h3m_l5,2025-02-14 19:55:00+00:00,2025-02-14 19:58:00+00:00,36.01696366,0.7199826631568419,3,5.0
2025,Intp20Stage12XtzCoreRocFilterStrategy,OP/USDT:USDT,OP,long,s10_01_op_maoff_l_mc_h12m_l5,2025-02-14 22:35:00+00:00,2025-02-14 22:47:00+00:00,-213.31465281,-4.264175085014665,12,5.0
2025,Intp20Stage12XtzCoreRocFilterStrategy,XLM/USDT:USDT,XLM,long,s9_04_xlm_panic_l_mc_h12_l4,2025-02-14 22:41:00+00:00,2025-02-14 23:41:00+00:00,101.3910766,2.026828639441863,60,4.0
2025,Intp20Stage12XtzCoreRocFilterStrategy,MKR/USDT:USDT,MKR,long,s9_11_mkr_micro_l_mchop_h18_l5,2025-02-17 06:16:00+00:00,2025-02-17 07:46:00+00:00,-441.0454662,-8.816503542084261,90,5.0
2025,Intp20Stage12XtzCoreRocFilterStrategy,ETH/USDT:USDT,ETH,long,s9_15_eth_micro_l_mc_h18_l5,2025-02-17 08:46:00+00:00,2025-02-17 10:16:00+00:00,512.49258736,10.245072666207585,90,5.0
2025,Intp20Stage12XtzCoreRocFilterStrategy,LTC/USDT:USDT,LTC,short,s9_16_ltc_vwap_s_lc_h18_l5,2025-02-17 12:31:00+00:00,2025-02-17 14:01:00+00:00,299.3954096,5.990906749507969,90,5.0
2025,Intp20Stage12XtzCoreRocFilterStrategy,XLM/USDT:USDT,XLM,long,s9_04_xlm_panic_l_mc_h12_l4,2025-02-18 06:16:00+00:00,2025-02-18 07:16:00+00:00,-62.97639224,-1.2589178244809842,60,4.0
2025,Intp20Stage12XtzCoreRocFilterStrategy,MKR/USDT:USDT,MKR,long,s9_11_mkr_micro_l_mchop_h18_l5,2025-02-18 09:26:00+00:00,2025-02-18 10:56:00+00:00,116.05622085,2.320009350163628,90,5.0
2025,Intp20Stage12XtzCoreRocFilterStrategy,MKR/USDT:USDT,MKR,long,s9_11_mkr_micro_l_mchop_h18_l5,2025-02-19 14:11:00+00:00,2025-02-19 15:41:00+00:00,-840.5856333,-16.8034251393583,90,5.0
2025,Intp20Stage12XtzCoreRocFilterStrategy,SUI/USDT:USDT,SUI,long,s9_25_sui_vwap_l_lc_h18_l5,2025-02-19 15:06:00+00:00,2025-02-19 16:36:00+00:00,430.01966925,8.596116951407797,90,5.0
2025,Intp20Stage12XtzCoreRocFilterStrategy,SOL/USDT:USDT,SOL,short,s9_02_sol_panic_s_mc_h24_l4,2025-02-20 04:26:00+00:00,2025-02-20 06:26:00+00:00,181.1794905,3.62611921371822,120,4.0
2025,Intp20Stage12XtzCoreRocFilterStrategy,MKR/USDT:USDT,MKR,short,s9_07_mkr_range_s_mc_h24_l4,2025-02-20 11:26:00+00:00,2025-02-20 13:26:00+00:00,-216.41134725,-4.330632469519432,120,4.0
2025,Intp20Stage12XtzCoreRocFilterStrategy,MKR/USDT:USDT,MKR,short,s9_24_mkr_vwap_s_mchop_h12_l5,2025-02-21 02:11:00+00:00,2025-02-21 03:11:00+00:00,1012.690144,20.264225355358406,60,5.0
2025,Intp20Stage12XtzCoreRocFilterStrategy,LTC/USDT:USDT,LTC,long,s10_05_ltc_maoff_l_mchop_h12m_l5,2025-02-21 03:37:00+00:00,2025-02-21 03:49:00+00:00,-104.08546774,-2.080679813192182,12,5.0
2025,Intp20Stage12XtzCoreRocFilterStrategy,XLM/USDT:USDT,XLM,long,s9_04_xlm_panic_l_mc_h12_l4,2025-02-21 15:46:00+00:00,2025-02-21 16:46:00+00:00,118.49844391,2.3687925090572497,60,4.0
2025,Intp20Stage12XtzCoreRocFilterStrategy,AAVE/USDT:USDT,AAVE,long,s9_01_aave_panic_l_mc_h24_l4,2025-02-21 15:46:00+00:00,2025-02-21 17:46:00+00:00,-597.470565,-11.943771019855696,120,4.0
2025,Intp20Stage12XtzCoreRocFilterStrategy,MKR/USDT:USDT,MKR,long,s9_11_mkr_micro_l_mchop_h18_l5,2025-02-23 14:11:00+00:00,2025-02-23 15:41:00+00:00,-175.9618864,-3.517506396915592,90,5.0
2025,Intp20Stage12XtzCoreRocFilterStrategy,APT/USDT:USDT,APT,long,s11_06_apt_vstretch_l_mchop_h12m_l5,2025-02-23 18:52:00+00:00,2025-02-23 19:04:00+00:00,45.34258272,0.9064177198120635,12,5.0
2025,Intp20Stage12XtzCoreRocFilterStrategy,AAVE/USDT:USDT,AAVE,long,s9_01_aave_panic_l_mc_h24_l4,2025-02-24 04:41:00+00:00,2025-02-24 06:41:00+00:00,265.3249824,5.304408718403989,120,4.0
2025,Intp20Stage12XtzCoreRocFilterStrategy,APT/USDT:USDT,APT,long,s11_01_apt_vstretch_l_ma_h12m_l5,2025-02-24 08:02:00+00:00,2025-02-24 08:14:00+00:00,-139.59077769,-2.7904826249679893,12,5.0
2025,Intp20Stage12XtzCoreRocFilterStrategy,MKR/USDT:USDT,MKR,long,s9_11_mkr_micro_l_mchop_h18_l5,2025-02-24 12:21:00+00:00,2025-02-24 13:51:00+00:00,437.413379,8.744140817892443,90,5.0
2025,Intp20Stage12XtzCoreRocFilterStrategy,LTC/USDT:USDT,LTC,long,s10_07_ltc_maoff_l_mc_h3m_l5,2025-02-25 00:10:00+00:00,2025-02-25 00:13:00+00:00,12.3800498,0.24747833756476215,3,5.0
2025,Intp20Stage12XtzCoreRocFilterStrategy,XLM/USDT:USDT,XLM,long,s9_04_xlm_panic_l_mc_h12_l4,2025-02-25 07:31:00+00:00,2025-02-25 08:31:00+00:00,311.25973948,6.222162171858151,60,4.0
2025,Intp20Stage12XtzCoreRocFilterStrategy,SOL/USDT:USDT,SOL,long,s11_02_sol_vstretch_l_mchop_h12m_l5,2025-02-25 12:50:00+00:00,2025-02-25 13:02:00+00:00,201.0169845,4.019141909106242,12,5.0
2025,Intp20Stage12XtzCoreRocFilterStrategy,MKR/USDT:USDT,MKR,long,s9_11_mkr_micro_l_mchop_h18_l5,2025-02-25 11:51:00+00:00,2025-02-25 13:21:00+00:00,635.162176,12.696906347316606,90,5.0
2025,Intp20Stage12XtzCoreRocFilterStrategy,OP/USDT:USDT,OP,long,s10_01_op_maoff_l_mc_h12m_l5,2025-02-25 14:21:00+00:00,2025-02-25 14:33:00+00:00,-59.76681245,-1.1947415280632394,12,5.0
2025,Intp20Stage12XtzCoreRocFilterStrategy,LTC/USDT:USDT,LTC,short,s9_16_ltc_vwap_s_lc_h18_l5,2025-02-25 16:06:00+00:00,2025-02-25 17:36:00+00:00,-311.25626403,-6.228242534351793,90,5.0
2025,Intp20Stage12XtzCoreRocFilterStrategy,SUI/USDT:USDT,SUI,long,s9_25_sui_vwap_l_lc_h18_l5,2025-02-26 05:56:00+00:00,2025-02-26 07:26:00+00:00,119.13221633,2.381469641379604,90,5.0
2025,Intp20Stage12XtzCoreRocFilterStrategy,XLM/USDT:USDT,XLM,long,s9_04_xlm_panic_l_mc_h12_l4,2025-02-26 07:46:00+00:00,2025-02-26 08:46:00+00:00,-9.67207923,-0.1933452726361889,60,4.0
2025,Intp20Stage12XtzCoreRocFilterStrategy,AAVE/USDT:USDT,AAVE,long,s9_01_aave_panic_l_mc_h24_l4,2025-02-26 14:11:00+00:00,2025-02-26 16:11:00+00:00,359.51986,7.187419759974379,120,4.0
2025,Intp20Stage12XtzCoreRocFilterStrategy,AAVE/USDT:USDT,AAVE,long,s9_01_aave_panic_l_mc_h24_l4,2025-02-26 18:41:00+00:00,2025-02-26 20:41:00+00:00,185.4130108,3.7065864483437174,120,4.0
2025,Intp20Stage12XtzCoreRocFilterStrategy,MKR/USDT:USDT,MKR,long,s9_11_mkr_micro_l_mchop_h18_l5,2025-02-26 22:06:00+00:00,2025-02-26 23:36:00+00:00,-542.8751975,-10.852396971515441,90,5.0
2025,Intp20Stage12XtzCoreRocFilterStrategy,SOL/USDT:USDT,SOL,short,s9_02_sol_panic_s_mc_h24_l4,2025-02-27 06:46:00+00:00,2025-02-27 08:46:00+00:00,154.504571,3.0921573394838107,120,4.0
2025,Intp20Stage12XtzCoreRocFilterStrategy,MKR/USDT:USDT,MKR,short,s9_24_mkr_vwap_s_mchop_h12_l5,2025-02-27 13:36:00+00:00,2025-02-27 14:36:00+00:00,129.03983255,2.5821446466297497,60,5.0
2025,Intp20Stage12XtzCoreRocFilterStrategy,ETC/USDT:USDT,ETC,long,s10_02_etc_maoff_l_mchop_h18m_l5,2025-02-27 21:07:00+00:00,2025-02-27 21:25:00+00:00,187.26867324,3.743510794202811,18,5.0
2025,Intp20Stage12XtzCoreRocFilterStrategy,MKR/USDT:USDT,MKR,long,s9_11_mkr_micro_l_mchop_h18_l5,2025-02-27 22:51:00+00:00,2025-02-28 00:21:00+00:00,501.3726252,10.022739078981836,90,5.0
2025,Intp20Stage12XtzCoreRocFilterStrategy,COMP/USDT:USDT,COMP,long,s9_05_comp_rsi_l_mx_h24_l4,2025-02-28 01:36:00+00:00,2025-02-28 03:36:00+00:00,-673.65543115,-13.46639403237252,120,4.0
2025,Intp20Stage12XtzCoreRocFilterStrategy,XLM/USDT:USDT,XLM,long,s9_04_xlm_panic_l_mc_h12_l4,2025-02-28 02:46:00+00:00,2025-02-28 03:46:00+00:00,-48.66327576,-0.9727900850902801,60,4.0
2025,Intp20Stage12XtzCoreRocFilterStrategy,COMP/USDT:USDT,COMP,long,s9_05_comp_rsi_l_mx_h24_l4,2025-02-28 04:06:00+00:00,2025-02-28 06:06:00+00:00,-161.47765053,-3.227944728718072,120,4.0
2025,Intp20Stage12XtzCoreRocFilterStrategy,XLM/USDT:USDT,XLM,long,s9_04_xlm_panic_l_mc_h12_l4,2025-02-28 08:26:00+00:00,2025-02-28 09:26:00+00:00,585.68443871,11.707865531379307,60,4.0
2025,Intp20Stage12XtzCoreRocFilterStrategy,MKR/USDT:USDT,MKR,short,s9_07_mkr_range_s_mc_h24_l4,2025-02-28 17:46:00+00:00,2025-02-28 19:46:00+00:00,-375.3631095,-7.511274434209586,120,4.0
2025,Intp20Stage12XtzCoreRocFilterStrategy,LTC/USDT:USDT,LTC,long,s10_07_ltc_maoff_l_mc_h3m_l5,2025-03-01 11:15:00+00:00,2025-03-01 11:18:00+00:00,-1.04266368,-0.020842886322897995,3,5.0
2025,Intp20Stage12XtzCoreRocFilterStrategy,MKR/USDT:USDT,MKR,long,s9_11_mkr_micro_l_mchop_h18_l5,2025-03-01 12:21:00+00:00,2025-03-01 13:51:00+00:00,-800.93887365,-16.010812306117035,90,5.0
2025,Intp20Stage12XtzCoreRocFilterStrategy,XLM/USDT:USDT,XLM,long,s9_04_xlm_panic_l_mc_h12_l4,2025-03-01 13:21:00+00:00,2025-03-01 14:21:00+00:00,-226.6492668,-4.530755497135091,60,4.0
2025,Intp20Stage12XtzCoreRocFilterStrategy,MKR/USDT:USDT,MKR,long,s9_11_mkr_micro_l_mchop_h18_l5,2025-03-01 15:21:00+00:00,2025-03-01 16:51:00+00:00,1358.7395976,27.162746367449554,90,5.0
2025,Intp20Stage12XtzCoreRocFilterStrategy,MKR/USDT:USDT,MKR,short,s9_07_mkr_range_s_mc_h24_l4,2025-03-01 21:01:00+00:00,2025-03-01 23:01:00+00:00,-106.7527649,-2.136143642363724,120,4.0
2025,Intp20Stage12XtzCoreRocFilterStrategy,XRP/USDT:USDT,XRP,long,s10_03_xrp_maoff_l_ma_h18m_l5,2025-03-02 00:18:00+00:00,2025-03-02 00:36:00+00:00,41.39825328,0.8275515882046148,18,5.0
2025,Intp20Stage12XtzCoreRocFilterStrategy,MKR/USDT:USDT,MKR,short,s9_07_mkr_range_s_mc_h24_l4,2025-03-02 07:56:00+00:00,2025-03-02 09:56:00+00:00,-109.95816995,-2.2003611277832054,120,4.0
2025,Intp20Stage12XtzCoreRocFilterStrategy,XLM/USDT:USDT,XLM,long,s10_06_xlm_maoff_l_ma_h12m_l5,2025-03-02 11:05:00+00:00,2025-03-02 11:17:00+00:00,10.36408619,0.20717877317474112,12,5.0
2025,Intp20Stage12XtzCoreRocFilterStrategy,MKR/USDT:USDT,MKR,short,s9_07_mkr_range_s_mc_h24_l4,2025-03-02 20:41:00+00:00,2025-03-02 22:41:00+00:00,75.45651965,1.509984685110191,120,4.0
2025,Intp20Stage12XtzCoreRocFilterStrategy,ETC/USDT:USDT,ETC,long,s10_02_etc_maoff_l_mchop_h18m_l5,2025-03-03 00:03:00+00:00,2025-03-03 00:21:00+00:00,-60.96328602,-1.2186624016719332,18,5.0
2025,Intp20Stage12XtzCoreRocFilterStrategy,XRP/USDT:USDT,XRP,long,s10_03_xrp_maoff_l_ma_h18m_l5,2025-03-03 11:17:00+00:00,2025-03-03 11:35:00+00:00,-25.94640325,-0.5186727391450798,18,5.0
2025,Intp20Stage12XtzCoreRocFilterStrategy,SOL/USDT:USDT,SOL,short,s9_02_sol_panic_s_mc_h24_l4,2025-03-03 13:46:00+00:00,2025-03-03 15:46:00+00:00,817.207174,16.359504734299215,120,4.0
2025,Intp20Stage12XtzCoreRocFilterStrategy,ETC/USDT:USDT,ETC,long,s10_02_etc_maoff_l_mchop_h18m_l5,2025-03-03 21:48:00+00:00,2025-03-03 22:06:00+00:00,-43.73706352,-0.8743084269327576,18,5.0
2025,Intp20Stage12XtzCoreRocFilterStrategy,LTC/USDT:USDT,LTC,long,s10_07_ltc_maoff_l_mc_h3m_l5,2025-03-04 05:03:00+00:00,2025-03-04 05:06:00+00:00,362.56986956,7.247797103275144,3,5.0
2025,Intp20Stage12XtzCoreRocFilterStrategy,LTC/USDT:USDT,LTC,short,s9_16_ltc_vwap_s_lc_h18_l5,2025-03-04 06:01:00+00:00,2025-03-04 07:31:00+00:00,447.42535844,8.95301010424096,90,5.0
2025,Intp20Stage12XtzCoreRocFilterStrategy,LTC/USDT:USDT,LTC,short,s9_16_ltc_vwap_s_lc_h18_l5,2025-03-04 11:56:00+00:00,2025-03-04 13:26:00+00:00,755.34624455,15.114540456054746,90,5.0
2025,Intp20Stage12XtzCoreRocFilterStrategy,MKR/USDT:USDT,MKR,long,s9_11_mkr_micro_l_mchop_h18_l5,2025-03-04 12:41:00+00:00,2025-03-04 14:11:00+00:00,-5.62838955,-0.11251333949629597,90,5.0
2025,Intp20Stage12XtzCoreRocFilterStrategy,XLM/USDT:USDT,XLM,long,s9_04_xlm_panic_l_mc_h12_l4,2025-03-04 13:16:00+00:00,2025-03-04 14:16:00+00:00,-113.26460375,-2.2641645912566193,60,4.0
2025,Intp20Stage12XtzCoreRocFilterStrategy,AAVE/USDT:USDT,AAVE,long,s9_01_aave_panic_l_mc_h24_l4,2025-03-04 16:41:00+00:00,2025-03-04 18:41:00+00:00,2730.8705818,54.59204040121488,120,4.0
2025,Intp20Stage12XtzCoreRocFilterStrategy,XRP/USDT:USDT,XRP,short,s9_10_xrp_rsi_s_mx_h24_l4,2025-03-04 19:11:00+00:00,2025-03-04 21:11:00+00:00,398.64069581,7.976842249430979,120,4.0
2025,Intp20Stage12XtzCoreRocFilterStrategy,LTC/USDT:USDT,LTC,long,s10_07_ltc_maoff_l_mc_h3m_l5,2025-03-05 00:35:00+00:00,2025-03-05 00:38:00+00:00,40.92350958,0.8180637061792929,3,5.0
2025,Intp20Stage12XtzCoreRocFilterStrategy,OP/USDT:USDT,OP,long,s10_01_op_maoff_l_mc_h12m_l5,2025-03-05 02:36:00+00:00,2025-03-05 02:48:00+00:00,257.63310831,5.1500965019944305,12,5.0
2025,Intp20Stage12XtzCoreRocFilterStrategy,MKR/USDT:USDT,MKR,long,s9_11_mkr_micro_l_mchop_h18_l5,2025-03-05 06:36:00+00:00,2025-03-05 08:06:00+00:00,738.429043,14.761760025810243,90,5.0
2025,Intp20Stage12XtzCoreRocFilterStrategy,SOL/USDT:USDT,SOL,short,s9_02_sol_panic_s_mc_h24_l4,2025-03-05 10:36:00+00:00,2025-03-05 12:36:00+00:00,93.96549,1.8810531346509771,120,4.0
2025,Intp20Stage12XtzCoreRocFilterStrategy,XRP/USDT:USDT,XRP,short,s9_10_xrp_rsi_s_mx_h24_l4,2025-03-05 10:41:00+00:00,2025-03-05 12:41:00+00:00,233.81972844,4.678771852534977,120,4.0
2025,Intp20Stage12XtzCoreRocFilterStrategy,XRP/USDT:USDT,XRP,long,s10_03_xrp_maoff_l_ma_h18m_l5,2025-03-05 12:44:00+00:00,2025-03-05 13:02:00+00:00,-49.1063931,-0.9816412692475965,18,5.0
2025,Intp20Stage12XtzCoreRocFilterStrategy,MKR/USDT:USDT,MKR,short,s9_07_mkr_range_s_mc_h24_l4,2025-03-05 11:26:00+00:00,2025-03-05 13:26:00+00:00,450.2478123,9.009643917307987,120,4.0
2025,Intp20Stage12XtzCoreRocFilterStrategy,ETC/USDT:USDT,ETC,long,s10_02_etc_maoff_l_mchop_h18m_l5,2025-03-05 17:47:00+00:00,2025-03-05 18:05:00+00:00,-4.17299779,-0.08341828311376773,18,5.0
2025,Intp20Stage12XtzCoreRocFilterStrategy,ETC/USDT:USDT,ETC,long,s10_02_etc_maoff_l_mchop_h18m_l5,2025-03-05 19:38:00+00:00,2025-03-05 19:56:00+00:00,110.24480659,2.2038059377737103,18,5.0
2025,Intp20Stage12XtzCoreRocFilterStrategy,SOL/USDT:USDT,SOL,short,s9_02_sol_panic_s_mc_h24_l4,2025-03-05 19:11:00+00:00,2025-03-05 21:11:00+00:00,-57.158352,-1.1444383901988169,120,4.0
2025,Intp20Stage12XtzCoreRocFilterStrategy,MKR/USDT:USDT,MKR,short,s9_07_mkr_range_s_mc_h24_l4,2025-03-06 00:11:00+00:00,2025-03-06 02:11:00+00:00,125.5833865,2.5129783970400723,120,4.0
2025,Intp20Stage12XtzCoreRocFilterStrategy,SUI/USDT:USDT,SUI,long,s9_25_sui_vwap_l_lc_h18_l5,2025-03-06 09:16:00+00:00,2025-03-06 10:46:00+00:00,57.23544632,1.1441416432290232,90,5.0
2025,Intp20Stage12XtzCoreRocFilterStrategy,AAVE/USDT:USDT,AAVE,long,s9_01_aave_panic_l_mc_h24_l4,2025-03-06 14:06:00+00:00,2025-03-06 16:06:00+00:00,-198.47202295,-3.9674956716047,120,4.0
2025,Intp20Stage12XtzCoreRocFilterStrategy,XLM/USDT:USDT,XLM,long,s9_04_xlm_panic_l_mc_h12_l4,2025-03-06 17:11:00+00:00,2025-03-06 18:11:00+00:00,-87.83099399,-1.755742320439864,60,4.0
2025,Intp20Stage12XtzCoreRocFilterStrategy,XRP/USDT:USDT,XRP,long,s10_03_xrp_maoff_l_ma_h18m_l5,2025-03-06 22:18:00+00:00,2025-03-06 22:36:00+00:00,-109.76481684,-2.1942114791260936,18,5.0
2025,Intp20Stage12XtzCoreRocFilterStrategy,COMP/USDT:USDT,COMP,long,s9_05_comp_rsi_l_mx_h24_l4,2025-03-07 00:31:00+00:00,2025-03-07 02:31:00+00:00,633.81792321,12.670052397208465,120,4.0
2025,Intp20Stage12XtzCoreRocFilterStrategy,XRP/USDT:USDT,XRP,short,s9_10_xrp_rsi_s_mx_h24_l4,2025-03-07 02:46:00+00:00,2025-03-07 04:46:00+00:00,139.40976675,2.7896043221770213,120,4.0
2025,Intp20Stage12XtzCoreRocFilterStrategy,APT/USDT:USDT,APT,long,s11_01_apt_vstretch_l_ma_h12m_l5,2025-03-07 10:35:00+00:00,2025-03-07 10:47:00+00:00,99.2437101,1.9839031235948128,12,5.0
2025,Intp20Stage12XtzCoreRocFilterStrategy,OP/USDT:USDT,OP,long,s10_01_op_maoff_l_mc_h12m_l5,2025-03-08 03:13:00+00:00,2025-03-08 03:25:00+00:00,22.69615271,0.4536967995323653,12,5.0
2025,Intp20Stage12XtzCoreRocFilterStrategy,ETH/USDT:USDT,ETH,long,s9_15_eth_micro_l_mc_h18_l5,2025-03-08 12:21:00+00:00,2025-03-08 13:51:00+00:00,322.10421128,6.438880290300482,90,5.0
2025,Intp20Stage12XtzCoreRocFilterStrategy,ETH/USDT:USDT,ETH,long,s9_15_eth_micro_l_mc_h18_l5,2025-03-08 17:21:00+00:00,2025-03-08 18:51:00+00:00,-116.68444204,-2.3325676036631577,90,5.0
2025,Intp20Stage12XtzCoreRocFilterStrategy,AAVE/USDT:USDT,AAVE,long,s9_01_aave_panic_l_mc_h24_l4,2025-03-09 15:51:00+00:00,2025-03-09 17:51:00+00:00,-997.4582842,-19.939537052040613,120,4.0
2025,Intp20Stage12XtzCoreRocFilterStrategy,SOL/USDT:USDT,SOL,short,s9_02_sol_panic_s_mc_h24_l4,2025-03-10 12:01:00+00:00,2025-03-10 14:01:00+00:00,700.486653,14.025574737685155,120,4.0
2025,Intp20Stage12XtzCoreRocFilterStrategy,SUI/USDT:USDT,SUI,long,s9_25_sui_vwap_l_lc_h18_l5,2025-03-10 13:16:00+00:00,2025-03-10 14:46:00+00:00,-1510.14302876,-30.188042175851752,90,5.0
2025,Intp20Stage12XtzCoreRocFilterStrategy,COMP/USDT:USDT,COMP,long,s9_05_comp_rsi_l_mx_h24_l4,2025-03-10 14:16:00+00:00,2025-03-10 16:16:00+00:00,-270.51240608,-5.407553823459586,120,4.0
2025,Intp20Stage12XtzCoreRocFilterStrategy,XLM/USDT:USDT,XLM,long,s9_04_xlm_panic_l_mc_h12_l4,2025-03-10 17:11:00+00:00,2025-03-10 18:11:00+00:00,-231.34027257,-4.6245080957136695,60,4.0
2025,Intp20Stage12XtzCoreRocFilterStrategy,COMP/USDT:USDT,COMP,long,s9_05_comp_rsi_l_mx_h24_l4,2025-03-10 17:11:00+00:00,2025-03-10 19:11:00+00:00,-163.2974049,-3.264317661957552,120,4.0
2025,Intp20Stage12XtzCoreRocFilterStrategy,XRP/USDT:USDT,XRP,long,s10_03_xrp_maoff_l_ma_h18m_l5,2025-03-10 19:46:00+00:00,2025-03-10 20:04:00+00:00,138.66512021,2.77192683072369,18,5.0
2025,Intp20Stage12XtzCoreRocFilterStrategy,AAVE/USDT:USDT,AAVE,long,s9_01_aave_panic_l_mc_h24_l4,2025-03-10 19:01:00+00:00,2025-03-10 21:01:00+00:00,258.9349059,5.176121217509739,120,4.0
2025,Intp20Stage12XtzCoreRocFilterStrategy,MKR/USDT:USDT,MKR,long,s9_11_mkr_micro_l_mchop_h18_l5,2025-03-10 21:01:00+00:00,2025-03-10 22:31:00+00:00,193.9110985,3.876347183104318,90,5.0
2025,Intp20Stage12XtzCoreRocFilterStrategy,AAVE/USDT:USDT,AAVE,long,s9_01_aave_panic_l_mc_h24_l4,2025-03-11 00:56:00+00:00,2025-03-11 02:56:00+00:00,493.4463274,9.864181378319943,120,4.0
2025,Intp20Stage12XtzCoreRocFilterStrategy,COMP/USDT:USDT,COMP,long,s9_05_comp_rsi_l_mx_h24_l4,2025-03-11 14:41:00+00:00,2025-03-11 16:41:00+00:00,827.81264958,16.547985588197214,120,4.0
2025,Intp20Stage12XtzCoreRocFilterStrategy,SUI/USDT:USDT,SUI,long,s9_25_sui_vwap_l_lc_h18_l5,2025-03-11 17:41:00+00:00,2025-03-11 19:11:00+00:00,1372.35220317,27.43351252104264,90,5.0
2025,Intp20Stage12XtzCoreRocFilterStrategy,ETH/USDT:USDT,ETH,long,s9_15_eth_micro_l_mc_h18_l5,2025-03-12 07:31:00+00:00,2025-03-12 09:01:00+00:00,248.03085629,4.95814004002763,90,5.0
2025,Intp20Stage12XtzCoreRocFilterStrategy,SOL/USDT:USDT,SOL,short,s9_02_sol_panic_s_mc_h24_l4,2025-03-12 12:41:00+00:00,2025-03-12 14:41:00+00:00,764.747832,15.305405772147134,120,4.0
2025,Intp20Stage12XtzCoreRocFilterStrategy,APT/USDT:USDT,APT,long,s11_01_apt_vstretch_l_ma_h12m_l5,2025-03-12 19:37:00+00:00,2025-03-12 19:49:00+00:00,3.90364039,0.07803513067409926,12,5.0
2025,Intp20Stage12XtzCoreRocFilterStrategy,MKR/USDT:USDT,MKR,short,s9_07_mkr_range_s_mc_h24_l4,2025-03-13 03:11:00+00:00,2025-03-13 05:11:00+00:00,64.4826689,1.2903145787769916,120,4.0
2025,Intp20Stage12XtzCoreRocFilterStrategy,OP/USDT:USDT,OP,long,s10_01_op_maoff_l_mc_h12m_l5,2025-03-13 08:27:00+00:00,2025-03-13 08:39:00+00:00,19.05926313,0.3809955843578977,12,5.0
2025,Intp20Stage12XtzCoreRocFilterStrategy,XLM/USDT:USDT,XLM,long,s9_04_xlm_panic_l_mc_h12_l4,2025-03-13 15:11:00+00:00,2025-03-13 16:11:00+00:00,-367.36082201,-7.3435889643947,60,4.0
2025,Intp20Stage12XtzCoreRocFilterStrategy,XLM/USDT:USDT,XLM,long,s10_06_xlm_maoff_l_ma_h12m_l5,2025-03-13 22:22:00+00:00,2025-03-13 22:34:00+00:00,35.31135237,0.7058761743267614,12,5.0
2025,Intp20Stage12XtzCoreRocFilterStrategy,XRP/USDT:USDT,XRP,long,s10_08_xrp_maoff_l_ma_h12m_l5,2025-03-14 12:34:00+00:00,2025-03-14 12:46:00+00:00,-91.02682078,-1.8196338262451408,12,5.0
2025,Intp20Stage12XtzCoreRocFilterStrategy,SOL/USDT:USDT,SOL,short,s9_02_sol_panic_s_mc_h24_l4,2025-03-14 14:46:00+00:00,2025-03-14 16:46:00+00:00,-373.135308,-7.469866554465034,120,4.0
2025,Intp20Stage12XtzCoreRocFilterStrategy,MKR/USDT:USDT,MKR,short,s9_07_mkr_range_s_mc_h24_l4,2025-03-15 14:11:00+00:00,2025-03-15 16:11:00+00:00,-159.4608194,-3.190919726756706,120,4.0
2025,Intp20Stage12XtzCoreRocFilterStrategy,LTC/USDT:USDT,LTC,short,s9_16_ltc_vwap_s_lc_h18_l5,2025-03-15 20:36:00+00:00,2025-03-15 22:06:00+00:00,-67.99988725,-1.3606781901749199,90,5.0
2025,Intp20Stage12XtzCoreRocFilterStrategy,MKR/USDT:USDT,MKR,short,s9_07_mkr_range_s_mc_h24_l4,2025-03-16 06:01:00+00:00,2025-03-16 08:01:00+00:00,-41.54419175,-0.8313441902762033,120,4.0
2025,Intp20Stage12XtzCoreRocFilterStrategy,LTC/USDT:USDT,LTC,short,s9_16_ltc_vwap_s_lc_h18_l5,2025-03-16 16:16:00+00:00,2025-03-16 17:46:00+00:00,-111.18273375,-2.224770271097536,90,5.0
2025,Intp20Stage12XtzCoreRocFilterStrategy,MKR/USDT:USDT,MKR,long,s9_11_mkr_micro_l_mchop_h18_l5,2025-03-17 22:11:00+00:00,2025-03-17 23:41:00+00:00,-121.8184965,-2.435159172268771,90,5.0
2025,Intp20Stage12XtzCoreRocFilterStrategy,MKR/USDT:USDT,MKR,short,s9_07_mkr_range_s_mc_h24_l4,2025-03-19 07:16:00+00:00,2025-03-19 09:16:00+00:00,195.1537005,3.9051783956494375,120,4.0
2025,Intp20Stage12XtzCoreRocFilterStrategy,SOL/USDT:USDT,SOL,long,s11_02_sol_vstretch_l_mchop_h12m_l5,2025-03-19 16:46:00+00:00,2025-03-19 16:58:00+00:00,154.650208,3.092951955424843,12,5.0
2025,Intp20Stage12XtzCoreRocFilterStrategy,MKR/USDT:USDT,MKR,long,s9_11_mkr_micro_l_mchop_h18_l5,2025-03-21 00:36:00+00:00,2025-03-21 02:06:00+00:00,-115.4861399,-2.3086787577711694,90,5.0
2025,Intp20Stage12XtzCoreRocFilterStrategy,XTZ/USDT:USDT,XTZ,short,s9_08_xtz_rsi_s_lc_h24_l4,2025-03-21 14:36:00+00:00,2025-03-21 16:36:00+00:00,66.99998325,1.340670335167584,120,4.0
2025,Intp20Stage12XtzCoreRocFilterStrategy,SUI/USDT:USDT,SUI,long,s9_25_sui_vwap_l_lc_h18_l5,2025-03-22 20:11:00+00:00,2025-03-22 21:41:00+00:00,-259.46482494,-5.186720566308738,90,5.0
2025,Intp20Stage12XtzCoreRocFilterStrategy,LTC/USDT:USDT,LTC,short,s9_16_ltc_vwap_s_lc_h18_l5,2025-03-23 01:06:00+00:00,2025-03-23 02:36:00+00:00,-158.90253285,-3.179646198058059,90,5.0
2025,Intp20Stage12XtzCoreRocFilterStrategy,SOL/USDT:USDT,SOL,short,s9_02_sol_panic_s_mc_h24_l4,2025-03-23 11:31:00+00:00,2025-03-23 13:31:00+00:00,-14.007429,-0.2803108268708799,120,4.0
2025,Intp20Stage12XtzCoreRocFilterStrategy,MKR/USDT:USDT,MKR,short,s9_07_mkr_range_s_mc_h24_l4,2025-03-23 11:51:00+00:00,2025-03-23 13:51:00+00:00,-8.69650015,-0.17402180754676885,120,4.0
2025,Intp20Stage12XtzCoreRocFilterStrategy,SOL/USDT:USDT,SOL,short,s9_02_sol_panic_s_mc_h24_l4,2025-03-24 03:11:00+00:00,2025-03-24 05:11:00+00:00,-479.492224,-9.595317311239162,120,4.0
2025,Intp20Stage12XtzCoreRocFilterStrategy,MKR/USDT:USDT,MKR,short,s9_07_mkr_range_s_mc_h24_l4,2025-03-25 10:11:00+00:00,2025-03-25 12:11:00+00:00,13.18645575,0.2638659402359527,120,4.0
2025,Intp20Stage12XtzCoreRocFilterStrategy,SOL/USDT:USDT,SOL,short,s9_02_sol_panic_s_mc_h24_l4,2025-03-25 14:36:00+00:00,2025-03-25 16:36:00+00:00,372.456606,7.454527618008311,120,4.0
2025,Intp20Stage12XtzCoreRocFilterStrategy,LTC/USDT:USDT,LTC,short,s9_16_ltc_vwap_s_lc_h18_l5,2025-03-25 17:16:00+00:00,2025-03-25 18:46:00+00:00,-24.99997374,-0.5002501250625313,90,5.0
2025,Intp20Stage12XtzCoreRocFilterStrategy,MKR/USDT:USDT,MKR,long,s9_11_mkr_micro_l_mchop_h18_l5,2025-03-26 00:41:00+00:00,2025-03-26 02:11:00+00:00,-65.44426815,-1.3082521480126283,90,5.0
2025,Intp20Stage12XtzCoreRocFilterStrategy,MKR/USDT:USDT,MKR,long,s9_11_mkr_micro_l_mchop_h18_l5,2025-03-26 05:41:00+00:00,2025-03-26 07:11:00+00:00,305.334456,6.103760743806608,90,5.0
2025,Intp20Stage12XtzCoreRocFilterStrategy,MKR/USDT:USDT,MKR,long,s9_11_mkr_micro_l_mchop_h18_l5,2025-03-26 12:06:00+00:00,2025-03-26 13:36:00+00:00,-401.19971265,-8.020046271867338,90,5.0
2025,Intp20Stage12XtzCoreRocFilterStrategy,APT/USDT:USDT,APT,long,s11_06_apt_vstretch_l_mchop_h12m_l5,2025-03-26 21:37:00+00:00,2025-03-26 21:49:00+00:00,71.39993532,1.4273078551198963,12,5.0
2025,Intp20Stage12XtzCoreRocFilterStrategy,MKR/USDT:USDT,MKR,long,s9_11_mkr_micro_l_mchop_h18_l5,2025-03-28 01:36:00+00:00,2025-03-28 03:06:00+00:00,-329.9044095,-6.5949126158285365,90,5.0
2025,Intp20Stage12XtzCoreRocFilterStrategy,XRP/USDT:USDT,XRP,long,s10_03_xrp_maoff_l_ma_h18m_l5,2025-03-28 13:29:00+00:00,2025-03-28 13:47:00+00:00,-21.60448103,-0.4318770952416716,18,5.0
2025,Intp20Stage12XtzCoreRocFilterStrategy,LTC/USDT:USDT,LTC,long,s10_05_ltc_maoff_l_mchop_h12m_l5,2025-03-29 07:50:00+00:00,2025-03-29 08:02:00+00:00,100.17019786,2.0024062992802762,12,5.0
2025,Intp20Stage12XtzCoreRocFilterStrategy,LTC/USDT:USDT,LTC,long,s10_07_ltc_maoff_l_mc_h3m_l5,2025-03-30 13:34:00+00:00,2025-03-30 13:37:00+00:00,-1.57055504,-0.03139546026330482,3,5.0
2025,Intp20Stage12XtzCoreRocFilterStrategy,OP/USDT:USDT,OP,long,s10_01_op_maoff_l_mc_h12m_l5,2025-03-30 13:34:00+00:00,2025-03-30 13:46:00+00:00,91.96683969,1.83842143392661,12,5.0
2025,Intp20Stage12XtzCoreRocFilterStrategy,XRP/USDT:USDT,XRP,long,s10_03_xrp_maoff_l_ma_h18m_l5,2025-03-31 06:16:00+00:00,2025-03-31 06:34:00+00:00,-35.80243588,-0.7156931669624885,18,5.0
2025,Intp20Stage12XtzCoreRocFilterStrategy,XRP/USDT:USDT,XRP,long,s10_03_xrp_maoff_l_ma_h18m_l5,2025-03-31 08:20:00+00:00,2025-03-31 08:38:00+00:00,131.24677101,2.623639707049045,18,5.0
2025,Intp20Stage12XtzCoreRocFilterStrategy,LTC/USDT:USDT,LTC,long,s10_07_ltc_maoff_l_mc_h3m_l5,2025-03-31 13:34:00+00:00,2025-03-31 13:37:00+00:00,85.2118254,1.7033874633376769,3,5.0
2025,Intp20Stage12XtzCoreRocFilterStrategy,XLM/USDT:USDT,XLM,long,s10_06_xlm_maoff_l_ma_h12m_l5,2025-03-31 16:01:00+00:00,2025-03-31 16:13:00+00:00,-67.07531922,-1.3408484352345604,12,5.0
2025,Intp20Stage12XtzCoreRocFilterStrategy,XTZ/USDT:USDT,XTZ,long,s11_05_xtz_vstretch_l_mchop_h8m_l5,2025-03-31 16:13:00+00:00,2025-03-31 16:21:00+00:00,-100.8344196,-2.015684115453654,8,5.0
2025,Intp20Stage12XtzCoreRocFilterStrategy,MKR/USDT:USDT,MKR,short,s9_07_mkr_range_s_mc_h24_l4,2025-03-31 16:16:00+00:00,2025-03-31 18:16:00+00:00,-304.81438,-6.099628983390448,120,4.0
2025,Intp20Stage12XtzCoreRocFilterStrategy,SOL/USDT:USDT,SOL,short,s9_02_sol_panic_s_mc_h24_l4,2025-04-01 08:26:00+00:00,2025-04-01 10:26:00+00:00,-21.5439925,-0.4313063927862004,120,4.0
2025,Intp20Stage12XtzCoreRocFilterStrategy,XLM/USDT:USDT,XLM,long,s9_04_xlm_panic_l_mc_h12_l4,2025-04-01 14:16:00+00:00,2025-04-01 15:16:00+00:00,473.7252734,9.469798755359943,60,4.0
2025,Intp20Stage12XtzCoreRocFilterStrategy,LTC/USDT:USDT,LTC,short,s9_16_ltc_vwap_s_lc_h18_l5,2025-04-01 13:56:00+00:00,2025-04-01 15:26:00+00:00,-249.59186736,-4.99434499858625,90,5.0
2025,Intp20Stage12XtzCoreRocFilterStrategy,SOL/USDT:USDT,SOL,short,s9_02_sol_panic_s_mc_h24_l4,2025-04-02 09:16:00+00:00,2025-04-02 11:16:00+00:00,-15.23412,-0.3050102593098594,120,4.0
2025,Intp20Stage12XtzCoreRocFilterStrategy,SOL/USDT:USDT,SOL,short,s9_02_sol_panic_s_mc_h24_l4,2025-04-02 15:46:00+00:00,2025-04-02 17:46:00+00:00,133.285532,2.6682357961876177,120,4.0
2025,Intp20Stage12XtzCoreRocFilterStrategy,XLM/USDT:USDT,XLM,long,s9_04_xlm_panic_l_mc_h12_l4,2025-04-02 22:26:00+00:00,2025-04-02 23:26:00+00:00,-188.521125,-3.768563144855509,60,4.0
2025,Intp20Stage12XtzCoreRocFilterStrategy,COMP/USDT:USDT,COMP,long,s9_05_comp_rsi_l_mx_h24_l4,2025-04-02 22:16:00+00:00,2025-04-03 00:16:00+00:00,34.592616,0.69150677278566,120,4.0
2025,Intp20Stage12XtzCoreRocFilterStrategy,COMP/USDT:USDT,COMP,long,s9_05_comp_rsi_l_mx_h24_l4,2025-04-04 11:31:00+00:00,2025-04-04 13:31:00+00:00,-65.4007553,-1.307363579168853,120,4.0
2025,Intp20Stage12XtzCoreRocFilterStrategy,MKR/USDT:USDT,MKR,long,s9_11_mkr_micro_l_mchop_h18_l5,2025-04-04 13:06:00+00:00,2025-04-04 14:36:00+00:00,-239.42479925,-4.786186117447954,90,5.0
2025,Intp20Stage12XtzCoreRocFilterStrategy,LTC/USDT:USDT,LTC,short,s9_16_ltc_vwap_s_lc_h18_l5,2025-04-04 14:06:00+00:00,2025-04-04 15:36:00+00:00,-88.04914686,-1.7618640072647054,90,5.0
2025,Intp20Stage12XtzCoreRocFilterStrategy,MKR/USDT:USDT,MKR,long,s9_11_mkr_micro_l_mchop_h18_l5,2025-04-05 21:26:00+00:00,2025-04-05 22:56:00+00:00,77.8875698,1.5570376075718972,90,5.0
2025,Intp20Stage12XtzCoreRocFilterStrategy,XLM/USDT:USDT,XLM,long,s9_04_xlm_panic_l_mc_h12_l4,2025-04-06 18:11:00+00:00,2025-04-06 19:11:00+00:00,-590.27908912,-11.799781419486543,60,4.0
2025,Intp20Stage12XtzCoreRocFilterStrategy,XRP/USDT:USDT,XRP,short,s9_10_xrp_rsi_s_mx_h24_l4,2025-04-07 01:26:00+00:00,2025-04-07 03:26:00+00:00,821.63551318,16.44098478692246,120,4.0
2025,Intp20Stage12XtzCoreRocFilterStrategy,COMP/USDT:USDT,COMP,long,s9_05_comp_rsi_l_mx_h24_l4,2025-04-07 06:31:00+00:00,2025-04-07 08:31:00+00:00,151.0830699,3.0201534696679477,120,4.0
2025,Intp20Stage12XtzCoreRocFilterStrategy,XLM/USDT:USDT,XLM,long,s10_06_xlm_maoff_l_ma_h12m_l5,2025-04-07 12:44:00+00:00,2025-04-07 12:56:00+00:00,605.66285835,12.107226568947873,12,5.0
2025,Intp20Stage12XtzCoreRocFilterStrategy,SOL/USDT:USDT,SOL,short,s9_02_sol_panic_s_mc_h24_l4,2025-04-07 14:21:00+00:00,2025-04-07 16:21:00+00:00,576.8836685,11.545972505927821,120,4.0
2025,Intp20Stage12XtzCoreRocFilterStrategy,DOGE/USDT:USDT,DOGE,long,s10_04_doge_maoff_l_ma_h12m_l5,2025-04-07 21:24:00+00:00,2025-04-07 21:36:00+00:00,-58.65064258,-1.172432435724768,12,5.0
2025,Intp20Stage12XtzCoreRocFilterStrategy,XLM/USDT:USDT,XLM,long,s10_06_xlm_maoff_l_ma_h12m_l5,2025-04-07 23:04:00+00:00,2025-04-07 23:16:00+00:00,-18.57448384,-0.3713053686159963,12,5.0
2025,Intp20Stage12XtzCoreRocFilterStrategy,XTZ/USDT:USDT,XTZ,long,s11_05_xtz_vstretch_l_mchop_h8m_l5,2025-04-07 23:23:00+00:00,2025-04-07 23:31:00+00:00,58.9915872,1.1792423116173005,8,5.0
2025,Intp20Stage12XtzCoreRocFilterStrategy,LTC/USDT:USDT,LTC,short,s9_16_ltc_vwap_s_lc_h18_l5,2025-04-09 00:26:00+00:00,2025-04-09 01:56:00+00:00,65.40220374,1.3086997452752689,90,5.0
2025,Intp20Stage12XtzCoreRocFilterStrategy,AAVE/USDT:USDT,AAVE,long,s9_01_aave_panic_l_mc_h24_l4,2025-04-09 01:31:00+00:00,2025-04-09 03:31:00+00:00,528.62375335,10.567668073094467,120,4.0
2025,Intp20Stage12XtzCoreRocFilterStrategy,AAVE/USDT:USDT,AAVE,long,s9_01_aave_panic_l_mc_h24_l4,2025-04-09 11:11:00+00:00,2025-04-09 13:11:00+00:00,-71.94536925,-1.4382130928393588,120,4.0
2025,Intp20Stage12XtzCoreRocFilterStrategy,SOL/USDT:USDT,SOL,short,s9_02_sol_panic_s_mc_h24_l4,2025-04-09 14:06:00+00:00,2025-04-09 16:06:00+00:00,-57.593229,-1.1527613256868072,120,4.0
2025,Intp20Stage12XtzCoreRocFilterStrategy,DOGE/USDT:USDT,DOGE,long,s10_04_doge_maoff_l_ma_h12m_l5,2025-04-09 18:44:00+00:00,2025-04-09 18:56:00+00:00,-12.48273882,-0.24953083883856447,12,5.0
2025,Intp20Stage12XtzCoreRocFilterStrategy,MKR/USDT:USDT,MKR,long,s9_11_mkr_micro_l_mchop_h18_l5,2025-04-10 12:31:00+00:00,2025-04-10 14:01:00+00:00,-646.5153881,-12.924206889724132,90,5.0
2025,Intp20Stage12XtzCoreRocFilterStrategy,XLM/USDT:USDT,XLM,long,s10_06_xlm_maoff_l_ma_h12m_l5,2025-04-11 03:10:00+00:00,2025-04-11 03:22:00+00:00,25.83579018,0.5164611012089928,12,5.0
2025,Intp20Stage12XtzCoreRocFilterStrategy,SOL/USDT:USDT,SOL,short,s9_02_sol_panic_s_mc_h24_l4,2025-04-12 13:51:00+00:00,2025-04-12 15:51:00+00:00,-459.693226,-9.203302848513685,120,4.0
2025,Intp20Stage12XtzCoreRocFilterStrategy,SOL/USDT:USDT,SOL,long,s11_02_sol_vstretch_l_mchop_h12m_l5,2025-04-12 16:12:00+00:00,2025-04-12 16:24:00+00:00,197.726609,3.95287640126759,12,5.0
2025,Intp20Stage12XtzCoreRocFilterStrategy,SOL/USDT:USDT,SOL,long,s11_02_sol_vstretch_l_mchop_h12m_l5,2025-04-13 01:39:00+00:00,2025-04-13 01:51:00+00:00,-157.291489,-3.1458086606764724,12,5.0
2025,Intp20Stage12XtzCoreRocFilterStrategy,APT/USDT:USDT,APT,long,s11_06_apt_vstretch_l_mchop_h12m_l5,2025-04-13 01:41:00+00:00,2025-04-13 01:53:00+00:00,-112.16380568,-2.2421694343971987,12,5.0
2025,Intp20Stage12XtzCoreRocFilterStrategy,APT/USDT:USDT,APT,long,s11_06_apt_vstretch_l_mchop_h12m_l5,2025-04-13 21:41:00+00:00,2025-04-13 21:53:00+00:00,323.8765047,6.474404307280322,12,5.0
2025,Intp20Stage12XtzCoreRocFilterStrategy,MKR/USDT:USDT,MKR,short,s9_24_mkr_vwap_s_mchop_h12_l5,2025-04-14 07:36:00+00:00,2025-04-14 08:36:00+00:00,-334.5607741,-6.694918825944531,60,5.0
2025,Intp20Stage12XtzCoreRocFilterStrategy,SOL/USDT:USDT,SOL,short,s9_02_sol_panic_s_mc_h24_l4,2025-04-14 14:56:00+00:00,2025-04-14 16:56:00+00:00,676.087134,13.529362665655336,120,4.0
2025,Intp20Stage12XtzCoreRocFilterStrategy,MKR/USDT:USDT,MKR,short,s9_24_mkr_vwap_s_mchop_h12_l5,2025-04-14 23:41:00+00:00,2025-04-15 00:41:00+00:00,-106.2467273,-2.126072059345922,60,5.0
2025,Intp20Stage12XtzCoreRocFilterStrategy,MKR/USDT:USDT,MKR,short,s9_07_mkr_range_s_mc_h24_l4,2025-04-15 08:41:00+00:00,2025-04-15 10:41:00+00:00,18.8086855,0.3763824301346852,120,4.0
2025,Intp20Stage12XtzCoreRocFilterStrategy,XTZ/USDT:USDT,XTZ,short,s9_08_xtz_rsi_s_lc_h24_l4,2025-04-15 13:06:00+00:00,2025-04-15 15:06:00+00:00,139.7602701,2.796607884780714,120,4.0
2025,Intp20Stage12XtzCoreRocFilterStrategy,LTC/USDT:USDT,LTC,short,s9_16_ltc_vwap_s_lc_h18_l5,2025-04-15 13:56:00+00:00,2025-04-15 15:26:00+00:00,185.4062147,3.709988810893087,90,5.0
2025,Intp20Stage12XtzCoreRocFilterStrategy,LTC/USDT:USDT,LTC,long,s10_07_ltc_maoff_l_mc_h3m_l5,2025-04-15 15:38:00+00:00,2025-04-15 15:41:00+00:00,17.70240906,0.35387196634363244,3,5.0
2025,Intp20Stage12XtzCoreRocFilterStrategy,AAVE/USDT:USDT,AAVE,long,s9_01_aave_panic_l_mc_h24_l4,2025-04-15 18:21:00+00:00,2025-04-15 20:21:00+00:00,6.5784169,0.1315046421242031,120,4.0
2025,Intp20Stage12XtzCoreRocFilterStrategy,LTC/USDT:USDT,LTC,long,s10_07_ltc_maoff_l_mc_h3m_l5,2025-04-16 12:48:00+00:00,2025-04-16 12:51:00+00:00,-75.45260759,-1.5082982133570313,3,5.0
2025,Intp20Stage12XtzCoreRocFilterStrategy,XTZ/USDT:USDT,XTZ,short,s9_08_xtz_rsi_s_lc_h24_l4,2025-04-17 05:06:00+00:00,2025-04-17 07:06:00+00:00,-101.5068852,-2.031158145264078,120,4.0
2025,Intp20Stage12XtzCoreRocFilterStrategy,APT/USDT:USDT,APT,long,s11_01_apt_vstretch_l_ma_h12m_l5,2025-04-17 12:57:00+00:00,2025-04-17 13:09:00+00:00,212.44674416,4.246826236031806,12,5.0
2025,Intp20Stage12XtzCoreRocFilterStrategy,XRP/USDT:USDT,XRP,long,s10_03_xrp_maoff_l_ma_h18m_l5,2025-04-17 15:27:00+00:00,2025-04-17 15:45:00+00:00,47.66267605,0.9527781061730076,18,5.0
2025,Intp20Stage12XtzCoreRocFilterStrategy,MKR/USDT:USDT,MKR,short,s9_07_mkr_range_s_mc_h24_l4,2025-04-17 19:01:00+00:00,2025-04-17 21:01:00+00:00,172.6933675,3.4557453688249695,120,4.0
2025,Intp20Stage12XtzCoreRocFilterStrategy,ETH/USDT:USDT,ETH,long,s9_15_eth_micro_l_mc_h18_l5,2025-04-18 08:41:00+00:00,2025-04-18 10:11:00+00:00,-53.2868193,-1.065222105928168,90,5.0
2025,Intp20Stage12XtzCoreRocFilterStrategy,SUI/USDT:USDT,SUI,long,s9_25_sui_vwap_l_lc_h18_l5,2025-04-18 14:36:00+00:00,2025-04-18 16:06:00+00:00,-192.163959,-3.8413611436060924,90,5.0
2025,Intp20Stage12XtzCoreRocFilterStrategy,SUI/USDT:USDT,SUI,long,s9_25_sui_vwap_l_lc_h18_l5,2025-04-19 06:11:00+00:00,2025-04-19 07:41:00+00:00,227.917668,4.556109948774442,90,5.0
2025,Intp20Stage12XtzCoreRocFilterStrategy,MKR/USDT:USDT,MKR,short,s9_24_mkr_vwap_s_mchop_h12_l5,2025-04-20 00:21:00+00:00,2025-04-20 01:21:00+00:00,24.05746,0.48140807291630705,60,5.0
2025,Intp20Stage12XtzCoreRocFilterStrategy,APT/USDT:USDT,APT,long,s11_06_apt_vstretch_l_mchop_h12m_l5,2025-04-20 13:09:00+00:00,2025-04-20 13:21:00+00:00,-16.86886718,-0.3372152161904852,12,5.0
2025,Intp20Stage12XtzCoreRocFilterStrategy,MKR/USDT:USDT,MKR,short,s9_07_mkr_range_s_mc_h24_l4,2025-04-21 16:31:00+00:00,2025-04-21 18:31:00+00:00,456.8889864,9.142836205197499,120,4.0
2025,Intp20Stage12XtzCoreRocFilterStrategy,XTZ/USDT:USDT,XTZ,short,s9_08_xtz_rsi_s_lc_h24_l4,2025-04-21 23:26:00+00:00,2025-04-22 01:26:00+00:00,-220.50067015,-4.412226153156739,120,4.0
2025,Intp20Stage12XtzCoreRocFilterStrategy,LTC/USDT:USDT,LTC,short,s9_16_ltc_vwap_s_lc_h18_l5,2025-04-22 00:36:00+00:00,2025-04-22 02:06:00+00:00,-410.9448202,-8.223026261748592,90,5.0
2025,Intp20Stage12XtzCoreRocFilterStrategy,DOGE/USDT:USDT,DOGE,long,s10_04_doge_maoff_l_ma_h12m_l5,2025-04-22 23:19:00+00:00,2025-04-22 23:31:00+00:00,172.37278506,3.4457494791308934,12,5.0
2025,Intp20Stage12XtzCoreRocFilterStrategy,MKR/USDT:USDT,MKR,short,s9_07_mkr_range_s_mc_h24_l4,2025-04-23 07:11:00+00:00,2025-04-23 09:11:00+00:00,-45.5447415,-0.9113607398337347,120,4.0
2025,Intp20Stage12XtzCoreRocFilterStrategy,MKR/USDT:USDT,MKR,long,s9_11_mkr_micro_l_mchop_h18_l5,2025-04-23 12:11:00+00:00,2025-04-23 13:41:00+00:00,-66.01062405,-1.319624476383698,90,5.0
2025,Intp20Stage12XtzCoreRocFilterStrategy,XLM/USDT:USDT,XLM,long,s9_04_xlm_panic_l_mc_h12_l4,2025-04-23 15:26:00+00:00,2025-04-23 16:26:00+00:00,98.17640928,1.9625476029606843,60,4.0
2025,Intp20Stage12XtzCoreRocFilterStrategy,MKR/USDT:USDT,MKR,short,s9_24_mkr_vwap_s_mchop_h12_l5,2025-04-24 13:06:00+00:00,2025-04-24 14:06:00+00:00,-360.54693675,-7.214907763479261,60,5.0
2025,Intp20Stage12XtzCoreRocFilterStrategy,SOL/USDT:USDT,SOL,short,s9_02_sol_panic_s_mc_h24_l4,2025-04-25 01:16:00+00:00,2025-04-25 03:16:00+00:00,270.493755,5.413280245175001,120,4.0
2025,Intp20Stage12XtzCoreRocFilterStrategy,XLM/USDT:USDT,XLM,long,s10_06_xlm_maoff_l_ma_h12m_l5,2025-04-25 14:24:00+00:00,2025-04-25 14:36:00+00:00,102.69295778,2.052852124723569,12,5.0
2025,Intp20Stage12XtzCoreRocFilterStrategy,XTZ/USDT:USDT,XTZ,long,s11_05_xtz_vstretch_l_mchop_h8m_l5,2025-04-25 16:08:00+00:00,2025-04-25 16:16:00+00:00,-24.9999702,-0.4997501249375312,8,5.0
2025,Intp20Stage12XtzCoreRocFilterStrategy,SUI/USDT:USDT,SUI,long,s9_25_sui_vwap_l_lc_h18_l5,2025-04-27 10:11:00+00:00,2025-04-27 11:41:00+00:00,317.7427273,6.351684900809793,90,5.0
2025,Intp20Stage12XtzCoreRocFilterStrategy,XLM/USDT:USDT,XLM,long,s9_04_xlm_panic_l_mc_h12_l4,2025-04-28 15:31:00+00:00,2025-04-28 16:31:00+00:00,52.53571011,1.050189953049089,60,4.0
2025,Intp20Stage12XtzCoreRocFilterStrategy,MKR/USDT:USDT,MKR,long,s9_11_mkr_micro_l_mchop_h18_l5,2025-04-28 19:01:00+00:00,2025-04-28 20:31:00+00:00,-53.3109021,-1.065699488299039,90,5.0
2025,Intp20Stage12XtzCoreRocFilterStrategy,AAVE/USDT:USDT,AAVE,long,s9_01_aave_panic_l_mc_h24_l4,2025-04-29 04:56:00+00:00,2025-04-29 06:56:00+00:00,555.40106865,11.102810328039485,120,4.0
2025,Intp20Stage12XtzCoreRocFilterStrategy,SUI/USDT:USDT,SUI,long,s9_25_sui_vwap_l_lc_h18_l5,2025-04-30 08:16:00+00:00,2025-04-30 09:46:00+00:00,-154.76980839,-3.093864611022707,90,5.0
2025,Intp20Stage12XtzCoreRocFilterStrategy,MKR/USDT:USDT,MKR,long,s9_11_mkr_micro_l_mchop_h18_l5,2025-04-30 18:11:00+00:00,2025-04-30 19:41:00+00:00,-185.8293387,-3.714908586766309,90,5.0
2025,Intp20Stage12XtzCoreRocFilterStrategy,MKR/USDT:USDT,MKR,short,s9_07_mkr_range_s_mc_h24_l4,2025-05-01 13:36:00+00:00,2025-05-01 15:36:00+00:00,-271.02173625,-5.42347509632679,120,4.0
2025,Intp20Stage12XtzCoreRocFilterStrategy,XTZ/USDT:USDT,XTZ,long,s11_05_xtz_vstretch_l_mchop_h8m_l5,2025-05-04 00:34:00+00:00,2025-05-04 00:42:00+00:00,-70.349286,-1.406284153748897,8,5.0
2025,Intp20Stage12XtzCoreRocFilterStrategy,LTC/USDT:USDT,LTC,short,s9_16_ltc_vwap_s_lc_h18_l5,2025-05-04 12:21:00+00:00,2025-05-04 13:51:00+00:00,47.69383615,0.954354182438813,90,5.0
2025,Intp20Stage12XtzCoreRocFilterStrategy,SUI/USDT:USDT,SUI,long,s9_25_sui_vwap_l_lc_h18_l5,2025-05-04 17:36:00+00:00,2025-05-04 19:06:00+00:00,92.5065234,1.8492137057335787,90,5.0
2025,Intp20Stage12XtzCoreRocFilterStrategy,MKR/USDT:USDT,MKR,long,s9_11_mkr_micro_l_mchop_h18_l5,2025-05-04 18:06:00+00:00,2025-05-04 19:36:00+00:00,-8.7402591,-0.1747239342327795,90,5.0
2025,Intp20Stage12XtzCoreRocFilterStrategy,LTC/USDT:USDT,LTC,long,s10_07_ltc_maoff_l_mc_h3m_l5,2025-05-05 01:33:00+00:00,2025-05-05 01:36:00+00:00,-16.165259,-0.323144261593599,3,5.0
2025,Intp20Stage12XtzCoreRocFilterStrategy,LTC/USDT:USDT,LTC,long,s10_07_ltc_maoff_l_mc_h3m_l5,2025-05-05 08:56:00+00:00,2025-05-05 08:59:00+00:00,-33.47506058,-0.6691679599300973,3,5.0
2025,Intp20Stage12XtzCoreRocFilterStrategy,MKR/USDT:USDT,MKR,short,s9_24_mkr_vwap_s_mchop_h12_l5,2025-05-06 04:21:00+00:00,2025-05-06 05:21:00+00:00,74.07199065,1.4822508656925866,60,5.0
2025,Intp20Stage12XtzCoreRocFilterStrategy,XTZ/USDT:USDT,XTZ,short,s9_08_xtz_rsi_s_lc_h24_l4,2025-05-06 14:16:00+00:00,2025-05-06 16:16:00+00:00,133.333068,2.668000667000167,120,4.0
2025,Intp20Stage12XtzCoreRocFilterStrategy,MKR/USDT:USDT,MKR,short,s9_07_mkr_range_s_mc_h24_l4,2025-05-07 11:06:00+00:00,2025-05-07 13:06:00+00:00,238.2927012,4.768338182806612,120,4.0
2025,Intp20Stage12XtzCoreRocFilterStrategy,OP/USDT:USDT,OP,long,s10_01_op_maoff_l_mc_h12m_l5,2025-05-08 12:40:00+00:00,2025-05-08 12:52:00+00:00,110.1317592,2.201539599215821,12,5.0
2025,Intp20Stage12XtzCoreRocFilterStrategy,MKR/USDT:USDT,MKR,long,s9_11_mkr_micro_l_mchop_h18_l5,2025-05-08 19:56:00+00:00,2025-05-08 21:26:00+00:00,558.7107552,11.169147249974534,90,5.0
2025,Intp20Stage12XtzCoreRocFilterStrategy,XRP/USDT:USDT,XRP,long,s10_03_xrp_maoff_l_ma_h18m_l5,2025-05-09 05:04:00+00:00,2025-05-09 05:22:00+00:00,-16.28209218,-0.32548052184112913,18,5.0
2025,Intp20Stage12XtzCoreRocFilterStrategy,DOGE/USDT:USDT,DOGE,short,s11_04_doge_vstretch_s_mchop_h12m_l5,2025-05-09 10:14:00+00:00,2025-05-09 10:26:00+00:00,41.3523081,0.8274648103968059,12,5.0
2025,Intp20Stage12XtzCoreRocFilterStrategy,MKR/USDT:USDT,MKR,short,s9_24_mkr_vwap_s_mchop_h12_l5,2025-05-09 11:31:00+00:00,2025-05-09 12:31:00+00:00,-52.3500186,-1.0475597510985708,60,5.0
2025,Intp20Stage12XtzCoreRocFilterStrategy,MKR/USDT:USDT,MKR,long,s9_11_mkr_micro_l_mchop_h18_l5,2025-05-10 00:21:00+00:00,2025-05-10 01:51:00+00:00,-144.848425,-2.8957083815333085,90,5.0
2025,Intp20Stage12XtzCoreRocFilterStrategy,APT/USDT:USDT,APT,long,s11_06_apt_vstretch_l_mchop_h12m_l5,2025-05-10 04:09:00+00:00,2025-05-10 04:21:00+00:00,-79.7808924,-1.594852538973014,12,5.0
2025,Intp20Stage12XtzCoreRocFilterStrategy,ETC/USDT:USDT,ETC,long,s11_03_etc_vstretch_l_mchop_h12m_l5,2025-05-10 07:27:00+00:00,2025-05-10 07:39:00+00:00,64.23173891,1.283994686230014,12,5.0
2025,Intp20Stage12XtzCoreRocFilterStrategy,MKR/USDT:USDT,MKR,short,s9_24_mkr_vwap_s_mchop_h12_l5,2025-05-10 12:41:00+00:00,2025-05-10 13:41:00+00:00,-185.3353397,-3.7087670742956433,60,5.0
2025,Intp20Stage12XtzCoreRocFilterStrategy,XTZ/USDT:USDT,XTZ,short,s9_08_xtz_rsi_s_lc_h24_l4,2025-05-10 13:51:00+00:00,2025-05-10 15:51:00+00:00,103.7094245,2.0752261756844423,120,4.0
2025,Intp20Stage12XtzCoreRocFilterStrategy,MKR/USDT:USDT,MKR,long,s9_11_mkr_micro_l_mchop_h18_l5,2025-05-10 17:36:00+00:00,2025-05-10 19:06:00+00:00,-5.9120094,-0.11818175596001856,90,5.0
2025,Intp20Stage12XtzCoreRocFilterStrategy,ETH/USDT:USDT,ETH,long,s9_15_eth_micro_l_mc_h18_l5,2025-05-10 18:56:00+00:00,2025-05-10 20:26:00+00:00,-178.5693519,-3.569605806487365,90,5.0
2025,Intp20Stage12XtzCoreRocFilterStrategy,APT/USDT:USDT,APT,long,s11_06_apt_vstretch_l_mchop_h12m_l5,2025-05-11 00:29:00+00:00,2025-05-11 00:41:00+00:00,122.74259712,2.4536511620924517,12,5.0
2025,Intp20Stage12XtzCoreRocFilterStrategy,XLM/USDT:USDT,XLM,long,s10_06_xlm_maoff_l_ma_h12m_l5,2025-05-11 03:50:00+00:00,2025-05-11 04:02:00+00:00,-60.1238776,-1.2018781357516244,12,5.0
2025,Intp20Stage12XtzCoreRocFilterStrategy,LTC/USDT:USDT,LTC,long,s10_07_ltc_maoff_l_mc_h3m_l5,2025-05-11 05:53:00+00:00,2025-05-11 05:56:00+00:00,-22.57918822,-0.4513583160916925,3,5.0
2025,Intp20Stage12XtzCoreRocFilterStrategy,XLM/USDT:USDT,XLM,long,s9_04_xlm_panic_l_mc_h12_l4,2025-05-11 07:11:00+00:00,2025-05-11 08:11:00+00:00,-82.84270566,-1.6560341501319287,60,4.0
2025,Intp20Stage12XtzCoreRocFilterStrategy,MKR/USDT:USDT,MKR,long,s9_11_mkr_micro_l_mchop_h18_l5,2025-05-11 18:46:00+00:00,2025-05-11 20:16:00+00:00,-121.5539631,-2.4298969487717224,90,5.0
2025,Intp20Stage12XtzCoreRocFilterStrategy,SOL/USDT:USDT,SOL,short,s9_02_sol_panic_s_mc_h24_l4,2025-05-12 01:16:00+00:00,2025-05-12 03:16:00+00:00,239.602486,4.796546391827439,120,4.0
2025,Intp20Stage12XtzCoreRocFilterStrategy,LTC/USDT:USDT,LTC,short,s9_16_ltc_vwap_s_lc_h18_l5,2025-05-12 17:51:00+00:00,2025-05-12 19:21:00+00:00,-200.360994,-4.009237758012016,90,5.0
2025,Intp20Stage12XtzCoreRocFilterStrategy,SUI/USDT:USDT,SUI,long,s9_25_sui_vwap_l_lc_h18_l5,2025-05-13 12:01:00+00:00,2025-05-13 13:31:00+00:00,344.62227844,6.889045695503883,90,5.0
2025,Intp20Stage12XtzCoreRocFilterStrategy,SOL/USDT:USDT,SOL,short,s9_02_sol_panic_s_mc_h24_l4,2025-05-13 19:41:00+00:00,2025-05-13 21:41:00+00:00,-18.8868645,-0.37818315294235705,120,4.0
2025,Intp20Stage12XtzCoreRocFilterStrategy,MKR/USDT:USDT,MKR,long,s9_11_mkr_micro_l_mchop_h18_l5,2025-05-14 01:16:00+00:00,2025-05-14 02:46:00+00:00,-392.7822542,-7.852147009356875,90,5.0
2025,Intp20Stage12XtzCoreRocFilterStrategy,LTC/USDT:USDT,LTC,short,s9_16_ltc_vwap_s_lc_h18_l5,2025-05-14 01:21:00+00:00,2025-05-14 02:51:00+00:00,-95.07634291,-1.9024824942661647,90,5.0
2025,Intp20Stage12XtzCoreRocFilterStrategy,MKR/USDT:USDT,MKR,long,s9_11_mkr_micro_l_mchop_h18_l5,2025-05-14 19:21:00+00:00,2025-05-14 20:51:00+00:00,-252.87967785,-5.055192403798101,90,5.0
2025,Intp20Stage12XtzCoreRocFilterStrategy,ETC/USDT:USDT,ETC,long,s11_03_etc_vstretch_l_mchop_h12m_l5,2025-05-14 21:15:00+00:00,2025-05-14 21:27:00+00:00,38.17606585,0.7631449243016033,12,5.0
2025,Intp20Stage12XtzCoreRocFilterStrategy,XLM/USDT:USDT,XLM,long,s9_04_xlm_panic_l_mc_h12_l4,2025-05-15 06:46:00+00:00,2025-05-15 07:46:00+00:00,-300.39682071,-6.004985187764994,60,4.0
2025,Intp20Stage12XtzCoreRocFilterStrategy,MKR/USDT:USDT,MKR,short,s9_24_mkr_vwap_s_mchop_h12_l5,2025-05-15 12:51:00+00:00,2025-05-15 13:51:00+00:00,468.09380515,9.366889809096252,60,5.0
2025,Intp20Stage12XtzCoreRocFilterStrategy,XTZ/USDT:USDT,XTZ,long,s11_05_xtz_vstretch_l_mchop_h8m_l5,2025-05-15 18:20:00+00:00,2025-05-15 18:28:00+00:00,-140.6826993,-2.812251281766524,8,5.0
2025,Intp20Stage12XtzCoreRocFilterStrategy,MKR/USDT:USDT,MKR,short,s9_24_mkr_vwap_s_mchop_h12_l5,2025-05-15 20:11:00+00:00,2025-05-15 21:11:00+00:00,16.9039788,0.338249205017989,60,5.0
2025,Intp20Stage12XtzCoreRocFilterStrategy,SUI/USDT:USDT,SUI,long,s9_25_sui_vwap_l_lc_h18_l5,2025-05-16 12:31:00+00:00,2025-05-16 14:01:00+00:00,73.22900819,1.4638556877778992,90,5.0
2025,Intp20Stage12XtzCoreRocFilterStrategy,SUI/USDT:USDT,SUI,long,s9_25_sui_vwap_l_lc_h18_l5,2025-05-17 16:26:00+00:00,2025-05-17 17:56:00+00:00,-35.58130425,-0.7112739318877734,90,5.0
2025,Intp20Stage12XtzCoreRocFilterStrategy,LTC/USDT:USDT,LTC,long,s10_07_ltc_maoff_l_mc_h3m_l5,2025-05-17 22:08:00+00:00,2025-05-17 22:11:00+00:00,-74.37203689,-1.4866994538336489,3,5.0
2025,Intp20Stage12XtzCoreRocFilterStrategy,SOL/USDT:USDT,SOL,short,s9_02_sol_panic_s_mc_h24_l4,2025-05-18 00:56:00+00:00,2025-05-18 02:56:00+00:00,-11.6162865,-0.23244804111416492,120,4.0
2025,Intp20Stage12XtzCoreRocFilterStrategy,XLM/USDT:USDT,XLM,long,s9_04_xlm_panic_l_mc_h12_l4,2025-05-18 20:06:00+00:00,2025-05-18 21:06:00+00:00,318.35526741,6.3639709890097445,60,4.0
2025,Intp20Stage12XtzCoreRocFilterStrategy,SOL/USDT:USDT,SOL,short,s9_02_sol_panic_s_mc_h24_l4,2025-05-19 00:01:00+00:00,2025-05-19 02:01:00+00:00,621.947146,12.446618023074668,120,4.0
2025,Intp20Stage12XtzCoreRocFilterStrategy,XRP/USDT:USDT,XRP,short,s9_10_xrp_rsi_s_mx_h24_l4,2025-05-19 00:11:00+00:00,2025-05-19 02:11:00+00:00,378.93246001,7.582456908462752,120,4.0
2025,Intp20Stage12XtzCoreRocFilterStrategy,SOL/USDT:USDT,SOL,short,s9_02_sol_panic_s_mc_h24_l4,2025-05-19 17:11:00+00:00,2025-05-19 19:11:00+00:00,197.4990455,3.953806281332315,120,4.0
2025,Intp20Stage12XtzCoreRocFilterStrategy,SOL/USDT:USDT,SOL,short,s9_02_sol_panic_s_mc_h24_l4,2025-05-20 02:26:00+00:00,2025-05-20 04:26:00+00:00,413.31915,8.274905614086153,120,4.0
2025,Intp20Stage12XtzCoreRocFilterStrategy,OP/USDT:USDT,OP,long,s10_01_op_maoff_l_mc_h12m_l5,2025-05-20 06:08:00+00:00,2025-05-20 06:20:00+00:00,-24.9999795,-0.4997501249375312,12,5.0
2025,Intp20Stage12XtzCoreRocFilterStrategy,LTC/USDT:USDT,LTC,long,s10_07_ltc_maoff_l_mc_h3m_l5,2025-05-21 02:03:00+00:00,2025-05-21 02:06:00+00:00,-59.61589775,-1.1917261744234449,3,5.0
2025,Intp20Stage12XtzCoreRocFilterStrategy,SOL/USDT:USDT,SOL,short,s9_02_sol_panic_s_mc_h24_l4,2025-05-21 23:31:00+00:00,2025-05-22 01:31:00+00:00,-55.5624005,-1.1124924335230855,120,4.0
2025,Intp20Stage12XtzCoreRocFilterStrategy,LTC/USDT:USDT,LTC,long,s10_07_ltc_maoff_l_mc_h3m_l5,2025-05-22 06:00:00+00:00,2025-05-22 06:03:00+00:00,2.93318043,0.05863430083576101,3,5.0
2025,Intp20Stage12XtzCoreRocFilterStrategy,XTZ/USDT:USDT,XTZ,short,s9_08_xtz_rsi_s_lc_h24_l4,2025-05-22 07:51:00+00:00,2025-05-22 09:51:00+00:00,-174.63677905,-3.4944829447181087,120,4.0
2025,Intp20Stage12XtzCoreRocFilterStrategy,MKR/USDT:USDT,MKR,long,s9_11_mkr_micro_l_mchop_h18_l5,2025-05-22 09:11:00+00:00,2025-05-22 10:41:00+00:00,-158.199272,-3.1625679830009483,90,5.0
2025,Intp20Stage12XtzCoreRocFilterStrategy,SOL/USDT:USDT,SOL,long,s11_02_sol_vstretch_l_mchop_h12m_l5,2025-05-22 13:09:00+00:00,2025-05-22 13:21:00+00:00,20.10801,0.4021292406327447,12,5.0
2025,Intp20Stage12XtzCoreRocFilterStrategy,LTC/USDT:USDT,LTC,short,s9_16_ltc_vwap_s_lc_h18_l5,2025-05-22 13:06:00+00:00,2025-05-22 14:36:00+00:00,-98.64082152,-1.9738041610637809,90,5.0
2025,Intp20Stage12XtzCoreRocFilterStrategy,XLM/USDT:USDT,XLM,long,s9_04_xlm_panic_l_mc_h12_l4,2025-05-23 12:06:00+00:00,2025-05-23 13:06:00+00:00,-110.67544752,-2.212419563414169,60,4.0
2025,Intp20Stage12XtzCoreRocFilterStrategy,OP/USDT:USDT,OP,long,s10_01_op_maoff_l_mc_h12m_l5,2025-05-23 15:58:00+00:00,2025-05-23 16:10:00+00:00,-69.51252312,-1.389558433660126,12,5.0
2025,Intp20Stage12XtzCoreRocFilterStrategy,MKR/USDT:USDT,MKR,long,s9_11_mkr_micro_l_mchop_h18_l5,2025-05-24 03:16:00+00:00,2025-05-24 04:46:00+00:00,94.06506385,1.8804006525599013,90,5.0
2025,Intp20Stage12XtzCoreRocFilterStrategy,SOL/USDT:USDT,SOL,short,s9_02_sol_panic_s_mc_h24_l4,2025-05-24 10:56:00+00:00,2025-05-24 12:56:00+00:00,71.3385365,1.4279052045046254,120,4.0
2025,Intp20Stage12XtzCoreRocFilterStrategy,MKR/USDT:USDT,MKR,short,s9_07_mkr_range_s_mc_h24_l4,2025-05-24 12:16:00+00:00,2025-05-24 14:16:00+00:00,-151.22412585,-3.026170124773578,120,4.0
2025,Intp20Stage12XtzCoreRocFilterStrategy,LTC/USDT:USDT,LTC,short,s9_16_ltc_vwap_s_lc_h18_l5,2025-05-25 12:21:00+00:00,2025-05-25 13:51:00+00:00,-144.04395775,-2.882324292765103,90,5.0
2025,Intp20Stage12XtzCoreRocFilterStrategy,SOL/USDT:USDT,SOL,short,s9_02_sol_panic_s_mc_h24_l4,2025-05-25 22:16:00+00:00,2025-05-26 00:16:00+00:00,-332.874185,-6.666207735732509,120,4.0
2025,Intp20Stage12XtzCoreRocFilterStrategy,OP/USDT:USDT,OP,long,s10_01_op_maoff_l_mc_h12m_l5,2025-05-26 16:24:00+00:00,2025-05-26 16:36:00+00:00,107.52450926,2.1494158781123893,12,5.0
2025,Intp20Stage12XtzCoreRocFilterStrategy,MKR/USDT:USDT,MKR,long,s9_11_mkr_micro_l_mchop_h18_l5,2025-05-27 03:16:00+00:00,2025-05-27 04:46:00+00:00,19.35752985,0.3869728945517447,90,5.0
2025,Intp20Stage12XtzCoreRocFilterStrategy,ETC/USDT:USDT,ETC,long,s10_02_etc_maoff_l_mchop_h18m_l5,2025-05-27 13:53:00+00:00,2025-05-27 14:11:00+00:00,28.2894696,0.5655095250412755,18,5.0
2025,Intp20Stage12XtzCoreRocFilterStrategy,MKR/USDT:USDT,MKR,long,s9_11_mkr_micro_l_mchop_h18_l5,2025-05-28 04:41:00+00:00,2025-05-28 06:11:00+00:00,-432.1509826,-8.639094071756865,90,5.0
2025,Intp20Stage12XtzCoreRocFilterStrategy,SUI/USDT:USDT,SUI,long,s9_25_sui_vwap_l_lc_h18_l5,2025-05-28 09:41:00+00:00,2025-05-28 11:11:00+00:00,-60.74898472,-1.2143813366982448,90,5.0
2025,Intp20Stage12XtzCoreRocFilterStrategy,ETH/USDT:USDT,ETH,long,s9_15_eth_micro_l_mc_h18_l5,2025-05-28 11:41:00+00:00,2025-05-28 13:11:00+00:00,140.75773014,2.8139874131274327,90,5.0
2025,Intp20Stage12XtzCoreRocFilterStrategy,MKR/USDT:USDT,MKR,short,s9_07_mkr_range_s_mc_h24_l4,2025-05-29 11:01:00+00:00,2025-05-29 13:01:00+00:00,152.270523,3.046938619248955,120,4.0
2025,Intp20Stage12XtzCoreRocFilterStrategy,LTC/USDT:USDT,LTC,long,s10_07_ltc_maoff_l_mc_h3m_l5,2025-05-30 12:13:00+00:00,2025-05-30 12:16:00+00:00,-44.506238,-0.8896800623887902,3,5.0
2025,Intp20Stage12XtzCoreRocFilterStrategy,XTZ/USDT:USDT,XTZ,long,s11_05_xtz_vstretch_l_mchop_h8m_l5,2025-05-30 16:03:00+00:00,2025-05-30 16:11:00+00:00,60.2815473,1.2050288848749686,8,5.0
2025,Intp20Stage12XtzCoreRocFilterStrategy,ETC/USDT:USDT,ETC,long,s11_03_etc_vstretch_l_mchop_h12m_l5,2025-05-30 16:02:00+00:00,2025-05-30 16:14:00+00:00,45.47631352,0.9090746170265291,12,5.0
2025,Intp20Stage12XtzCoreRocFilterStrategy,ETC/USDT:USDT,ETC,long,s10_02_etc_maoff_l_mchop_h18m_l5,2025-05-31 00:59:00+00:00,2025-05-31 01:17:00+00:00,155.73321331,3.1131095939072666,18,5.0
2025,Intp20Stage12XtzCoreRocFilterStrategy,MKR/USDT:USDT,MKR,short,s9_07_mkr_range_s_mc_h24_l4,2025-05-31 15:41:00+00:00,2025-05-31 17:41:00+00:00,-134.941368,-2.7003225235519404,120,4.0
2025,Intp20Stage12XtzCoreRocFilterStrategy,SUI/USDT:USDT,SUI,long,s9_25_sui_vwap_l_lc_h18_l5,2025-06-01 07:16:00+00:00,2025-06-01 08:46:00+00:00,-11.18879025,-0.22366449889346307,90,5.0
2025,Intp20Stage12XtzCoreRocFilterStrategy,SOL/USDT:USDT,SOL,short,s9_02_sol_panic_s_mc_h24_l4,2025-06-01 14:16:00+00:00,2025-06-01 16:16:00+00:00,-336.928746,-6.744523312530356,120,4.0
2025,Intp20Stage12XtzCoreRocFilterStrategy,MKR/USDT:USDT,MKR,short,s9_07_mkr_range_s_mc_h24_l4,2025-06-01 18:06:00+00:00,2025-06-01 20:06:00+00:00,-84.53065095,-1.691568607297388,120,4.0
2025,Intp20Stage12XtzCoreRocFilterStrategy,ETH/USDT:USDT,ETH,long,s9_15_eth_micro_l_mc_h18_l5,2025-06-02 13:31:00+00:00,2025-06-02 15:01:00+00:00,282.95488806,5.656586809310282,90,5.0
2025,Intp20Stage12XtzCoreRocFilterStrategy,SOL/USDT:USDT,SOL,short,s9_02_sol_panic_s_mc_h24_l4,2025-06-02 18:31:00+00:00,2025-06-02 20:31:00+00:00,29.166201,0.5838386791377839,120,4.0
2025,Intp20Stage12XtzCoreRocFilterStrategy,MKR/USDT:USDT,MKR,long,s9_11_mkr_micro_l_mchop_h18_l5,2025-06-03 05:56:00+00:00,2025-06-03 07:26:00+00:00,50.6381876,1.0122748480572203,90,5.0
2025,Intp20Stage12XtzCoreRocFilterStrategy,MKR/USDT:USDT,MKR,long,s9_11_mkr_micro_l_mchop_h18_l5,2025-06-03 09:36:00+00:00,2025-06-03 11:06:00+00:00,436.03187285,8.71662923770545,90,5.0
2025,Intp20Stage12XtzCoreRocFilterStrategy,LTC/USDT:USDT,LTC,short,s9_16_ltc_vwap_s_lc_h18_l5,2025-06-04 00:31:00+00:00,2025-06-04 02:01:00+00:00,-242.64527679,-4.855339316244468,90,5.0
2025,Intp20Stage12XtzCoreRocFilterStrategy,MKR/USDT:USDT,MKR,short,s9_24_mkr_vwap_s_mchop_h12_l5,2025-06-04 01:11:00+00:00,2025-06-04 02:11:00+00:00,-111.4011171,-2.229231643883166,60,5.0
2025,Intp20Stage12XtzCoreRocFilterStrategy,AAVE/USDT:USDT,AAVE,long,s9_01_aave_panic_l_mc_h24_l4,2025-06-05 20:26:00+00:00,2025-06-05 22:26:00+00:00,-81.4383246,-1.6280290656687968,120,4.0
2025,Intp20Stage12XtzCoreRocFilterStrategy,MKR/USDT:USDT,MKR,long,s9_11_mkr_micro_l_mchop_h18_l5,2025-06-06 03:36:00+00:00,2025-06-06 05:06:00+00:00,-93.91337175,-1.8773328481816387,90,5.0
2025,Intp20Stage12XtzCoreRocFilterStrategy,SOL/USDT:USDT,SOL,short,s9_02_sol_panic_s_mc_h24_l4,2025-06-07 06:56:00+00:00,2025-06-07 08:56:00+00:00,-8.1470825,-0.1631210342013112,120,4.0
2025,Intp20Stage12XtzCoreRocFilterStrategy,MKR/USDT:USDT,MKR,short,s9_24_mkr_vwap_s_mchop_h12_l5,2025-06-08 04:16:00+00:00,2025-06-08 05:16:00+00:00,120.1375006,2.404006645489089,60,5.0
2025,Intp20Stage12XtzCoreRocFilterStrategy,SOL/USDT:USDT,SOL,short,s9_02_sol_panic_s_mc_h24_l4,2025-06-09 09:51:00+00:00,2025-06-09 11:51:00+00:00,-246.2993,-4.931853203823193,120,4.0
2025,Intp20Stage12XtzCoreRocFilterStrategy,MKR/USDT:USDT,MKR,long,s9_11_mkr_micro_l_mchop_h18_l5,2025-06-10 10:46:00+00:00,2025-06-10 12:16:00+00:00,2294.29234035,45.863404253214675,90,5.0
2025,Intp20Stage12XtzCoreRocFilterStrategy,SUI/USDT:USDT,SUI,long,s9_25_sui_vwap_l_lc_h18_l5,2025-06-11 05:26:00+00:00,2025-06-11 06:56:00+00:00,281.12766435,5.6198118870803855,90,5.0
2025,Intp20Stage12XtzCoreRocFilterStrategy,SOL/USDT:USDT,SOL,long,s11_02_sol_vstretch_l_mchop_h12m_l5,2025-06-11 08:52:00+00:00,2025-06-11 09:04:00+00:00,-23.4823035,-0.46958888770094753,12,5.0
2025,Intp20Stage12XtzCoreRocFilterStrategy,SUI/USDT:USDT,SUI,long,s9_25_sui_vwap_l_lc_h18_l5,2025-06-11 15:16:00+00:00,2025-06-11 16:46:00+00:00,23.72233112,0.47421377342526766,90,5.0
2025,Intp20Stage12XtzCoreRocFilterStrategy,MKR/USDT:USDT,MKR,short,s9_24_mkr_vwap_s_mchop_h12_l5,2025-06-12 06:46:00+00:00,2025-06-12 07:46:00+00:00,320.132736,6.405923245478447,60,5.0
2025,Intp20Stage12XtzCoreRocFilterStrategy,XLM/USDT:USDT,XLM,long,s9_04_xlm_panic_l_mc_h12_l4,2025-06-13 00:41:00+00:00,2025-06-13 01:41:00+00:00,-373.30349218,-7.462386299212229,60,4.0
2025,Intp20Stage12XtzCoreRocFilterStrategy,AAVE/USDT:USDT,AAVE,long,s9_01_aave_panic_l_mc_h24_l4,2025-06-13 01:16:00+00:00,2025-06-13 03:16:00+00:00,-208.8564665,-4.175596474453137,120,4.0
2025,Intp20Stage12XtzCoreRocFilterStrategy,MKR/USDT:USDT,MKR,short,s9_24_mkr_vwap_s_mchop_h12_l5,2025-06-13 13:46:00+00:00,2025-06-13 14:46:00+00:00,113.2235172,2.265679308648426,60,5.0
2025,Intp20Stage12XtzCoreRocFilterStrategy,XTZ/USDT:USDT,XTZ,short,s9_08_xtz_rsi_s_lc_h24_l4,2025-06-13 20:21:00+00:00,2025-06-13 22:21:00+00:00,-162.4195244,-3.250023588306609,120,4.0
2025,Intp20Stage12XtzCoreRocFilterStrategy,OP/USDT:USDT,OP,long,s10_01_op_maoff_l_mc_h12m_l5,2025-06-14 09:58:00+00:00,2025-06-14 10:10:00+00:00,117.83362815,2.355496764059127,12,5.0
2025,Intp20Stage12XtzCoreRocFilterStrategy,LTC/USDT:USDT,LTC,short,s9_16_ltc_vwap_s_lc_h18_l5,2025-06-14 21:26:00+00:00,2025-06-14 22:56:00+00:00,-66.21642768,-1.3249915918411181,90,5.0
2025,Intp20Stage12XtzCoreRocFilterStrategy,MKR/USDT:USDT,MKR,long,s9_11_mkr_micro_l_mchop_h18_l5,2025-06-15 12:11:00+00:00,2025-06-15 13:41:00+00:00,284.8597072,5.694782871974895,90,5.0
2025,Intp20Stage12XtzCoreRocFilterStrategy,MKR/USDT:USDT,MKR,long,s9_11_mkr_micro_l_mchop_h18_l5,2025-06-16 13:56:00+00:00,2025-06-16 15:26:00+00:00,-53.9383296,-1.0782617066004838,90,5.0
2025,Intp20Stage12XtzCoreRocFilterStrategy,ETC/USDT:USDT,ETC,long,s11_03_etc_vstretch_l_mchop_h12m_l5,2025-06-16 15:59:00+00:00,2025-06-16 16:11:00+00:00,120.2924448,2.404658817236341,12,5.0
2025,Intp20Stage12XtzCoreRocFilterStrategy,SUI/USDT:USDT,SUI,long,s9_25_sui_vwap_l_lc_h18_l5,2025-06-16 16:06:00+00:00,2025-06-16 17:36:00+00:00,42.36036338,0.8467845666383752,90,5.0
2025,Intp20Stage12XtzCoreRocFilterStrategy,MKR/USDT:USDT,MKR,short,s9_07_mkr_range_s_mc_h24_l4,2025-06-16 21:56:00+00:00,2025-06-16 23:56:00+00:00,692.71012135,13.86255071655853,120,4.0
2025,Intp20Stage12XtzCoreRocFilterStrategy,AAVE/USDT:USDT,AAVE,long,s9_01_aave_panic_l_mc_h24_l4,2025-06-18 11:01:00+00:00,2025-06-18 13:01:00+00:00,-96.14017575,-1.9220572875021622,120,4.0
2025,Intp20Stage12XtzCoreRocFilterStrategy,SUI/USDT:USDT,SUI,long,s9_25_sui_vwap_l_lc_h18_l5,2025-06-18 19:16:00+00:00,2025-06-18 20:46:00+00:00,90.35103556,1.8061306449552204,90,5.0
2025,Intp20Stage12XtzCoreRocFilterStrategy,MKR/USDT:USDT,MKR,short,s9_07_mkr_range_s_mc_h24_l4,2025-06-19 04:31:00+00:00,2025-06-19 06:31:00+00:00,-159.7821328,-3.1973249826063634,120,4.0
2025,Intp20Stage12XtzCoreRocFilterStrategy,MKR/USDT:USDT,MKR,long,s9_11_mkr_micro_l_mchop_h18_l5,2025-06-19 07:21:00+00:00,2025-06-19 08:51:00+00:00,395.38268775,7.90385492267928,90,5.0
2025,Intp20Stage12XtzCoreRocFilterStrategy,MKR/USDT:USDT,MKR,short,s9_24_mkr_vwap_s_mchop_h12_l5,2025-06-19 12:21:00+00:00,2025-06-19 13:21:00+00:00,455.663131,9.118011112452432,60,5.0
2025,Intp20Stage12XtzCoreRocFilterStrategy,SUI/USDT:USDT,SUI,long,s9_25_sui_vwap_l_lc_h18_l5,2025-06-19 20:51:00+00:00,2025-06-19 22:21:00+00:00,62.55067145,1.2504011665314232,90,5.0
2025,Intp20Stage12XtzCoreRocFilterStrategy,AAVE/USDT:USDT,AAVE,long,s9_01_aave_panic_l_mc_h24_l4,2025-06-21 23:36:00+00:00,2025-06-22 01:36:00+00:00,269.53373055,5.388484147590827,120,4.0
2025,Intp20Stage12XtzCoreRocFilterStrategy,XTZ/USDT:USDT,XTZ,short,s9_08_xtz_rsi_s_lc_h24_l4,2025-06-22 10:46:00+00:00,2025-06-22 12:46:00+00:00,100.7845863,2.0167025162480634,120,4.0
2025,Intp20Stage12XtzCoreRocFilterStrategy,MKR/USDT:USDT,MKR,short,s9_24_mkr_vwap_s_mchop_h12_l5,2025-06-22 13:11:00+00:00,2025-06-22 14:11:00+00:00,438.19753985,8.768811110925563,60,5.0
2025,Intp20Stage12XtzCoreRocFilterStrategy,LTC/USDT:USDT,LTC,short,s9_16_ltc_vwap_s_lc_h18_l5,2025-06-22 13:11:00+00:00,2025-06-22 14:41:00+00:00,961.6851288,19.243349485393583,90,5.0
2025,Intp20Stage12XtzCoreRocFilterStrategy,XLM/USDT:USDT,XLM,long,s9_04_xlm_panic_l_mc_h12_l4,2025-06-22 13:41:00+00:00,2025-06-22 14:41:00+00:00,-197.25942994,-3.9432615274721696,60,4.0
2025,Intp20Stage12XtzCoreRocFilterStrategy,MKR/USDT:USDT,MKR,short,s9_24_mkr_vwap_s_mchop_h12_l5,2025-06-22 17:16:00+00:00,2025-06-22 18:16:00+00:00,93.1804385,1.864643856982534,60,5.0
2025,Intp20Stage12XtzCoreRocFilterStrategy,OP/USDT:USDT,OP,long,s10_01_op_maoff_l_mc_h12m_l5,2025-06-22 20:13:00+00:00,2025-06-22 20:25:00+00:00,-84.14829812,-1.6821264427963987,12,5.0
2025,Intp20Stage12XtzCoreRocFilterStrategy,MKR/USDT:USDT,MKR,long,s9_11_mkr_micro_l_mchop_h18_l5,2025-06-22 22:11:00+00:00,2025-06-22 23:41:00+00:00,438.3172707,8.762120397527182,90,5.0
2025,Intp20Stage12XtzCoreRocFilterStrategy,MKR/USDT:USDT,MKR,long,s9_11_mkr_micro_l_mchop_h18_l5,2025-06-23 12:46:00+00:00,2025-06-23 14:16:00+00:00,25.9910694,0.5195819166143584,90,5.0
2025,Intp20Stage12XtzCoreRocFilterStrategy,MKR/USDT:USDT,MKR,short,s9_07_mkr_range_s_mc_h24_l4,2025-06-24 00:56:00+00:00,2025-06-24 02:56:00+00:00,-351.7946346,-7.039827888841099,120,4.0
2025,Intp20Stage12XtzCoreRocFilterStrategy,MKR/USDT:USDT,MKR,long,s9_11_mkr_micro_l_mchop_h18_l5,2025-06-24 13:41:00+00:00,2025-06-24 15:11:00+00:00,304.2696923,6.082500888046807,90,5.0
2025,Intp20Stage12XtzCoreRocFilterStrategy,MKR/USDT:USDT,MKR,short,s9_07_mkr_range_s_mc_h24_l4,2025-06-24 22:06:00+00:00,2025-06-25 00:06:00+00:00,27.17418,0.5437610458519789,120,4.0
2025,Intp20Stage12XtzCoreRocFilterStrategy,SOL/USDT:USDT,SOL,short,s9_02_sol_panic_s_mc_h24_l4,2025-06-25 13:26:00+00:00,2025-06-25 15:26:00+00:00,401.507037,8.036726356653041,120,4.0
2025,Intp20Stage12XtzCoreRocFilterStrategy,APT/USDT:USDT,APT,long,s11_01_apt_vstretch_l_ma_h12m_l5,2025-06-27 02:00:00+00:00,2025-06-27 02:12:00+00:00,-96.86478306,-1.9363636176036516,12,5.0
2025,Intp20Stage12XtzCoreRocFilterStrategy,MKR/USDT:USDT,MKR,short,s9_07_mkr_range_s_mc_h24_l4,2025-06-27 05:21:00+00:00,2025-06-27 07:21:00+00:00,-122.3499509,-2.448394419238352,120,4.0
2025,Intp20Stage12XtzCoreRocFilterStrategy,MKR/USDT:USDT,MKR,long,s9_11_mkr_micro_l_mchop_h18_l5,2025-06-27 09:56:00+00:00,2025-06-27 11:26:00+00:00,-42.4020555,-0.8476660726644822,90,5.0
2025,Intp20Stage12XtzCoreRocFilterStrategy,MKR/USDT:USDT,MKR,short,s9_24_mkr_vwap_s_mchop_h12_l5,2025-06-28 11:36:00+00:00,2025-06-28 12:36:00+00:00,172.5779419,3.4534792899981253,60,5.0
2025,Intp20Stage12XtzCoreRocFilterStrategy,SOL/USDT:USDT,SOL,short,s9_02_sol_panic_s_mc_h24_l4,2025-06-28 16:11:00+00:00,2025-06-28 18:11:00+00:00,-345.159058,-6.909897676416307,120,4.0
2025,Intp20Stage12XtzCoreRocFilterStrategy,SUI/USDT:USDT,SUI,long,s9_25_sui_vwap_l_lc_h18_l5,2025-06-29 12:16:00+00:00,2025-06-29 13:46:00+00:00,-139.54362107,-2.789488664217694,90,5.0
2025,Intp20Stage12XtzCoreRocFilterStrategy,MKR/USDT:USDT,MKR,long,s9_11_mkr_micro_l_mchop_h18_l5,2025-06-29 18:56:00+00:00,2025-06-29 20:26:00+00:00,-40.0998168,-0.8016541744238185,90,5.0
2025,Intp20Stage12XtzCoreRocFilterStrategy,MKR/USDT:USDT,MKR,short,s9_07_mkr_range_s_mc_h24_l4,2025-06-30 02:56:00+00:00,2025-06-30 04:56:00+00:00,30.026,0.600850452727739,120,4.0
2025,Intp20Stage12XtzCoreRocFilterStrategy,XLM/USDT:USDT,XLM,long,s10_06_xlm_maoff_l_ma_h12m_l5,2025-06-30 20:06:00+00:00,2025-06-30 20:18:00+00:00,64.39637919,1.287296280306473,12,5.0
2025,Intp20Stage12XtzCoreRocFilterStrategy,MKR/USDT:USDT,MKR,long,s9_11_mkr_micro_l_mchop_h18_l5,2025-06-30 19:26:00+00:00,2025-06-30 20:56:00+00:00,-2.0452677,-0.04088493672934892,90,5.0
2025,Intp20Stage12XtzCoreRocFilterStrategy,LTC/USDT:USDT,LTC,short,s9_16_ltc_vwap_s_lc_h18_l5,2025-07-01 07:21:00+00:00,2025-07-01 08:51:00+00:00,-194.31872451,-3.8883237136775675,90,5.0
2025,Intp20Stage12XtzCoreRocFilterStrategy,MKR/USDT:USDT,MKR,long,s9_11_mkr_micro_l_mchop_h18_l5,2025-07-02 03:06:00+00:00,2025-07-02 04:36:00+00:00,184.09975485,3.6802811206425727,90,5.0
2025,Intp20Stage12XtzCoreRocFilterStrategy,SOL/USDT:USDT,SOL,short,s9_02_sol_panic_s_mc_h24_l4,2025-07-02 14:31:00+00:00,2025-07-02 16:31:00+00:00,-334.968734,-6.706977596119692,120,4.0
2025,Intp20Stage12XtzCoreRocFilterStrategy,APT/USDT:USDT,APT,long,s11_06_apt_vstretch_l_mchop_h12m_l5,2025-07-03 10:21:00+00:00,2025-07-03 10:33:00+00:00,-132.03312192,-2.639382311298032,12,5.0
2025,Intp20Stage12XtzCoreRocFilterStrategy,SUI/USDT:USDT,SUI,long,s9_25_sui_vwap_l_lc_h18_l5,2025-07-05 01:36:00+00:00,2025-07-05 03:06:00+00:00,171.72974744,3.4329116577401955,90,5.0
2025,Intp20Stage12XtzCoreRocFilterStrategy,MKR/USDT:USDT,MKR,short,s9_07_mkr_range_s_mc_h24_l4,2025-07-05 11:56:00+00:00,2025-07-05 13:56:00+00:00,194.4302715,3.8905721034992458,120,4.0
2025,Intp20Stage12XtzCoreRocFilterStrategy,MKR/USDT:USDT,MKR,short,s9_07_mkr_range_s_mc_h24_l4,2025-07-05 14:06:00+00:00,2025-07-05 16:06:00+00:00,74.9302183,1.4993973156280398,120,4.0
2025,Intp20Stage12XtzCoreRocFilterStrategy,XTZ/USDT:USDT,XTZ,short,s9_08_xtz_rsi_s_lc_h24_l4,2025-07-07 02:21:00+00:00,2025-07-07 04:21:00+00:00,-57.68348805,-1.1542494411047333,120,4.0
2025,Intp20Stage12XtzCoreRocFilterStrategy,MKR/USDT:USDT,MKR,long,s9_11_mkr_micro_l_mchop_h18_l5,2025-07-07 22:01:00+00:00,2025-07-07 23:31:00+00:00,5.32931235,0.10653547045676064,90,5.0
2025,Intp20Stage12XtzCoreRocFilterStrategy,MKR/USDT:USDT,MKR,long,s9_11_mkr_micro_l_mchop_h18_l5,2025-07-10 05:26:00+00:00,2025-07-10 06:56:00+00:00,87.30755625,1.7453648813187468,90,5.0
2025,Intp20Stage12XtzCoreRocFilterStrategy,SOL/USDT:USDT,SOL,short,s9_02_sol_panic_s_mc_h24_l4,2025-07-10 07:21:00+00:00,2025-07-10 09:21:00+00:00,-74.3706,-1.4887944731090885,120,4.0
2025,Intp20Stage12XtzCoreRocFilterStrategy,SUI/USDT:USDT,SUI,long,s9_25_sui_vwap_l_lc_h18_l5,2025-07-10 14:11:00+00:00,2025-07-10 15:41:00+00:00,-28.86728567,-0.5770601774416765,90,5.0
2025,Intp20Stage12XtzCoreRocFilterStrategy,SOL/USDT:USDT,SOL,short,s9_02_sol_panic_s_mc_h24_l4,2025-07-10 17:16:00+00:00,2025-07-10 19:16:00+00:00,-91.732731,-1.8364099928008182,120,4.0
2025,Intp20Stage12XtzCoreRocFilterStrategy,XRP/USDT:USDT,XRP,short,s9_10_xrp_rsi_s_mx_h24_l4,2025-07-10 21:36:00+00:00,2025-07-10 23:36:00+00:00,12.31230116,0.24636973873068893,120,4.0
2025,Intp20Stage12XtzCoreRocFilterStrategy,XTZ/USDT:USDT,XTZ,long,s11_05_xtz_vstretch_l_mchop_h8m_l5,2025-07-11 06:50:00+00:00,2025-07-11 06:58:00+00:00,-24.999972,-0.4997501249375312,8,5.0
2025,Intp20Stage12XtzCoreRocFilterStrategy,MKR/USDT:USDT,MKR,short,s9_24_mkr_vwap_s_mchop_h12_l5,2025-07-11 14:56:00+00:00,2025-07-11 15:56:00+00:00,432.616203,8.656759522248944,60,5.0
2025,Intp20Stage12XtzCoreRocFilterStrategy,MKR/USDT:USDT,MKR,short,s9_07_mkr_range_s_mc_h24_l4,2025-07-12 10:06:00+00:00,2025-07-12 12:06:00+00:00,-4.061619,-0.08127470702216019,120,4.0
2025,Intp20Stage12XtzCoreRocFilterStrategy,XLM/USDT:USDT,XLM,long,s10_06_xlm_maoff_l_ma_h12m_l5,2025-07-13 06:55:00+00:00,2025-07-13 07:07:00+00:00,-175.15100853,-3.5013057085216204,12,5.0
2025,Intp20Stage12XtzCoreRocFilterStrategy,MKR/USDT:USDT,MKR,short,s9_07_mkr_range_s_mc_h24_l4,2025-07-13 08:16:00+00:00,2025-07-13 10:16:00+00:00,-217.90349505,-4.360273418879899,120,4.0
2025,Intp20Stage12XtzCoreRocFilterStrategy,SUI/USDT:USDT,SUI,long,s9_25_sui_vwap_l_lc_h18_l5,2025-07-13 17:06:00+00:00,2025-07-13 18:36:00+00:00,203.66770848,4.071347732850315,90,5.0
2025,Intp20Stage12XtzCoreRocFilterStrategy,XRP/USDT:USDT,XRP,long,s10_03_xrp_maoff_l_ma_h18m_l5,2025-07-14 05:46:00+00:00,2025-07-14 06:04:00+00:00,-332.70273868,-6.650730201662593,18,5.0
2025,Intp20Stage12XtzCoreRocFilterStrategy,XLM/USDT:USDT,XLM,long,s10_06_xlm_maoff_l_ma_h12m_l5,2025-07-14 07:48:00+00:00,2025-07-14 08:00:00+00:00,114.12216816,2.281339563690854,12,5.0
2025,Intp20Stage12XtzCoreRocFilterStrategy,XLM/USDT:USDT,XLM,long,s9_04_xlm_panic_l_mc_h12_l4,2025-07-15 11:26:00+00:00,2025-07-15 12:26:00+00:00,-73.22339908,-1.4637628799112503,60,4.0
2025,Intp20Stage12XtzCoreRocFilterStrategy,ETH/USDT:USDT,ETH,long,s9_15_eth_micro_l_mc_h18_l5,2025-07-15 16:06:00+00:00,2025-07-15 17:36:00+00:00,128.89100545,2.576813033162441,90,5.0
2025,Intp20Stage12XtzCoreRocFilterStrategy,XLM/USDT:USDT,XLM,long,s10_06_xlm_maoff_l_ma_h12m_l5,2025-07-16 18:46:00+00:00,2025-07-16 18:58:00+00:00,-288.2688094,-5.762561832347485,12,5.0
2025,Intp20Stage12XtzCoreRocFilterStrategy,MKR/USDT:USDT,MKR,long,s9_11_mkr_micro_l_mchop_h18_l5,2025-07-16 17:56:00+00:00,2025-07-16 19:26:00+00:00,42.462772,0.8488486805403114,90,5.0
2025,Intp20Stage12XtzCoreRocFilterStrategy,LTC/USDT:USDT,LTC,long,s10_07_ltc_maoff_l_mc_h3m_l5,2025-07-17 13:34:00+00:00,2025-07-17 13:37:00+00:00,-47.58797456,-0.9512871125706732,3,5.0
2025,Intp20Stage12XtzCoreRocFilterStrategy,MKR/USDT:USDT,MKR,long,s9_11_mkr_micro_l_mchop_h18_l5,2025-07-18 01:06:00+00:00,2025-07-18 02:36:00+00:00,459.3471519,9.182515825071539,90,5.0
2025,Intp20Stage12XtzCoreRocFilterStrategy,XLM/USDT:USDT,XLM,long,s9_04_xlm_panic_l_mc_h12_l4,2025-07-18 11:26:00+00:00,2025-07-18 12:26:00+00:00,134.01918786,2.6790811849701615,60,4.0
2025,Intp20Stage12XtzCoreRocFilterStrategy,XLM/USDT:USDT,XLM,long,s9_04_xlm_panic_l_mc_h12_l4,2025-07-18 20:36:00+00:00,2025-07-18 21:36:00+00:00,331.87212912,6.634176310894016,60,4.0
2025,Intp20Stage12XtzCoreRocFilterStrategy,XRP/USDT:USDT,XRP,long,s10_03_xrp_maoff_l_ma_h18m_l5,2025-07-19 02:06:00+00:00,2025-07-19 02:24:00+00:00,142.8482403,2.855537768498928,18,5.0
2025,Intp20Stage12XtzCoreRocFilterStrategy,MKR/USDT:USDT,MKR,long,s9_11_mkr_micro_l_mchop_h18_l5,2025-07-19 20:11:00+00:00,2025-07-19 21:41:00+00:00,-311.7814375,-6.232537423902819,90,5.0
2025,Intp20Stage12XtzCoreRocFilterStrategy,ETH/USDT:USDT,ETH,long,s9_15_eth_micro_l_mc_h18_l5,2025-07-19 22:26:00+00:00,2025-07-19 23:56:00+00:00,2.99029482,0.059778343290068335,90,5.0
2025,Intp20Stage12XtzCoreRocFilterStrategy,OP/USDT:USDT,OP,long,s10_01_op_maoff_l_mc_h12m_l5,2025-07-20 10:01:00+00:00,2025-07-20 10:13:00+00:00,-82.81150056,-1.6554062300469303,12,5.0
2025,Intp20Stage12XtzCoreRocFilterStrategy,MKR/USDT:USDT,MKR,short,s9_07_mkr_range_s_mc_h24_l4,2025-07-20 08:26:00+00:00,2025-07-20 10:26:00+00:00,-139.73748935,-2.796238710726177,120,4.0
2025,Intp20Stage12XtzCoreRocFilterStrategy,OP/USDT:USDT,OP,long,s10_01_op_maoff_l_mc_h12m_l5,2025-07-20 17:05:00+00:00,2025-07-20 17:17:00+00:00,94.33180512,1.8856978448063888,12,5.0
2025,Intp20Stage12XtzCoreRocFilterStrategy,LTC/USDT:USDT,LTC,long,s10_07_ltc_maoff_l_mc_h3m_l5,2025-07-20 21:13:00+00:00,2025-07-20 21:16:00+00:00,7.27801367,0.14548788299615262,3,5.0
2025,Intp20Stage12XtzCoreRocFilterStrategy,SOL/USDT:USDT,SOL,short,s9_02_sol_panic_s_mc_h24_l4,2025-07-21 03:11:00+00:00,2025-07-21 05:11:00+00:00,32.7031125,0.6544475269403772,120,4.0
2025,Intp20Stage12XtzCoreRocFilterStrategy,SUI/USDT:USDT,SUI,long,s9_25_sui_vwap_l_lc_h18_l5,2025-07-21 09:26:00+00:00,2025-07-21 10:56:00+00:00,96.42814786,1.9276201432361646,90,5.0
2025,Intp20Stage12XtzCoreRocFilterStrategy,MKR/USDT:USDT,MKR,long,s9_11_mkr_micro_l_mchop_h18_l5,2025-07-21 11:36:00+00:00,2025-07-21 13:06:00+00:00,-598.024136,-11.955083136883541,90,5.0
2025,Intp20Stage12XtzCoreRocFilterStrategy,SOL/USDT:USDT,SOL,short,s9_02_sol_panic_s_mc_h24_l4,2025-07-21 14:41:00+00:00,2025-07-21 16:41:00+00:00,-136.3286085,-2.728827100117223,120,4.0
2025,Intp20Stage12XtzCoreRocFilterStrategy,XLM/USDT:USDT,XLM,long,s9_04_xlm_panic_l_mc_h12_l4,2025-07-22 05:01:00+00:00,2025-07-22 06:01:00+00:00,80.38178847,1.6068640309408941,60,4.0
2025,Intp20Stage12XtzCoreRocFilterStrategy,SOL/USDT:USDT,SOL,short,s9_02_sol_panic_s_mc_h24_l4,2025-07-22 13:06:00+00:00,2025-07-22 15:06:00+00:00,54.82848,1.097507115601309,120,4.0
2025,Intp20Stage12XtzCoreRocFilterStrategy,DOGE/USDT:USDT,DOGE,long,s10_04_doge_maoff_l_ma_h12m_l5,2025-07-22 18:12:00+00:00,2025-07-22 18:24:00+00:00,86.78344356,1.734811405382724,12,5.0
2025,Intp20Stage12XtzCoreRocFilterStrategy,MKR/USDT:USDT,MKR,short,s9_07_mkr_range_s_mc_h24_l4,2025-07-22 19:46:00+00:00,2025-07-22 21:46:00+00:00,-270.91736875,-5.4212008881254,120,4.0
2025,Intp20Stage12XtzCoreRocFilterStrategy,ETC/USDT:USDT,ETC,long,s11_03_etc_vstretch_l_mchop_h12m_l5,2025-07-23 00:03:00+00:00,2025-07-23 00:15:00+00:00,134.34593802,2.6856007583603123,12,5.0
2025,Intp20Stage12XtzCoreRocFilterStrategy,SOL/USDT:USDT,SOL,long,s11_02_sol_vstretch_l_mchop_h12m_l5,2025-07-23 07:41:00+00:00,2025-07-23 07:53:00+00:00,-40.023326,-0.8002315265066482,12,5.0
2025,Intp20Stage12XtzCoreRocFilterStrategy,MKR/USDT:USDT,MKR,short,s9_24_mkr_vwap_s_mchop_h12_l5,2025-07-23 12:41:00+00:00,2025-07-23 13:41:00+00:00,219.7129286,4.396673802632403,60,5.0
2025,Intp20Stage12XtzCoreRocFilterStrategy,LTC/USDT:USDT,LTC,short,s9_16_ltc_vwap_s_lc_h18_l5,2025-07-23 16:16:00+00:00,2025-07-23 17:46:00+00:00,295.05471278,5.9040475540136415,90,5.0
2025,Intp20Stage12XtzCoreRocFilterStrategy,XLM/USDT:USDT,XLM,long,s10_06_xlm_maoff_l_ma_h12m_l5,2025-07-24 00:07:00+00:00,2025-07-24 00:19:00+00:00,379.59875905,7.588226486260904,12,5.0
2025,Intp20Stage12XtzCoreRocFilterStrategy,XRP/USDT:USDT,XRP,long,s10_03_xrp_maoff_l_ma_h18m_l5,2025-07-24 00:07:00+00:00,2025-07-24 00:25:00+00:00,406.82316024,8.132494492134828,18,5.0
2025,Intp20Stage12XtzCoreRocFilterStrategy,OP/USDT:USDT,OP,long,s10_01_op_maoff_l_mc_h12m_l5,2025-07-24 10:23:00+00:00,2025-07-24 10:35:00+00:00,-213.71009138,-4.272075423960654,12,5.0
2025,Intp20Stage12XtzCoreRocFilterStrategy,APT/USDT:USDT,APT,long,s11_06_apt_vstretch_l_mchop_h12m_l5,2025-07-24 16:17:00+00:00,2025-07-24 16:29:00+00:00,-191.71730351,-3.832449183080084,12,5.0
2025,Intp20Stage12XtzCoreRocFilterStrategy,ETH/USDT:USDT,ETH,long,s9_15_eth_micro_l_mc_h18_l5,2025-07-25 08:51:00+00:00,2025-07-25 10:21:00+00:00,260.3349954,5.204625191694888,90,5.0
2025,Intp20Stage12XtzCoreRocFilterStrategy,XTZ/USDT:USDT,XTZ,long,s11_05_xtz_vstretch_l_mchop_h8m_l5,2025-07-25 12:22:00+00:00,2025-07-25 12:30:00+00:00,-109.70304975,-2.192971310954692,8,5.0
2025,Intp20Stage12XtzCoreRocFilterStrategy,MKR/USDT:USDT,MKR,long,s9_11_mkr_micro_l_mchop_h18_l5,2025-07-25 17:01:00+00:00,2025-07-25 18:31:00+00:00,-233.49540615,-4.667946464524237,90,5.0
2025,Intp20Stage12XtzCoreRocFilterStrategy,MKR/USDT:USDT,MKR,short,s9_07_mkr_range_s_mc_h24_l4,2025-07-26 11:26:00+00:00,2025-07-26 13:26:00+00:00,-176.7346956,-3.536680214773579,120,4.0
2025,Intp20Stage12XtzCoreRocFilterStrategy,XTZ/USDT:USDT,XTZ,long,s11_05_xtz_vstretch_l_mchop_h8m_l5,2025-07-27 02:49:00+00:00,2025-07-27 02:57:00+00:00,114.59472225,2.2907540643086275,8,5.0
2025,Intp20Stage12XtzCoreRocFilterStrategy,LTC/USDT:USDT,LTC,long,s10_07_ltc_maoff_l_mc_h3m_l5,2025-07-28 01:02:00+00:00,2025-07-28 01:05:00+00:00,-14.12543908,-0.2823681725897516,3,5.0
2025,Intp20Stage12XtzCoreRocFilterStrategy,MKR/USDT:USDT,MKR,long,s9_11_mkr_micro_l_mchop_h18_l5,2025-07-28 02:11:00+00:00,2025-07-28 03:41:00+00:00,223.74398585,4.472843689242753,90,5.0
2025,Intp20Stage12XtzCoreRocFilterStrategy,OP/USDT:USDT,OP,long,s10_01_op_maoff_l_mc_h12m_l5,2025-07-28 04:19:00+00:00,2025-07-28 04:31:00+00:00,2004.85258092,40.077037029819785,12,5.0
2025,Intp20Stage12XtzCoreRocFilterStrategy,MKR/USDT:USDT,MKR,short,s9_07_mkr_range_s_mc_h24_l4,2025-07-28 06:31:00+00:00,2025-07-28 08:31:00+00:00,206.4404119,4.130883650921435,120,4.0
2025,Intp20Stage12XtzCoreRocFilterStrategy,LTC/USDT:USDT,LTC,long,s10_07_ltc_maoff_l_mc_h3m_l5,2025-07-28 18:07:00+00:00,2025-07-28 18:10:00+00:00,-34.16291234,-0.6829185333992337,3,5.0
2025,Intp20Stage12XtzCoreRocFilterStrategy,LTC/USDT:USDT,LTC,long,s10_07_ltc_maoff_l_mc_h3m_l5,2025-07-29 14:55:00+00:00,2025-07-29 14:58:00+00:00,119.30167613,2.384845207798485,3,5.0
2025,Intp20Stage12XtzCoreRocFilterStrategy,XTZ/USDT:USDT,XTZ,short,s9_08_xtz_rsi_s_lc_h24_l4,2025-07-29 22:01:00+00:00,2025-07-30 00:01:00+00:00,-138.5421719,-2.7722392001688045,120,4.0
2025,Intp20Stage12XtzCoreRocFilterStrategy,MKR/USDT:USDT,MKR,long,s9_11_mkr_micro_l_mchop_h18_l5,2025-07-30 01:41:00+00:00,2025-07-30 03:11:00+00:00,283.42296645,5.666024089320429,90,5.0
2025,Intp20Stage12XtzCoreRocFilterStrategy,ETC/USDT:USDT,ETC,long,s11_03_etc_vstretch_l_mchop_h12m_l5,2025-07-30 04:34:00+00:00,2025-07-30 04:46:00+00:00,-88.44043242,-1.7679269122305392,12,5.0
2025,Intp20Stage12XtzCoreRocFilterStrategy,XTZ/USDT:USDT,XTZ,long,s11_05_xtz_vstretch_l_mchop_h8m_l5,2025-07-31 04:29:00+00:00,2025-07-31 04:37:00+00:00,34.993992,0.6995301868873487,8,5.0
2025,Intp20Stage12XtzCoreRocFilterStrategy,MKR/USDT:USDT,MKR,short,s9_24_mkr_vwap_s_mchop_h12_l5,2025-07-31 06:21:00+00:00,2025-07-31 07:21:00+00:00,60.05208,1.2017181775245165,60,5.0
2025,Intp20Stage12XtzCoreRocFilterStrategy,SUI/USDT:USDT,SUI,long,s9_25_sui_vwap_l_lc_h18_l5,2025-07-31 11:16:00+00:00,2025-07-31 12:46:00+00:00,-319.50284613,-6.386937231877078,90,5.0
2025,Intp20Stage12XtzCoreRocFilterStrategy,LTC/USDT:USDT,LTC,short,s9_16_ltc_vwap_s_lc_h18_l5,2025-08-01 03:06:00+00:00,2025-08-01 04:36:00+00:00,29.08353986,0.5819634457634947,90,5.0
2025,Intp20Stage12XtzCoreRocFilterStrategy,LTC/USDT:USDT,LTC,long,s10_07_ltc_maoff_l_mc_h3m_l5,2025-08-01 08:05:00+00:00,2025-08-01 08:08:00+00:00,-166.524449,-3.328829009705572,3,5.0
2025,Intp20Stage12XtzCoreRocFilterStrategy,XLM/USDT:USDT,XLM,long,s9_04_xlm_panic_l_mc_h12_l4,2025-08-01 22:36:00+00:00,2025-08-01 23:36:00+00:00,133.93491588,2.677382629804443,60,4.0
2025,Intp20Stage12XtzCoreRocFilterStrategy,AAVE/USDT:USDT,AAVE,long,s9_01_aave_panic_l_mc_h24_l4,2025-08-01 22:36:00+00:00,2025-08-02 00:36:00+00:00,345.851711,6.913829094663404,120,4.0
2025,Intp20Stage12XtzCoreRocFilterStrategy,LTC/USDT:USDT,LTC,short,s9_16_ltc_vwap_s_lc_h18_l5,2025-08-02 09:56:00+00:00,2025-08-02 11:26:00+00:00,103.01825286,2.0614020019501655,90,5.0
2025,Intp20Stage12XtzCoreRocFilterStrategy,XRP/USDT:USDT,XRP,long,s10_03_xrp_maoff_l_ma_h18m_l5,2025-08-02 21:16:00+00:00,2025-08-02 21:34:00+00:00,-21.41067824,-0.42800088805383646,18,5.0
2025,Intp20Stage12XtzCoreRocFilterStrategy,MKR/USDT:USDT,MKR,short,s9_24_mkr_vwap_s_mchop_h12_l5,2025-08-02 23:46:00+00:00,2025-08-03 00:46:00+00:00,-35.8337927,-0.7170694244073355,60,5.0
2025,Intp20Stage12XtzCoreRocFilterStrategy,XLM/USDT:USDT,XLM,long,s10_06_xlm_maoff_l_ma_h12m_l5,2025-08-04 02:47:00+00:00,2025-08-04 02:59:00+00:00,32.72173725,0.6541106346522786,12,5.0
2025,Intp20Stage12XtzCoreRocFilterStrategy,SUI/USDT:USDT,SUI,long,s9_25_sui_vwap_l_lc_h18_l5,2025-08-04 05:41:00+00:00,2025-08-04 07:11:00+00:00,-68.86371764,-1.3765959404251369,90,5.0
2025,Intp20Stage12XtzCoreRocFilterStrategy,SOL/USDT:USDT,SOL,short,s9_02_sol_panic_s_mc_h24_l4,2025-08-04 14:11:00+00:00,2025-08-04 16:11:00+00:00,-23.6010555,-0.4724875526768621,120,4.0
2025,Intp20Stage12XtzCoreRocFilterStrategy,MKR/USDT:USDT,MKR,long,s9_11_mkr_micro_l_mchop_h18_l5,2025-08-07 01:31:00+00:00,2025-08-07 03:01:00+00:00,-417.4489948,-8.34516867115396,90,5.0
2025,Intp20Stage12XtzCoreRocFilterStrategy,XRP/USDT:USDT,XRP,long,s10_03_xrp_maoff_l_ma_h18m_l5,2025-08-08 07:23:00+00:00,2025-08-08 07:41:00+00:00,120.559208,2.409989192113849,18,5.0
2025,Intp20Stage12XtzCoreRocFilterStrategy,MKR/USDT:USDT,MKR,long,s9_11_mkr_micro_l_mchop_h18_l5,2025-08-08 13:51:00+00:00,2025-08-08 15:21:00+00:00,-24.9980328,-0.49975012493753135,90,5.0
2025,Intp20Stage12XtzCoreRocFilterStrategy,XLM/USDT:USDT,XLM,long,s10_06_xlm_maoff_l_ma_h12m_l5,2025-08-08 21:10:00+00:00,2025-08-08 21:22:00+00:00,-36.54763213,-0.7305981904182044,12,5.0
2025,Intp20Stage12XtzCoreRocFilterStrategy,ETH/USDT:USDT,ETH,long,s9_15_eth_micro_l_mc_h18_l5,2025-08-09 03:56:00+00:00,2025-08-09 05:26:00+00:00,677.44505138,13.542346320560448,90,5.0
2025,Intp20Stage12XtzCoreRocFilterStrategy,MKR/USDT:USDT,MKR,long,s9_11_mkr_micro_l_mchop_h18_l5,2025-08-09 05:06:00+00:00,2025-08-09 06:36:00+00:00,485.046225,9.696609775306756,90,5.0
2025,Intp20Stage12XtzCoreRocFilterStrategy,ETH/USDT:USDT,ETH,long,s9_15_eth_micro_l_mc_h18_l5,2025-08-09 19:46:00+00:00,2025-08-09 21:16:00+00:00,86.48095983,1.728886023659186,90,5.0
2025,Intp20Stage12XtzCoreRocFilterStrategy,LTC/USDT:USDT,LTC,short,s9_16_ltc_vwap_s_lc_h18_l5,2025-08-09 20:46:00+00:00,2025-08-09 22:16:00+00:00,312.42540897,6.251654156732522,90,5.0
2025,Intp20Stage12XtzCoreRocFilterStrategy,MKR/USDT:USDT,MKR,short,s9_24_mkr_vwap_s_mchop_h12_l5,2025-08-10 00:26:00+00:00,2025-08-10 01:26:00+00:00,-120.3344508,-2.408007891881904,60,5.0
2025,Intp20Stage12XtzCoreRocFilterStrategy,MKR/USDT:USDT,MKR,short,s9_07_mkr_range_s_mc_h24_l4,2025-08-10 12:01:00+00:00,2025-08-10 14:01:00+00:00,32.548059,0.6513323775981951,120,4.0
2025,Intp20Stage12XtzCoreRocFilterStrategy,XLM/USDT:USDT,XLM,long,s10_06_xlm_maoff_l_ma_h12m_l5,2025-08-11 03:05:00+00:00,2025-08-11 03:17:00+00:00,-2.93256348,-0.058622136175415694,12,5.0
2025,Intp20Stage12XtzCoreRocFilterStrategy,SOL/USDT:USDT,SOL,short,s9_02_sol_panic_s_mc_h24_l4,2025-08-11 02:11:00+00:00,2025-08-11 04:11:00+00:00,-143.515911,-2.8728773921088386,120,4.0
2025,Intp20Stage12XtzCoreRocFilterStrategy,MKR/USDT:USDT,MKR,short,s9_07_mkr_range_s_mc_h24_l4,2025-08-11 07:26:00+00:00,2025-08-11 09:26:00+00:00,-70.97325965,-1.4202544456231192,120,4.0
2025,Intp20Stage12XtzCoreRocFilterStrategy,XRP/USDT:USDT,XRP,long,s10_03_xrp_maoff_l_ma_h18m_l5,2025-08-11 16:22:00+00:00,2025-08-11 16:40:00+00:00,-81.94214895,-1.638025652217283,18,5.0
2025,Intp20Stage12XtzCoreRocFilterStrategy,MKR/USDT:USDT,MKR,long,s9_11_mkr_micro_l_mchop_h18_l5,2025-08-11 16:06:00+00:00,2025-08-11 17:36:00+00:00,-195.882372,-3.9157121497043814,90,5.0
2025,Intp20Stage12XtzCoreRocFilterStrategy,LTC/USDT:USDT,LTC,long,s10_07_ltc_maoff_l_mc_h3m_l5,2025-08-11 21:21:00+00:00,2025-08-11 21:24:00+00:00,14.35689738,0.2869948596294824,3,5.0
2025,Intp20Stage12XtzCoreRocFilterStrategy,APT/USDT:USDT,APT,long,s11_06_apt_vstretch_l_mchop_h12m_l5,2025-08-12 21:55:00+00:00,2025-08-12 22:07:00+00:00,0.33389778,0.006674709307190684,12,5.0
2025,Intp20Stage12XtzCoreRocFilterStrategy,APT/USDT:USDT,APT,long,s11_06_apt_vstretch_l_mchop_h12m_l5,2025-08-13 11:18:00+00:00,2025-08-13 11:30:00+00:00,11.43286958,0.22854654768968366,12,5.0
2025,Intp20Stage12XtzCoreRocFilterStrategy,LTC/USDT:USDT,LTC,short,s9_16_ltc_vwap_s_lc_h18_l5,2025-08-13 13:56:00+00:00,2025-08-13 15:26:00+00:00,155.47904865,3.1111370664305724,90,5.0
2025,Intp20Stage12XtzCoreRocFilterStrategy,MKR/USDT:USDT,MKR,short,s9_07_mkr_range_s_mc_h24_l4,2025-08-13 18:21:00+00:00,2025-08-13 20:21:00+00:00,23.59418385,0.47213149058189224,120,4.0
2025,Intp20Stage12XtzCoreRocFilterStrategy,APT/USDT:USDT,APT,long,s11_07_apt_vstretch_l_ma_h12m_l5,2025-08-13 22:17:00+00:00,2025-08-13 22:29:00+00:00,40.43321379,0.808260364280739,12,5.0
2025,Intp20Stage12XtzCoreRocFilterStrategy,MKR/USDT:USDT,MKR,short,s9_07_mkr_range_s_mc_h24_l4,2025-08-13 21:56:00+00:00,2025-08-13 23:56:00+00:00,-150.111744,-3.003928999830176,120,4.0
2025,Intp20Stage12XtzCoreRocFilterStrategy,SOL/USDT:USDT,SOL,short,s9_02_sol_panic_s_mc_h24_l4,2025-08-14 03:01:00+00:00,2025-08-14 05:01:00+00:00,-150.457881,-3.0132730485904267,120,4.0
2025,Intp20Stage12XtzCoreRocFilterStrategy,OP/USDT:USDT,OP,long,s10_01_op_maoff_l_mc_h12m_l5,2025-08-14 07:12:00+00:00,2025-08-14 07:24:00+00:00,-76.41456565,-1.5275284168615282,12,5.0
2025,Intp20Stage12XtzCoreRocFilterStrategy,AAVE/USDT:USDT,AAVE,long,s9_01_aave_panic_l_mc_h24_l4,2025-08-14 16:36:00+00:00,2025-08-14 18:36:00+00:00,16.103715,0.3219419156733519,120,4.0
2025,Intp20Stage12XtzCoreRocFilterStrategy,MKR/USDT:USDT,MKR,short,s9_24_mkr_vwap_s_mchop_h12_l5,2025-08-15 12:36:00+00:00,2025-08-15 13:36:00+00:00,125.940459,2.5201727433035988,60,5.0
2025,Intp20Stage12XtzCoreRocFilterStrategy,LTC/USDT:USDT,LTC,short,s9_16_ltc_vwap_s_lc_h18_l5,2025-08-15 12:36:00+00:00,2025-08-15 14:06:00+00:00,249.34061004,4.989320489042146,90,5.0
2025,Intp20Stage12XtzCoreRocFilterStrategy,SUI/USDT:USDT,SUI,long,s9_25_sui_vwap_l_lc_h18_l5,2025-08-17 13:01:00+00:00,2025-08-17 14:31:00+00:00,158.94332438,3.1772793788534113,90,5.0
2025,Intp20Stage12XtzCoreRocFilterStrategy,XTZ/USDT:USDT,XTZ,short,s9_08_xtz_rsi_s_lc_h24_l4,2025-08-17 22:31:00+00:00,2025-08-18 00:31:00+00:00,235.6445616,4.7152496108681525,120,4.0
2025,Intp20Stage12XtzCoreRocFilterStrategy,AAVE/USDT:USDT,AAVE,long,s9_01_aave_panic_l_mc_h24_l4,2025-08-19 14:36:00+00:00,2025-08-19 16:36:00+00:00,-119.698575,-2.392960566887712,120,4.0
2025,Intp20Stage12XtzCoreRocFilterStrategy,SUI/USDT:USDT,SUI,long,s9_25_sui_vwap_l_lc_h18_l5,2025-08-20 08:06:00+00:00,2025-08-20 09:36:00+00:00,83.01197856,1.6594106335783436,90,5.0
2025,Intp20Stage12XtzCoreRocFilterStrategy,MKR/USDT:USDT,MKR,short,s9_07_mkr_range_s_mc_h24_l4,2025-08-20 09:11:00+00:00,2025-08-20 11:11:00+00:00,59.6367,1.1933844869730286,120,4.0
2025,Intp20Stage12XtzCoreRocFilterStrategy,XLM/USDT:USDT,XLM,long,s9_04_xlm_panic_l_mc_h12_l4,2025-08-21 14:46:00+00:00,2025-08-21 15:46:00+00:00,-48.8888505,-0.9773009593172532,60,4.0
2025,Intp20Stage12XtzCoreRocFilterStrategy,XRP/USDT:USDT,XRP,long,s10_03_xrp_maoff_l_ma_h18m_l5,2025-08-22 21:14:00+00:00,2025-08-22 21:32:00+00:00,97.51911502,1.9494165763942166,18,5.0
2025,Intp20Stage12XtzCoreRocFilterStrategy,MKR/USDT:USDT,MKR,short,s9_07_mkr_range_s_mc_h24_l4,2025-08-22 23:26:00+00:00,2025-08-23 01:26:00+00:00,692.1747672,13.851569264916277,120,4.0
2025,Intp20Stage12XtzCoreRocFilterStrategy,XLM/USDT:USDT,XLM,long,s9_04_xlm_panic_l_mc_h12_l4,2025-08-23 02:41:00+00:00,2025-08-23 03:41:00+00:00,-96.10836908,-1.9212190394308042,60,4.0
2025,Intp20Stage12XtzCoreRocFilterStrategy,ETH/USDT:USDT,ETH,long,s9_15_eth_micro_l_mc_h18_l5,2025-08-23 14:26:00+00:00,2025-08-23 15:56:00+00:00,57.96796996,1.1588520397298654,90,5.0
2025,Intp20Stage12XtzCoreRocFilterStrategy,AAVE/USDT:USDT,AAVE,long,s9_01_aave_panic_l_mc_h24_l4,2025-08-23 15:21:00+00:00,2025-08-23 17:21:00+00:00,-206.3117108,-4.1242724528624475,120,4.0
2025,Intp20Stage12XtzCoreRocFilterStrategy,MKR/USDT:USDT,MKR,long,s9_11_mkr_micro_l_mchop_h18_l5,2025-08-23 17:06:00+00:00,2025-08-23 18:36:00+00:00,62.9716975,1.2588400470154626,90,5.0
2025,Intp20Stage12XtzCoreRocFilterStrategy,SOL/USDT:USDT,SOL,short,s9_02_sol_panic_s_mc_h24_l4,2025-08-24 00:36:00+00:00,2025-08-24 02:36:00+00:00,-480.969165,-9.629592784454536,120,4.0
2025,Intp20Stage12XtzCoreRocFilterStrategy,MKR/USDT:USDT,MKR,long,s9_11_mkr_micro_l_mchop_h18_l5,2025-08-24 13:21:00+00:00,2025-08-24 14:51:00+00:00,-189.10527765,-3.780386031416643,90,5.0
2025,Intp20Stage12XtzCoreRocFilterStrategy,XTZ/USDT:USDT,XTZ,long,s11_05_xtz_vstretch_l_mchop_h8m_l5,2025-08-25 16:03:00+00:00,2025-08-25 16:11:00+00:00,99.7812473,1.9946331453499222,8,5.0
2025,Intp20Stage12XtzCoreRocFilterStrategy,LTC/USDT:USDT,LTC,short,s9_16_ltc_vwap_s_lc_h18_l5,2025-08-26 00:01:00+00:00,2025-08-26 01:31:00+00:00,-289.35377883,-5.789977977684734,90,5.0
2025,Intp20Stage12XtzCoreRocFilterStrategy,MKR/USDT:USDT,MKR,long,s9_11_mkr_micro_l_mchop_h18_l5,2025-08-26 09:31:00+00:00,2025-08-26 11:01:00+00:00,-16.717005,-0.33418822574128915,90,5.0
2025,Intp20Stage12XtzCoreRocFilterStrategy,SUI/USDT:USDT,SUI,long,s9_25_sui_vwap_l_lc_h18_l5,2025-08-26 10:01:00+00:00,2025-08-26 11:31:00+00:00,-199.6759961,-3.991527704396641,90,5.0
2025,Intp20Stage12XtzCoreRocFilterStrategy,MKR/USDT:USDT,MKR,short,s9_07_mkr_range_s_mc_h24_l4,2025-08-28 05:46:00+00:00,2025-08-28 07:46:00+00:00,132.6828748,2.655114027035961,120,4.0
2025,Intp20Stage12XtzCoreRocFilterStrategy,SOL/USDT:USDT,SOL,short,s9_02_sol_panic_s_mc_h24_l4,2025-08-28 08:11:00+00:00,2025-08-28 10:11:00+00:00,255.770256,5.122176580070475,120,4.0
2025,Intp20Stage12XtzCoreRocFilterStrategy,MKR/USDT:USDT,MKR,short,s9_07_mkr_range_s_mc_h24_l4,2025-08-28 11:26:00+00:00,2025-08-28 13:26:00+00:00,105.6778275,2.114615971544436,120,4.0
2025,Intp20Stage12XtzCoreRocFilterStrategy,SOL/USDT:USDT,SOL,short,s9_02_sol_panic_s_mc_h24_l4,2025-08-28 13:26:00+00:00,2025-08-28 15:26:00+00:00,203.3259,4.0714633724493705,120,4.0
2025,Intp20Stage12XtzCoreRocFilterStrategy,SUI/USDT:USDT,SUI,long,s9_25_sui_vwap_l_lc_h18_l5,2025-08-28 14:06:00+00:00,2025-08-28 15:36:00+00:00,-236.26317056,-4.722921788934728,90,5.0
2025,Intp20Stage12XtzCoreRocFilterStrategy,LTC/USDT:USDT,LTC,short,s9_16_ltc_vwap_s_lc_h18_l5,2025-08-29 12:36:00+00:00,2025-08-29 14:06:00+00:00,314.44274004,6.292026860259045,90,5.0
2025,Intp20Stage12XtzCoreRocFilterStrategy,SUI/USDT:USDT,SUI,long,s9_25_sui_vwap_l_lc_h18_l5,2025-08-31 20:06:00+00:00,2025-08-31 21:36:00+00:00,-37.12499444,-0.7421377264782628,90,5.0
2025,Intp20Stage12XtzCoreRocFilterStrategy,SOL/USDT:USDT,SOL,short,s9_02_sol_panic_s_mc_h24_l4,2025-09-01 08:06:00+00:00,2025-09-01 10:06:00+00:00,220.714811,4.417501944175113,120,4.0
2025,Intp20Stage12XtzCoreRocFilterStrategy,MKR/USDT:USDT,MKR,long,s9_11_mkr_micro_l_mchop_h18_l5,2025-09-01 18:01:00+00:00,2025-09-01 19:31:00+00:00,-53.3631802,-1.066791276410231,90,5.0
2025,Intp20Stage12XtzCoreRocFilterStrategy,XLM/USDT:USDT,XLM,long,s9_04_xlm_panic_l_mc_h12_l4,2025-09-02 12:56:00+00:00,2025-09-02 13:56:00+00:00,454.71530412,9.089861372071422,60,4.0
2025,Intp20Stage12XtzCoreRocFilterStrategy,DOGE/USDT:USDT,DOGE,long,s10_04_doge_maoff_l_ma_h12m_l5,2025-09-02 14:07:00+00:00,2025-09-02 14:19:00+00:00,102.7163504,2.053303684173058,12,5.0
2025,Intp20Stage12XtzCoreRocFilterStrategy,XTZ/USDT:USDT,XTZ,short,s9_08_xtz_rsi_s_lc_h24_l4,2025-09-02 18:56:00+00:00,2025-09-02 20:56:00+00:00,-103.1439288,-2.063912842848017,120,4.0
2025,Intp20Stage12XtzCoreRocFilterStrategy,MKR/USDT:USDT,MKR,short,s9_07_mkr_range_s_mc_h24_l4,2025-09-03 00:06:00+00:00,2025-09-03 02:06:00+00:00,-46.40897105,-0.9287053856914109,120,4.0
2025,Intp20Stage12XtzCoreRocFilterStrategy,LTC/USDT:USDT,LTC,short,s9_16_ltc_vwap_s_lc_h18_l5,2025-09-03 05:56:00+00:00,2025-09-03 07:26:00+00:00,67.08980597,1.3424681091545774,90,5.0
2025,Intp20Stage12XtzCoreRocFilterStrategy,MKR/USDT:USDT,MKR,long,s9_11_mkr_micro_l_mchop_h18_l5,2025-09-04 10:11:00+00:00,2025-09-04 11:41:00+00:00,-83.9120928,-1.677486075914493,90,5.0
2025,Intp20Stage12XtzCoreRocFilterStrategy,SOL/USDT:USDT,SOL,short,s9_02_sol_panic_s_mc_h24_l4,2025-09-05 07:16:00+00:00,2025-09-05 09:16:00+00:00,-86.196124,-1.724867493589161,120,4.0
2025,Intp20Stage12XtzCoreRocFilterStrategy,AAVE/USDT:USDT,AAVE,long,s9_01_aave_panic_l_mc_h24_l4,2025-09-05 14:41:00+00:00,2025-09-05 16:41:00+00:00,121.361604,2.4260578873909657,120,4.0
2025,Intp20Stage12XtzCoreRocFilterStrategy,MKR/USDT:USDT,MKR,short,s9_07_mkr_range_s_mc_h24_l4,2025-09-07 05:31:00+00:00,2025-09-07 07:31:00+00:00,-122.790645,-2.4571304916906787,120,4.0
2025,Intp20Stage12XtzCoreRocFilterStrategy,SUI/USDT:USDT,SUI,long,s9_25_sui_vwap_l_lc_h18_l5,2025-09-07 09:51:00+00:00,2025-09-07 11:21:00+00:00,91.90129725,1.837127746679781,90,5.0
2025,Intp20Stage12XtzCoreRocFilterStrategy,LTC/USDT:USDT,LTC,long,s10_05_ltc_maoff_l_mchop_h12m_l5,2025-09-08 06:09:00+00:00,2025-09-08 06:21:00+00:00,59.7713532,1.1948315637735103,12,5.0
2025,Intp20Stage12XtzCoreRocFilterStrategy,MKR/USDT:USDT,MKR,short,s9_07_mkr_range_s_mc_h24_l4,2025-09-08 08:01:00+00:00,2025-09-08 10:01:00+00:00,207.7726728,4.15770763579621,120,4.0
2025,Intp20Stage12XtzCoreRocFilterStrategy,SOL/USDT:USDT,SOL,short,s9_02_sol_panic_s_mc_h24_l4,2025-09-08 10:56:00+00:00,2025-09-08 12:56:00+00:00,37.645867,0.7540128628569446,120,4.0
2025,Intp20Stage12XtzCoreRocFilterStrategy,LTC/USDT:USDT,LTC,long,s10_05_ltc_maoff_l_mchop_h12m_l5,2025-09-09 02:50:00+00:00,2025-09-09 03:02:00+00:00,-4.87041934,-0.09736002021212777,12,5.0
2025,Intp20Stage12XtzCoreRocFilterStrategy,SOL/USDT:USDT,SOL,long,s11_02_sol_vstretch_l_mchop_h12m_l5,2025-09-09 02:51:00+00:00,2025-09-09 03:03:00+00:00,63.7015925,1.274463407652082,12,5.0
2025,Intp20Stage12XtzCoreRocFilterStrategy,SOL/USDT:USDT,SOL,short,s9_02_sol_panic_s_mc_h24_l4,2025-09-10 07:36:00+00:00,2025-09-10 09:36:00+00:00,31.441465,0.629199178543762,120,4.0
2025,Intp20Stage12XtzCoreRocFilterStrategy,LTC/USDT:USDT,LTC,short,s9_16_ltc_vwap_s_lc_h18_l5,2025-09-11 06:16:00+00:00,2025-09-11 07:46:00+00:00,-203.06249413,-4.063293332917424,90,5.0
2025,Intp20Stage12XtzCoreRocFilterStrategy,SOL/USDT:USDT,SOL,long,s11_02_sol_vstretch_l_mchop_h12m_l5,2025-09-11 16:54:00+00:00,2025-09-11 17:06:00+00:00,45.942543,0.9184662803685333,12,5.0
2025,Intp20Stage12XtzCoreRocFilterStrategy,XLM/USDT:USDT,XLM,long,s9_04_xlm_panic_l_mc_h12_l4,2025-09-13 13:56:00+00:00,2025-09-13 14:56:00+00:00,62.78725694,1.2551226776907505,60,4.0
2025,Intp20Stage12XtzCoreRocFilterStrategy,OP/USDT:USDT,OP,long,s10_01_op_maoff_l_mc_h12m_l5,2025-09-13 16:43:00+00:00,2025-09-13 16:55:00+00:00,30.07894275,0.6012790812529076,12,5.0
2025,Intp20Stage12XtzCoreRocFilterStrategy,APT/USDT:USDT,APT,long,s11_06_apt_vstretch_l_mchop_h12m_l5,2025-09-15 12:08:00+00:00,2025-09-15 12:20:00+00:00,91.922971,1.837559877901725,12,5.0
2025,Intp20Stage12XtzCoreRocFilterStrategy,AAVE/USDT:USDT,AAVE,long,s9_01_aave_panic_l_mc_h24_l4,2025-09-16 13:56:00+00:00,2025-09-16 15:56:00+00:00,80.2237344,1.603758716815911,120,4.0
2025,Intp20Stage12XtzCoreRocFilterStrategy,XRP/USDT:USDT,XRP,long,s10_08_xrp_maoff_l_ma_h12m_l5,2025-09-17 20:28:00+00:00,2025-09-17 20:40:00+00:00,-104.09979486,-2.080968353124763,12,5.0
2025,Intp20Stage12XtzCoreRocFilterStrategy,XRP/USDT:USDT,XRP,long,s10_03_xrp_maoff_l_ma_h18m_l5,2025-09-17 23:18:00+00:00,2025-09-17 23:36:00+00:00,-50.13333822,-1.0021676377904494,18,5.0
2025,Intp20Stage12XtzCoreRocFilterStrategy,LTC/USDT:USDT,LTC,long,s10_07_ltc_maoff_l_mc_h3m_l5,2025-09-18 06:54:00+00:00,2025-09-18 06:57:00+00:00,-29.34221268,-0.586551801864295,3,5.0
2025,Intp20Stage12XtzCoreRocFilterStrategy,OP/USDT:USDT,OP,long,s10_01_op_maoff_l_mc_h12m_l5,2025-09-19 09:46:00+00:00,2025-09-19 09:58:00+00:00,-12.87895896,-0.2574507070985487,12,5.0
2025,Intp20Stage12XtzCoreRocFilterStrategy,OP/USDT:USDT,OP,long,s10_01_op_maoff_l_mc_h12m_l5,2025-09-19 14:49:00+00:00,2025-09-19 15:01:00+00:00,74.55155808,1.4902907112180963,12,5.0
2025,Intp20Stage12XtzCoreRocFilterStrategy,SUI/USDT:USDT,SUI,long,s9_25_sui_vwap_l_lc_h18_l5,2025-09-20 02:26:00+00:00,2025-09-20 03:56:00+00:00,136.85654268,2.735779535617563,90,5.0
2025,Intp20Stage12XtzCoreRocFilterStrategy,OP/USDT:USDT,OP,long,s10_01_op_maoff_l_mc_h12m_l5,2025-09-21 19:10:00+00:00,2025-09-21 19:22:00+00:00,19.73464889,0.3944958467058031,12,5.0
2025,Intp20Stage12XtzCoreRocFilterStrategy,AAVE/USDT:USDT,AAVE,long,s9_01_aave_panic_l_mc_h24_l4,2025-09-22 02:41:00+00:00,2025-09-22 04:41:00+00:00,48.51672175,0.9699026948591501,120,4.0
2025,Intp20Stage12XtzCoreRocFilterStrategy,XTZ/USDT:USDT,XTZ,long,s11_05_xtz_vstretch_l_mchop_h8m_l5,2025-09-22 14:54:00+00:00,2025-09-22 15:02:00+00:00,-24.99994,-0.4997501249375312,8,5.0
2025,Intp20Stage12XtzCoreRocFilterStrategy,SUI/USDT:USDT,SUI,long,s9_25_sui_vwap_l_lc_h18_l5,2025-09-22 15:11:00+00:00,2025-09-22 16:41:00+00:00,-161.4816014,-3.2280443030184376,90,5.0
2025,Intp20Stage12XtzCoreRocFilterStrategy,LTC/USDT:USDT,LTC,short,s9_16_ltc_vwap_s_lc_h18_l5,2025-09-23 21:06:00+00:00,2025-09-23 22:36:00+00:00,-60.34483087,-1.2075043644232382,90,5.0
2025,Intp20Stage12XtzCoreRocFilterStrategy,XLM/USDT:USDT,XLM,long,s9_04_xlm_panic_l_mc_h12_l4,2025-09-25 18:06:00+00:00,2025-09-25 19:06:00+00:00,473.8500476,9.472405011184371,60,4.0
2025,Intp20Stage12XtzCoreRocFilterStrategy,SOL/USDT:USDT,SOL,short,s9_02_sol_panic_s_mc_h24_l4,2025-09-28 20:31:00+00:00,2025-09-28 22:31:00+00:00,-254.850603,-5.100777356164434,120,4.0
2025,Intp20Stage12XtzCoreRocFilterStrategy,SUI/USDT:USDT,SUI,long,s9_25_sui_vwap_l_lc_h18_l5,2025-09-29 05:31:00+00:00,2025-09-29 07:01:00+00:00,42.89635689,0.8575046298673953,90,5.0
2025,Intp20Stage12XtzCoreRocFilterStrategy,APT/USDT:USDT,APT,long,s11_06_apt_vstretch_l_mchop_h12m_l5,2025-09-29 09:45:00+00:00,2025-09-29 09:57:00+00:00,-38.51565543,-0.7699344044024177,12,5.0
2025,Intp20Stage12XtzCoreRocFilterStrategy,LTC/USDT:USDT,LTC,short,s9_16_ltc_vwap_s_lc_h18_l5,2025-09-29 13:41:00+00:00,2025-09-29 15:11:00+00:00,-138.456675,-2.7705215299012194,90,5.0
2025,Intp20Stage12XtzCoreRocFilterStrategy,DOGE/USDT:USDT,DOGE,long,s10_04_doge_maoff_l_ma_h12m_l5,2025-09-29 15:17:00+00:00,2025-09-29 15:29:00+00:00,-132.3698062,-2.6460817666044663,12,5.0
2025,Intp20Stage12XtzCoreRocFilterStrategy,SOL/USDT:USDT,SOL,short,s9_02_sol_panic_s_mc_h24_l4,2025-09-29 14:21:00+00:00,2025-09-29 16:21:00+00:00,-0.06399,-0.0012815972461038376,120,4.0
2025,Intp20Stage12XtzCoreRocFilterStrategy,XRP/USDT:USDT,XRP,long,s10_08_xrp_maoff_l_ma_h12m_l5,2025-09-30 13:35:00+00:00,2025-09-30 13:47:00+00:00,115.65467688,2.3119596970442444,12,5.0
2025,Intp20Stage12XtzCoreRocFilterStrategy,LTC/USDT:USDT,LTC,short,s9_16_ltc_vwap_s_lc_h18_l5,2025-09-30 13:51:00+00:00,2025-09-30 15:21:00+00:00,271.74962447,5.4377274059442025,90,5.0
2025,Intp20Stage12XtzCoreRocFilterStrategy,XTZ/USDT:USDT,XTZ,long,s11_05_xtz_vstretch_l_mchop_h8m_l5,2025-09-30 15:22:00+00:00,2025-09-30 15:30:00+00:00,-63.44224425,-1.2682120478222425,8,5.0
2025,Intp20Stage12XtzCoreRocFilterStrategy,SUI/USDT:USDT,SUI,long,s9_25_sui_vwap_l_lc_h18_l5,2025-10-02 08:01:00+00:00,2025-10-02 09:31:00+00:00,4.4721222,0.08939898047830813,90,5.0
2025,Intp20Stage12XtzCoreRocFilterStrategy,XRP/USDT:USDT,XRP,long,s10_08_xrp_maoff_l_ma_h12m_l5,2025-10-02 11:59:00+00:00,2025-10-02 12:11:00+00:00,33.05942127,0.66086131233952,12,5.0
2025,Intp20Stage12XtzCoreRocFilterStrategy,XTZ/USDT:USDT,XTZ,short,s9_08_xtz_rsi_s_lc_h24_l4,2025-10-02 10:56:00+00:00,2025-10-02 12:56:00+00:00,36.286797,0.7261014473481466,120,4.0
2025,Intp20Stage12XtzCoreRocFilterStrategy,SOL/USDT:USDT,SOL,short,s9_02_sol_panic_s_mc_h24_l4,2025-10-02 18:16:00+00:00,2025-10-02 20:16:00+00:00,-105.771941,-2.1170184901884004,120,4.0
2025,Intp20Stage12XtzCoreRocFilterStrategy,XTZ/USDT:USDT,XTZ,short,s9_08_xtz_rsi_s_lc_h24_l4,2025-10-02 23:56:00+00:00,2025-10-03 01:56:00+00:00,205.1469849,4.1050060895426626,120,4.0
2025,Intp20Stage12XtzCoreRocFilterStrategy,XTZ/USDT:USDT,XTZ,long,s11_05_xtz_vstretch_l_mchop_h8m_l5,2025-10-03 17:31:00+00:00,2025-10-03 17:39:00+00:00,79.55020125,1.5902090795606383,8,5.0
2025,Intp20Stage12XtzCoreRocFilterStrategy,XTZ/USDT:USDT,XTZ,long,s11_05_xtz_vstretch_l_mchop_h8m_l5,2025-10-04 10:43:00+00:00,2025-10-04 10:51:00+00:00,-24.9999666,-0.4997501249375312,8,5.0
2025,Intp20Stage12XtzCoreRocFilterStrategy,SUI/USDT:USDT,SUI,long,s9_25_sui_vwap_l_lc_h18_l5,2025-10-04 15:01:00+00:00,2025-10-04 16:31:00+00:00,-113.26444952,-2.2641701446600213,90,5.0
2025,Intp20Stage12XtzCoreRocFilterStrategy,SOL/USDT:USDT,SOL,short,s9_02_sol_panic_s_mc_h24_l4,2025-10-05 03:06:00+00:00,2025-10-05 05:06:00+00:00,-239.554368,-4.796208348392913,120,4.0
2025,Intp20Stage12XtzCoreRocFilterStrategy,XTZ/USDT:USDT,XTZ,short,s9_08_xtz_rsi_s_lc_h24_l4,2025-10-05 13:41:00+00:00,2025-10-05 15:41:00+00:00,62.0081868,1.2407843265895244,120,4.0
2025,Intp20Stage12XtzCoreRocFilterStrategy,SUI/USDT:USDT,SUI,long,s9_25_sui_vwap_l_lc_h18_l5,2025-10-06 11:26:00+00:00,2025-10-06 12:56:00+00:00,-14.64013875,-0.292660469102099,90,5.0
2025,Intp20Stage12XtzCoreRocFilterStrategy,LTC/USDT:USDT,LTC,short,s9_16_ltc_vwap_s_lc_h18_l5,2025-10-07 04:41:00+00:00,2025-10-07 06:11:00+00:00,-73.58408325,-1.4724235692713346,90,5.0
2025,Intp20Stage12XtzCoreRocFilterStrategy,AAVE/USDT:USDT,AAVE,long,s9_01_aave_panic_l_mc_h24_l4,2025-10-07 14:16:00+00:00,2025-10-07 16:16:00+00:00,-551.26110355,-11.020170984610642,120,4.0
2025,Intp20Stage12XtzCoreRocFilterStrategy,APT/USDT:USDT,APT,long,s11_06_apt_vstretch_l_mchop_h12m_l5,2025-10-08 18:37:00+00:00,2025-10-08 18:49:00+00:00,-26.42608791,-0.5282658386364398,12,5.0
2025,Intp20Stage12XtzCoreRocFilterStrategy,LTC/USDT:USDT,LTC,long,s10_05_ltc_maoff_l_mchop_h12m_l5,2025-10-10 01:38:00+00:00,2025-10-10 01:50:00+00:00,-19.12283757,-0.38226672639967774,12,5.0
2025,Intp20Stage12XtzCoreRocFilterStrategy,XLM/USDT:USDT,XLM,long,s10_06_xlm_maoff_l_ma_h12m_l5,2025-10-11 09:18:00+00:00,2025-10-11 09:30:00+00:00,192.4312885,3.8467175717804634,12,5.0
2025,Intp20Stage12XtzCoreRocFilterStrategy,LTC/USDT:USDT,LTC,long,s10_05_ltc_maoff_l_mchop_h12m_l5,2025-10-11 12:49:00+00:00,2025-10-11 13:01:00+00:00,70.44082676,1.408117041822982,12,5.0
2025,Intp20Stage12XtzCoreRocFilterStrategy,XLM/USDT:USDT,XLM,long,s9_04_xlm_panic_l_mc_h12_l4,2025-10-11 20:41:00+00:00,2025-10-11 21:41:00+00:00,408.4329115,8.164606591962132,60,4.0
2025,Intp20Stage12XtzCoreRocFilterStrategy,ETH/USDT:USDT,ETH,long,s9_15_eth_micro_l_mc_h18_l5,2025-10-12 14:46:00+00:00,2025-10-12 16:16:00+00:00,1343.59991748,26.862349134837714,90,5.0
2025,Intp20Stage12XtzCoreRocFilterStrategy,SOL/USDT:USDT,SOL,short,s9_02_sol_panic_s_mc_h24_l4,2025-10-12 15:11:00+00:00,2025-10-12 17:11:00+00:00,-650.4023235,-13.026100733868972,120,4.0
2025,Intp20Stage12XtzCoreRocFilterStrategy,SOL/USDT:USDT,SOL,long,s11_02_sol_vstretch_l_mchop_h12m_l5,2025-10-12 18:38:00+00:00,2025-10-12 18:50:00+00:00,-62.607083,-1.2523221971724032,12,5.0
2025,Intp20Stage12XtzCoreRocFilterStrategy,ETC/USDT:USDT,ETC,long,s10_02_etc_maoff_l_mchop_h18m_l5,2025-10-13 02:04:00+00:00,2025-10-13 02:22:00+00:00,16.69537116,0.3337425446990451,18,5.0
2025,Intp20Stage12XtzCoreRocFilterStrategy,LTC/USDT:USDT,LTC,short,s9_16_ltc_vwap_s_lc_h18_l5,2025-10-13 13:36:00+00:00,2025-10-13 15:06:00+00:00,124.52804706,2.491814862285812,90,5.0
2025,Intp20Stage12XtzCoreRocFilterStrategy,LTC/USDT:USDT,LTC,short,s9_16_ltc_vwap_s_lc_h18_l5,2025-10-14 01:06:00+00:00,2025-10-14 02:36:00+00:00,68.15156523,1.3637165841092165,90,5.0
2025,Intp20Stage12XtzCoreRocFilterStrategy,AAVE/USDT:USDT,AAVE,long,s9_01_aave_panic_l_mc_h24_l4,2025-10-14 05:46:00+00:00,2025-10-14 07:46:00+00:00,-488.3317948,-9.762790411227817,120,4.0
2025,Intp20Stage12XtzCoreRocFilterStrategy,LTC/USDT:USDT,LTC,long,s10_07_ltc_maoff_l_mc_h3m_l5,2025-10-14 09:48:00+00:00,2025-10-14 09:51:00+00:00,-62.17981606,-1.2429750689539913,3,5.0
2025,Intp20Stage12XtzCoreRocFilterStrategy,AAVE/USDT:USDT,AAVE,long,s9_01_aave_panic_l_mc_h24_l4,2025-10-15 17:21:00+00:00,2025-10-15 19:21:00+00:00,74.7443665,1.4941971887829575,120,4.0
2025,Intp20Stage12XtzCoreRocFilterStrategy,XTZ/USDT:USDT,XTZ,long,s11_05_xtz_vstretch_l_mchop_h8m_l5,2025-10-15 19:53:00+00:00,2025-10-15 20:01:00+00:00,-24.9999915,-0.4997501249375312,8,5.0
2025,Intp20Stage12XtzCoreRocFilterStrategy,XLM/USDT:USDT,XLM,long,s9_04_xlm_panic_l_mc_h12_l4,2025-10-16 16:06:00+00:00,2025-10-16 17:06:00+00:00,282.69416721,5.651088882153483,60,4.0
2025,Intp20Stage12XtzCoreRocFilterStrategy,AAVE/USDT:USDT,AAVE,long,s9_01_aave_panic_l_mc_h24_l4,2025-10-16 19:26:00+00:00,2025-10-16 21:26:00+00:00,-388.7119163,-7.770599943679499,120,4.0
2025,Intp20Stage12XtzCoreRocFilterStrategy,XTZ/USDT:USDT,XTZ,short,s9_08_xtz_rsi_s_lc_h24_l4,2025-10-18 14:56:00+00:00,2025-10-18 16:56:00+00:00,82.96736805,1.6601782881148983,120,4.0
2025,Intp20Stage12XtzCoreRocFilterStrategy,XLM/USDT:USDT,XLM,long,s10_06_xlm_maoff_l_ma_h12m_l5,2025-10-19 17:31:00+00:00,2025-10-19 17:43:00+00:00,-39.02760434,-0.7801669448779962,12,5.0
2025,Intp20Stage12XtzCoreRocFilterStrategy,APT/USDT:USDT,APT,long,s11_06_apt_vstretch_l_mchop_h12m_l5,2025-10-20 07:41:00+00:00,2025-10-20 07:53:00+00:00,-77.57788285,-1.5507844394465367,12,5.0
2025,Intp20Stage12XtzCoreRocFilterStrategy,SOL/USDT:USDT,SOL,short,s9_02_sol_panic_s_mc_h24_l4,2025-10-21 14:26:00+00:00,2025-10-21 16:26:00+00:00,-918.25945,-18.383071380857192,120,4.0
2025,Intp20Stage12XtzCoreRocFilterStrategy,XRP/USDT:USDT,XRP,short,s9_10_xrp_rsi_s_mx_h24_l4,2025-10-21 15:01:00+00:00,2025-10-21 17:01:00+00:00,-88.49651184,-1.7708262129131496,120,4.0
2025,Intp20Stage12XtzCoreRocFilterStrategy,LTC/USDT:USDT,LTC,long,s10_07_ltc_maoff_l_mc_h3m_l5,2025-10-22 16:32:00+00:00,2025-10-22 16:35:00+00:00,110.33082171,2.205515526465536,3,5.0
2025,Intp20Stage12XtzCoreRocFilterStrategy,XTZ/USDT:USDT,XTZ,short,s9_08_xtz_rsi_s_lc_h24_l4,2025-10-22 23:21:00+00:00,2025-10-23 01:21:00+00:00,-158.717298,-3.1759380556829546,120,4.0
2025,Intp20Stage12XtzCoreRocFilterStrategy,APT/USDT:USDT,APT,long,s11_01_apt_vstretch_l_ma_h12m_l5,2025-10-25 13:05:00+00:00,2025-10-25 13:17:00+00:00,-44.7121403,-0.8937972909291455,12,5.0
2025,Intp20Stage12XtzCoreRocFilterStrategy,XLM/USDT:USDT,XLM,long,s9_04_xlm_panic_l_mc_h12_l4,2025-10-27 13:46:00+00:00,2025-10-27 14:46:00+00:00,-3.30713104,-0.06610989497982891,60,4.0
2025,Intp20Stage12XtzCoreRocFilterStrategy,XTZ/USDT:USDT,XTZ,short,s9_08_xtz_rsi_s_lc_h24_l4,2025-10-28 00:26:00+00:00,2025-10-28 02:26:00+00:00,-86.4781675,-1.730433322973779,120,4.0
2025,Intp20Stage12XtzCoreRocFilterStrategy,XTZ/USDT:USDT,XTZ,short,s9_08_xtz_rsi_s_lc_h24_l4,2025-10-30 02:31:00+00:00,2025-10-30 04:31:00+00:00,652.604161,13.05863015541384,120,4.0
2025,Intp20Stage12XtzCoreRocFilterStrategy,AAVE/USDT:USDT,AAVE,long,s9_01_aave_panic_l_mc_h24_l4,2025-10-30 12:31:00+00:00,2025-10-30 14:31:00+00:00,-543.2307087,-10.860348811101696,120,4.0
2025,Intp20Stage12XtzCoreRocFilterStrategy,LTC/USDT:USDT,LTC,long,s10_05_ltc_maoff_l_mchop_h12m_l5,2025-10-30 15:10:00+00:00,2025-10-30 15:22:00+00:00,-186.52195176,-3.728581733696823,12,5.0
2025,Intp20Stage12XtzCoreRocFilterStrategy,SOL/USDT:USDT,SOL,short,s9_02_sol_panic_s_mc_h24_l4,2025-10-31 00:56:00+00:00,2025-10-31 02:56:00+00:00,82.3824225,1.6498143979022657,120,4.0
2025,Intp20Stage12XtzCoreRocFilterStrategy,APT/USDT:USDT,APT,long,s11_06_apt_vstretch_l_mchop_h12m_l5,2025-10-31 03:33:00+00:00,2025-10-31 03:45:00+00:00,-66.09978063,-1.321347581438627,12,5.0
2025,Intp20Stage12XtzCoreRocFilterStrategy,SOL/USDT:USDT,SOL,short,s9_02_sol_panic_s_mc_h24_l4,2025-10-31 12:06:00+00:00,2025-10-31 14:06:00+00:00,73.25103,1.466665302556969,120,4.0
2025,Intp20Stage12XtzCoreRocFilterStrategy,LTC/USDT:USDT,LTC,long,s10_07_ltc_maoff_l_mc_h3m_l5,2025-11-03 03:13:00+00:00,2025-11-03 03:16:00+00:00,-71.69577273,-1.4332015885744835,3,5.0
2025,Intp20Stage12XtzCoreRocFilterStrategy,AAVE/USDT:USDT,AAVE,long,s9_01_aave_panic_l_mc_h24_l4,2025-11-03 06:51:00+00:00,2025-11-03 08:51:00+00:00,50.3330388,1.006239308190515,120,4.0
2025,Intp20Stage12XtzCoreRocFilterStrategy,LTC/USDT:USDT,LTC,long,s10_07_ltc_maoff_l_mc_h3m_l5,2025-11-03 20:55:00+00:00,2025-11-03 20:58:00+00:00,-19.2358285,-0.38452515380141533,3,5.0
2025,Intp20Stage12XtzCoreRocFilterStrategy,LTC/USDT:USDT,LTC,long,s10_07_ltc_maoff_l_mc_h3m_l5,2025-11-03 23:04:00+00:00,2025-11-03 23:07:00+00:00,61.7721221,1.234826503868103,3,5.0
2025,Intp20Stage12XtzCoreRocFilterStrategy,APT/USDT:USDT,APT,long,s11_01_apt_vstretch_l_ma_h12m_l5,2025-11-04 01:47:00+00:00,2025-11-04 01:59:00+00:00,-80.52711745,-1.609750680215448,12,5.0
2025,Intp20Stage12XtzCoreRocFilterStrategy,XTZ/USDT:USDT,XTZ,short,s9_08_xtz_rsi_s_lc_h24_l4,2025-11-04 08:36:00+00:00,2025-11-04 10:36:00+00:00,-58.26001115,-1.1657836566466788,120,4.0
2025,Intp20Stage12XtzCoreRocFilterStrategy,AAVE/USDT:USDT,AAVE,long,s9_01_aave_panic_l_mc_h24_l4,2025-11-04 16:26:00+00:00,2025-11-04 18:26:00+00:00,-1110.0367872,-22.19177222134237,120,4.0
2025,Intp20Stage12XtzCoreRocFilterStrategy,COMP/USDT:USDT,COMP,long,s9_05_comp_rsi_l_mx_h24_l4,2025-11-04 17:06:00+00:00,2025-11-04 19:06:00+00:00,62.99898712,1.2593511611128003,120,4.0
2025,Intp20Stage12XtzCoreRocFilterStrategy,SOL/USDT:USDT,SOL,long,s11_02_sol_vstretch_l_mchop_h12m_l5,2025-11-05 14:27:00+00:00,2025-11-05 14:39:00+00:00,-72.45391,-1.4490695735439214,12,5.0
2025,Intp20Stage12XtzCoreRocFilterStrategy,SUI/USDT:USDT,SUI,long,s9_25_sui_vwap_l_lc_h18_l5,2025-11-05 14:41:00+00:00,2025-11-05 16:11:00+00:00,-48.33206787,-0.9661598333917374,90,5.0
2025,Intp20Stage12XtzCoreRocFilterStrategy,LTC/USDT:USDT,LTC,short,s9_16_ltc_vwap_s_lc_h18_l5,2025-11-06 02:51:00+00:00,2025-11-06 04:21:00+00:00,-41.95749705,-0.8395723285371498,90,5.0
2025,Intp20Stage12XtzCoreRocFilterStrategy,LTC/USDT:USDT,LTC,short,s9_16_ltc_vwap_s_lc_h18_l5,2025-11-06 10:26:00+00:00,2025-11-06 11:56:00+00:00,-7.81320887,-0.1563424864058232,90,5.0
2025,Intp20Stage12XtzCoreRocFilterStrategy,XTZ/USDT:USDT,XTZ,short,s9_08_xtz_rsi_s_lc_h24_l4,2025-11-07 11:11:00+00:00,2025-11-07 13:11:00+00:00,1083.152147,21.673930380197753,120,4.0
2025,Intp20Stage12XtzCoreRocFilterStrategy,XTZ/USDT:USDT,XTZ,short,s9_08_xtz_rsi_s_lc_h24_l4,2025-11-08 11:16:00+00:00,2025-11-08 13:16:00+00:00,585.4890236,11.715656098942844,120,4.0
2025,Intp20Stage12XtzCoreRocFilterStrategy,LTC/USDT:USDT,LTC,long,s10_05_ltc_maoff_l_mchop_h12m_l5,2025-11-09 05:37:00+00:00,2025-11-09 05:49:00+00:00,243.73628797,4.872300004285234,12,5.0
2025,Intp20Stage12XtzCoreRocFilterStrategy,SOL/USDT:USDT,SOL,short,s9_02_sol_panic_s_mc_h24_l4,2025-11-10 00:56:00+00:00,2025-11-10 02:56:00+00:00,69.452476,1.3902849349788178,120,4.0
2025,Intp20Stage12XtzCoreRocFilterStrategy,SUI/USDT:USDT,SUI,long,s9_25_sui_vwap_l_lc_h18_l5,2025-11-10 02:51:00+00:00,2025-11-10 04:21:00+00:00,112.67491718,2.252381078752216,90,5.0
2025,Intp20Stage12XtzCoreRocFilterStrategy,SUI/USDT:USDT,SUI,long,s9_25_sui_vwap_l_lc_h18_l5,2025-11-10 12:11:00+00:00,2025-11-10 13:41:00+00:00,270.74162962,5.412170759559748,90,5.0
2025,Intp20Stage12XtzCoreRocFilterStrategy,OP/USDT:USDT,OP,long,s10_01_op_maoff_l_mc_h12m_l5,2025-11-10 16:23:00+00:00,2025-11-10 16:35:00+00:00,-36.61938,-0.7320218058838519,12,5.0
2025,Intp20Stage12XtzCoreRocFilterStrategy,OP/USDT:USDT,OP,long,s10_01_op_maoff_l_mc_h12m_l5,2025-11-11 04:13:00+00:00,2025-11-11 04:25:00+00:00,-58.72130229,-1.1738395309767518,12,5.0
2025,Intp20Stage12XtzCoreRocFilterStrategy,LTC/USDT:USDT,LTC,long,s10_05_ltc_maoff_l_mchop_h12m_l5,2025-11-11 23:04:00+00:00,2025-11-11 23:16:00+00:00,72.4122735,1.4475219407489377,12,5.0
2025,Intp20Stage12XtzCoreRocFilterStrategy,COMP/USDT:USDT,COMP,long,s9_05_comp_rsi_l_mx_h24_l4,2025-11-12 16:16:00+00:00,2025-11-12 18:16:00+00:00,-677.02959139,-13.533838083766783,120,4.0
2025,Intp20Stage12XtzCoreRocFilterStrategy,XTZ/USDT:USDT,XTZ,short,s9_08_xtz_rsi_s_lc_h24_l4,2025-11-12 20:31:00+00:00,2025-11-12 22:31:00+00:00,82.79091375,1.656650242929684,120,4.0
2025,Intp20Stage12XtzCoreRocFilterStrategy,LTC/USDT:USDT,LTC,short,s9_16_ltc_vwap_s_lc_h18_l5,2025-11-13 11:56:00+00:00,2025-11-13 13:26:00+00:00,-257.430141,-5.151181705960894,90,5.0
2025,Intp20Stage12XtzCoreRocFilterStrategy,AAVE/USDT:USDT,AAVE,long,s9_01_aave_panic_l_mc_h24_l4,2025-11-13 13:41:00+00:00,2025-11-13 15:41:00+00:00,-181.0946848,-3.620396221080661,120,4.0
2025,Intp20Stage12XtzCoreRocFilterStrategy,XTZ/USDT:USDT,XTZ,short,s9_08_xtz_rsi_s_lc_h24_l4,2025-11-14 07:06:00+00:00,2025-11-14 09:06:00+00:00,50.5819122,1.0121462847826028,120,4.0
2025,Intp20Stage12XtzCoreRocFilterStrategy,ETH/USDT:USDT,ETH,long,s9_15_eth_micro_l_mc_h18_l5,2025-11-14 07:51:00+00:00,2025-11-14 09:21:00+00:00,-429.58562775,-8.588098078254221,90,5.0
2025,Intp20Stage12XtzCoreRocFilterStrategy,LTC/USDT:USDT,LTC,short,s9_16_ltc_vwap_s_lc_h18_l5,2025-11-14 14:51:00+00:00,2025-11-14 16:21:00+00:00,-30.20436783,-0.6043908346183079,90,5.0
2025,Intp20Stage12XtzCoreRocFilterStrategy,SUI/USDT:USDT,SUI,long,s9_25_sui_vwap_l_lc_h18_l5,2025-11-14 17:56:00+00:00,2025-11-14 19:26:00+00:00,283.34750136,5.664152442513319,90,5.0
2025,Intp20Stage12XtzCoreRocFilterStrategy,AAVE/USDT:USDT,AAVE,long,s9_01_aave_panic_l_mc_h24_l4,2025-11-14 20:51:00+00:00,2025-11-14 22:51:00+00:00,329.6822914,6.590357243030906,120,4.0
2025,Intp20Stage12XtzCoreRocFilterStrategy,AAVE/USDT:USDT,AAVE,long,s9_01_aave_panic_l_mc_h24_l4,2025-11-14 23:11:00+00:00,2025-11-15 01:11:00+00:00,76.1411343,1.522124709188492,120,4.0
2025,Intp20Stage12XtzCoreRocFilterStrategy,LTC/USDT:USDT,LTC,long,s10_07_ltc_maoff_l_mc_h3m_l5,2025-11-15 08:50:00+00:00,2025-11-15 08:53:00+00:00,-27.45495792,-0.548826588767141,3,5.0
2025,Intp20Stage12XtzCoreRocFilterStrategy,ETH/USDT:USDT,ETH,long,s9_15_eth_micro_l_mc_h18_l5,2025-11-15 17:21:00+00:00,2025-11-15 18:51:00+00:00,27.75123062,0.554798242048759,90,5.0
2025,Intp20Stage12XtzCoreRocFilterStrategy,LTC/USDT:USDT,LTC,short,s9_16_ltc_vwap_s_lc_h18_l5,2025-11-17 11:41:00+00:00,2025-11-17 13:11:00+00:00,303.32836235,6.069623959366505,90,5.0
2025,Intp20Stage12XtzCoreRocFilterStrategy,LTC/USDT:USDT,LTC,long,s10_07_ltc_maoff_l_mc_h3m_l5,2025-11-17 17:42:00+00:00,2025-11-17 17:45:00+00:00,-104.5777176,-2.090515251928176,3,5.0
2025,Intp20Stage12XtzCoreRocFilterStrategy,LTC/USDT:USDT,LTC,long,s10_07_ltc_maoff_l_mc_h3m_l5,2025-11-18 02:19:00+00:00,2025-11-18 02:22:00+00:00,274.23415084,5.48196018448697,3,5.0
2025,Intp20Stage12XtzCoreRocFilterStrategy,SUI/USDT:USDT,SUI,long,s9_25_sui_vwap_l_lc_h18_l5,2025-11-18 03:06:00+00:00,2025-11-18 04:36:00+00:00,172.00804857,3.4384502558752903,90,5.0
2025,Intp20Stage12XtzCoreRocFilterStrategy,AAVE/USDT:USDT,AAVE,long,s9_01_aave_panic_l_mc_h24_l4,2025-11-18 03:06:00+00:00,2025-11-18 05:06:00+00:00,315.71279605,6.311553445678691,120,4.0
2025,Intp20Stage12XtzCoreRocFilterStrategy,LTC/USDT:USDT,LTC,long,s10_07_ltc_maoff_l_mc_h3m_l5,2025-11-19 04:36:00+00:00,2025-11-19 04:39:00+00:00,-9.00456848,-0.18000175203127122,3,5.0
2025,Intp20Stage12XtzCoreRocFilterStrategy,APT/USDT:USDT,APT,long,s11_07_apt_vstretch_l_ma_h12m_l5,2025-11-19 13:24:00+00:00,2025-11-19 13:36:00+00:00,-22.37471575,-0.4472724240226236,12,5.0
2025,Intp20Stage12XtzCoreRocFilterStrategy,LTC/USDT:USDT,LTC,short,s9_16_ltc_vwap_s_lc_h18_l5,2025-11-19 21:11:00+00:00,2025-11-19 22:41:00+00:00,-335.93585455,-6.722090418046317,90,5.0
2025,Intp20Stage12XtzCoreRocFilterStrategy,SUI/USDT:USDT,SUI,long,s9_25_sui_vwap_l_lc_h18_l5,2025-11-20 06:56:00+00:00,2025-11-20 08:26:00+00:00,93.45305772,1.8681326085710455,90,5.0
2025,Intp20Stage12XtzCoreRocFilterStrategy,XLM/USDT:USDT,XLM,long,s9_04_xlm_panic_l_mc_h12_l4,2025-11-20 16:26:00+00:00,2025-11-20 17:26:00+00:00,-538.60889876,-10.766825290280185,60,4.0
2025,Intp20Stage12XtzCoreRocFilterStrategy,AAVE/USDT:USDT,AAVE,long,s9_01_aave_panic_l_mc_h24_l4,2025-11-20 16:26:00+00:00,2025-11-20 18:26:00+00:00,-804.7429872,-16.087174114584393,120,4.0
2025,Intp20Stage12XtzCoreRocFilterStrategy,LTC/USDT:USDT,LTC,long,s10_07_ltc_maoff_l_mc_h3m_l5,2025-11-20 23:40:00+00:00,2025-11-20 23:43:00+00:00,17.7526358,0.35487560200736856,3,5.0
2025,Intp20Stage12XtzCoreRocFilterStrategy,LTC/USDT:USDT,LTC,long,s10_07_ltc_maoff_l_mc_h3m_l5,2025-11-21 03:18:00+00:00,2025-11-21 03:21:00+00:00,-27.87533497,-0.5572300156020954,3,5.0
2025,Intp20Stage12XtzCoreRocFilterStrategy,LTC/USDT:USDT,LTC,long,s10_07_ltc_maoff_l_mc_h3m_l5,2025-11-21 04:34:00+00:00,2025-11-21 04:37:00+00:00,32.92184948,0.6581085905818531,3,5.0
2025,Intp20Stage12XtzCoreRocFilterStrategy,COMP/USDT:USDT,COMP,long,s9_05_comp_rsi_l_mx_h24_l4,2025-11-21 12:26:00+00:00,2025-11-21 14:26:00+00:00,472.08333162,9.436951163989784,120,4.0
2025,Intp20Stage12XtzCoreRocFilterStrategy,XRP/USDT:USDT,XRP,short,s9_10_xrp_rsi_s_mx_h24_l4,2025-11-21 14:41:00+00:00,2025-11-21 16:41:00+00:00,319.25592628,6.388329646150345,120,4.0
2025,Intp20Stage12XtzCoreRocFilterStrategy,SOL/USDT:USDT,SOL,short,s9_02_sol_panic_s_mc_h24_l4,2025-11-23 15:51:00+00:00,2025-11-23 17:51:00+00:00,211.148585,4.225732892120001,120,4.0
2025,Intp20Stage12XtzCoreRocFilterStrategy,SOL/USDT:USDT,SOL,short,s9_02_sol_panic_s_mc_h24_l4,2025-11-23 22:01:00+00:00,2025-11-24 00:01:00+00:00,400.774154,8.02104650312086,120,4.0
2025,Intp20Stage12XtzCoreRocFilterStrategy,LTC/USDT:USDT,LTC,short,s9_16_ltc_vwap_s_lc_h18_l5,2025-11-24 13:51:00+00:00,2025-11-24 15:21:00+00:00,-97.24677838,-1.9459121786190965,90,5.0
2025,Intp20Stage12XtzCoreRocFilterStrategy,XLM/USDT:USDT,XLM,long,s10_06_xlm_maoff_l_ma_h12m_l5,2025-11-24 16:58:00+00:00,2025-11-24 17:10:00+00:00,142.60463532,2.8506809989688184,12,5.0
2025,Intp20Stage12XtzCoreRocFilterStrategy,LTC/USDT:USDT,LTC,long,s10_07_ltc_maoff_l_mc_h3m_l5,2025-11-25 14:45:00+00:00,2025-11-25 14:48:00+00:00,-102.64700368,-2.0519201376961815,3,5.0
2025,Intp20Stage12XtzCoreRocFilterStrategy,SOL/USDT:USDT,SOL,short,s9_02_sol_panic_s_mc_h24_l4,2025-11-26 17:41:00+00:00,2025-11-26 19:41:00+00:00,-746.462605,-14.9445289766204,120,4.0
2025,Intp20Stage12XtzCoreRocFilterStrategy,XRP/USDT:USDT,XRP,short,s9_10_xrp_rsi_s_mx_h24_l4,2025-11-26 17:51:00+00:00,2025-11-26 19:51:00+00:00,-9.25199535,-0.18513352285112608,120,4.0
2025,Intp20Stage12XtzCoreRocFilterStrategy,LTC/USDT:USDT,LTC,short,s9_16_ltc_vwap_s_lc_h18_l5,2025-11-27 14:21:00+00:00,2025-11-27 15:51:00+00:00,-215.97857909,-4.321746713245564,90,5.0
2025,Intp20Stage12XtzCoreRocFilterStrategy,SUI/USDT:USDT,SUI,long,s9_25_sui_vwap_l_lc_h18_l5,2025-11-29 13:21:00+00:00,2025-11-29 14:51:00+00:00,-182.25736808,-3.643342290531415,90,5.0
2025,Intp20Stage12XtzCoreRocFilterStrategy,LTC/USDT:USDT,LTC,short,s9_16_ltc_vwap_s_lc_h18_l5,2025-11-29 15:26:00+00:00,2025-11-29 16:56:00+00:00,-51.74481666,-1.0354173166946672,90,5.0
2025,Intp20Stage12XtzCoreRocFilterStrategy,LTC/USDT:USDT,LTC,short,s9_16_ltc_vwap_s_lc_h18_l5,2025-11-30 06:41:00+00:00,2025-11-30 08:11:00+00:00,-90.54785176,-1.8118648365278531,90,5.0
2025,Intp20Stage12XtzCoreRocFilterStrategy,APT/USDT:USDT,APT,long,s11_01_apt_vstretch_l_ma_h12m_l5,2025-11-30 09:02:00+00:00,2025-11-30 09:14:00+00:00,61.75745804,1.234539716402401,12,5.0
2025,Intp20Stage12XtzCoreRocFilterStrategy,XLM/USDT:USDT,XLM,long,s9_04_xlm_panic_l_mc_h12_l4,2025-12-01 00:26:00+00:00,2025-12-01 01:26:00+00:00,-231.43189314,-4.626356613057691,60,4.0
2025,Intp20Stage12XtzCoreRocFilterStrategy,AAVE/USDT:USDT,AAVE,long,s9_01_aave_panic_l_mc_h24_l4,2025-12-01 00:41:00+00:00,2025-12-01 02:41:00+00:00,-67.84284125,-1.356227898893519,120,4.0
2025,Intp20Stage12XtzCoreRocFilterStrategy,XTZ/USDT:USDT,XTZ,short,s9_08_xtz_rsi_s_lc_h24_l4,2025-12-01 06:51:00+00:00,2025-12-01 08:51:00+00:00,-19.9999779,-0.40020010005002504,120,4.0
2025,Intp20Stage12XtzCoreRocFilterStrategy,XRP/USDT:USDT,XRP,short,s9_10_xrp_rsi_s_mx_h24_l4,2025-12-02 15:11:00+00:00,2025-12-02 17:11:00+00:00,-410.41490352,-8.212423325358383,120,4.0
2025,Intp20Stage12XtzCoreRocFilterStrategy,XRP/USDT:USDT,XRP,short,s9_10_xrp_rsi_s_mx_h24_l4,2025-12-02 17:36:00+00:00,2025-12-02 19:36:00+00:00,-45.79663305,-0.9163935529162435,120,4.0
2025,Intp20Stage12XtzCoreRocFilterStrategy,SOL/USDT:USDT,SOL,short,s9_02_sol_panic_s_mc_h24_l4,2025-12-03 04:31:00+00:00,2025-12-03 06:31:00+00:00,-382.927246,-7.66472534637269,120,4.0
2025,Intp20Stage12XtzCoreRocFilterStrategy,SOL/USDT:USDT,SOL,long,s11_02_sol_vstretch_l_mchop_h12m_l5,2025-12-03 07:03:00+00:00,2025-12-03 07:15:00+00:00,-26.747091,-0.53488908025762,12,5.0
2025,Intp20Stage12XtzCoreRocFilterStrategy,OP/USDT:USDT,OP,long,s10_01_op_maoff_l_mc_h12m_l5,2025-12-04 13:49:00+00:00,2025-12-04 14:01:00+00:00,6.00185916,0.11997723222755868,12,5.0
2025,Intp20Stage12XtzCoreRocFilterStrategy,LTC/USDT:USDT,LTC,short,s9_16_ltc_vwap_s_lc_h18_l5,2025-12-07 12:21:00+00:00,2025-12-07 13:51:00+00:00,30.00603264,0.6004223859027865,90,5.0
2025,Intp20Stage12XtzCoreRocFilterStrategy,AAVE/USDT:USDT,AAVE,long,s9_01_aave_panic_l_mc_h24_l4,2025-12-07 14:36:00+00:00,2025-12-07 16:36:00+00:00,186.5976959,3.7300975273894816,120,4.0
2025,Intp20Stage12XtzCoreRocFilterStrategy,AAVE/USDT:USDT,AAVE,long,s9_01_aave_panic_l_mc_h24_l4,2025-12-07 22:11:00+00:00,2025-12-08 00:11:00+00:00,-103.3864664,-2.0667599668985703,120,4.0
2025,Intp20Stage12XtzCoreRocFilterStrategy,SOL/USDT:USDT,SOL,short,s9_02_sol_panic_s_mc_h24_l4,2025-12-08 09:11:00+00:00,2025-12-08 11:11:00+00:00,-82.198593,-1.6456578983936414,120,4.0
2025,Intp20Stage12XtzCoreRocFilterStrategy,SUI/USDT:USDT,SUI,long,s9_25_sui_vwap_l_lc_h18_l5,2025-12-08 10:36:00+00:00,2025-12-08 12:06:00+00:00,-187.52474088,-3.7486319121840563,90,5.0
2025,Intp20Stage12XtzCoreRocFilterStrategy,XRP/USDT:USDT,XRP,short,s9_10_xrp_rsi_s_mx_h24_l4,2025-12-09 15:56:00+00:00,2025-12-09 17:56:00+00:00,-378.97868385,-7.5833713505432065,120,4.0
2025,Intp20Stage12XtzCoreRocFilterStrategy,SOL/USDT:USDT,SOL,short,s9_02_sol_panic_s_mc_h24_l4,2025-12-09 16:41:00+00:00,2025-12-09 18:41:00+00:00,52.785669,1.0563098968161941,120,4.0
2025,Intp20Stage12XtzCoreRocFilterStrategy,LTC/USDT:USDT,LTC,short,s9_16_ltc_vwap_s_lc_h18_l5,2025-12-10 09:56:00+00:00,2025-12-10 11:26:00+00:00,128.9959284,2.5812100935620546,90,5.0
2025,Intp20Stage12XtzCoreRocFilterStrategy,ETH/USDT:USDT,ETH,long,s9_15_eth_micro_l_mc_h18_l5,2025-12-10 13:26:00+00:00,2025-12-10 14:56:00+00:00,-224.9874909,-4.497908434037321,90,5.0
2025,Intp20Stage12XtzCoreRocFilterStrategy,XTZ/USDT:USDT,XTZ,long,s11_05_xtz_vstretch_l_mchop_h8m_l5,2025-12-11 07:05:00+00:00,2025-12-11 07:13:00+00:00,176.5120064,3.528477696635553,8,5.0
2025,Intp20Stage12XtzCoreRocFilterStrategy,LTC/USDT:USDT,LTC,short,s9_16_ltc_vwap_s_lc_h18_l5,2025-12-11 11:16:00+00:00,2025-12-11 12:46:00+00:00,2.80539349,0.05613602255673292,90,5.0
2025,Intp20Stage12XtzCoreRocFilterStrategy,AAVE/USDT:USDT,AAVE,long,s9_01_aave_panic_l_mc_h24_l4,2025-12-11 14:56:00+00:00,2025-12-11 16:56:00+00:00,221.218032,4.422304566992464,120,4.0
2025,Intp20Stage12XtzCoreRocFilterStrategy,XTZ/USDT:USDT,XTZ,short,s9_08_xtz_rsi_s_lc_h24_l4,2025-12-11 18:46:00+00:00,2025-12-11 20:46:00+00:00,19.31236205,0.3864407645866155,120,4.0
2025,Intp20Stage12XtzCoreRocFilterStrategy,SOL/USDT:USDT,SOL,short,s9_02_sol_panic_s_mc_h24_l4,2025-12-11 18:51:00+00:00,2025-12-11 20:51:00+00:00,3.725748,0.0745592894268388,120,4.0
2025,Intp20Stage12XtzCoreRocFilterStrategy,SOL/USDT:USDT,SOL,short,s9_02_sol_panic_s_mc_h24_l4,2025-12-11 21:11:00+00:00,2025-12-11 23:11:00+00:00,143.60998,2.8748179683941144,120,4.0
2025,Intp20Stage12XtzCoreRocFilterStrategy,XTZ/USDT:USDT,XTZ,short,s9_08_xtz_rsi_s_lc_h24_l4,2025-12-12 10:01:00+00:00,2025-12-12 12:01:00+00:00,-20.0,-0.400200100050025,120,4.0
2025,Intp20Stage12XtzCoreRocFilterStrategy,SUI/USDT:USDT,SUI,long,s9_25_sui_vwap_l_lc_h18_l5,2025-12-12 14:56:00+00:00,2025-12-12 16:26:00+00:00,-1384.77925229,-27.681786194664586,90,5.0
2025,Intp20Stage12XtzCoreRocFilterStrategy,APT/USDT:USDT,APT,long,s11_01_apt_vstretch_l_ma_h12m_l5,2025-12-13 13:22:00+00:00,2025-12-13 13:34:00+00:00,-27.9987996,-0.5596961495249975,12,5.0
2025,Intp20Stage12XtzCoreRocFilterStrategy,SUI/USDT:USDT,SUI,long,s9_25_sui_vwap_l_lc_h18_l5,2025-12-13 13:51:00+00:00,2025-12-13 15:21:00+00:00,-45.25295775,-0.904607238746111,90,5.0
2025,Intp20Stage12XtzCoreRocFilterStrategy,SUI/USDT:USDT,SUI,long,s9_25_sui_vwap_l_lc_h18_l5,2025-12-14 09:36:00+00:00,2025-12-14 11:06:00+00:00,-107.55909825,-2.1501156410137305,90,5.0
2025,Intp20Stage12XtzCoreRocFilterStrategy,SOL/USDT:USDT,SOL,short,s9_02_sol_panic_s_mc_h24_l4,2025-12-15 01:41:00+00:00,2025-12-15 03:41:00+00:00,-67.379452,-1.3490882739741554,120,4.0
2025,Intp20Stage12XtzCoreRocFilterStrategy,XLM/USDT:USDT,XLM,long,s9_04_xlm_panic_l_mc_h12_l4,2025-12-15 15:06:00+00:00,2025-12-15 16:06:00+00:00,-388.52229457,-7.766602239182878,60,4.0
2025,Intp20Stage12XtzCoreRocFilterStrategy,COMP/USDT:USDT,COMP,long,s9_05_comp_rsi_l_mx_h24_l4,2025-12-15 16:46:00+00:00,2025-12-15 18:46:00+00:00,-121.21513866,-2.423092251342683,120,4.0
2025,Intp20Stage12XtzCoreRocFilterStrategy,SUI/USDT:USDT,SUI,long,s9_25_sui_vwap_l_lc_h18_l5,2025-12-16 01:11:00+00:00,2025-12-16 02:41:00+00:00,-66.16265529,-1.322593559421813,90,5.0
2025,Intp20Stage12XtzCoreRocFilterStrategy,SUI/USDT:USDT,SUI,long,s9_25_sui_vwap_l_lc_h18_l5,2025-12-16 14:06:00+00:00,2025-12-16 15:36:00+00:00,136.49902399,2.728629688254167,90,5.0
2025,Intp20Stage12XtzCoreRocFilterStrategy,SOL/USDT:USDT,SOL,short,s9_02_sol_panic_s_mc_h24_l4,2025-12-16 16:01:00+00:00,2025-12-16 18:01:00+00:00,356.689138,7.140526113627979,120,4.0
2025,Intp20Stage12XtzCoreRocFilterStrategy,XRP/USDT:USDT,XRP,short,s9_10_xrp_rsi_s_mx_h24_l4,2025-12-17 15:01:00+00:00,2025-12-17 17:01:00+00:00,629.98854498,12.606170499834313,120,4.0
2025,Intp20Stage12XtzCoreRocFilterStrategy,SOL/USDT:USDT,SOL,short,s9_02_sol_panic_s_mc_h24_l4,2025-12-17 15:11:00+00:00,2025-12-17 17:11:00+00:00,1490.764681,29.835695508766246,120,4.0
2025,Intp20Stage12XtzCoreRocFilterStrategy,XTZ/USDT:USDT,XTZ,short,s9_08_xtz_rsi_s_lc_h24_l4,2025-12-17 20:21:00+00:00,2025-12-17 22:21:00+00:00,159.8650966,3.1989028221976157,120,4.0
2025,Intp20Stage12XtzCoreRocFilterStrategy,ETC/USDT:USDT,ETC,long,s10_02_etc_maoff_l_mchop_h18m_l5,2025-12-18 05:17:00+00:00,2025-12-18 05:35:00+00:00,-27.09978558,-0.541724935851402,18,5.0
2025,Intp20Stage12XtzCoreRocFilterStrategy,XLM/USDT:USDT,XLM,long,s9_04_xlm_panic_l_mc_h12_l4,2025-12-18 17:21:00+00:00,2025-12-18 18:21:00+00:00,138.04887997,2.7596245481606827,60,4.0
2025,Intp20Stage12XtzCoreRocFilterStrategy,COMP/USDT:USDT,COMP,long,s9_05_comp_rsi_l_mx_h24_l4,2025-12-18 17:26:00+00:00,2025-12-18 19:26:00+00:00,51.79166118,1.035316340233714,120,4.0
2025,Intp20Stage12XtzCoreRocFilterStrategy,LTC/USDT:USDT,LTC,long,s10_07_ltc_maoff_l_mc_h3m_l5,2025-12-19 17:35:00+00:00,2025-12-19 17:38:00+00:00,96.36219795,1.9262815428725644,3,5.0
2025,Intp20Stage12XtzCoreRocFilterStrategy,APT/USDT:USDT,APT,long,s11_06_apt_vstretch_l_mchop_h12m_l5,2025-12-21 10:35:00+00:00,2025-12-21 10:47:00+00:00,-51.04600344,-1.0204138226655324,12,5.0
2025,Intp20Stage12XtzCoreRocFilterStrategy,LTC/USDT:USDT,LTC,long,s10_07_ltc_maoff_l_mc_h3m_l5,2025-12-22 02:07:00+00:00,2025-12-22 02:10:00+00:00,17.37927574,0.34741272537032175,3,5.0
2025,Intp20Stage12XtzCoreRocFilterStrategy,XLM/USDT:USDT,XLM,long,s9_04_xlm_panic_l_mc_h12_l4,2025-12-22 19:11:00+00:00,2025-12-22 20:11:00+00:00,-228.71646936,-4.572043411237675,60,4.0
2025,Intp20Stage12XtzCoreRocFilterStrategy,LTC/USDT:USDT,LTC,short,s9_16_ltc_vwap_s_lc_h18_l5,2025-12-23 04:01:00+00:00,2025-12-23 05:31:00+00:00,-34.78322067,-0.6960129346593765,90,5.0
2025,Intp20Stage12XtzCoreRocFilterStrategy,SUI/USDT:USDT,SUI,long,s9_25_sui_vwap_l_lc_h18_l5,2025-12-24 13:41:00+00:00,2025-12-24 15:11:00+00:00,-14.33673967,-0.28659212356837227,90,5.0
2025,Intp20Stage12XtzCoreRocFilterStrategy,SUI/USDT:USDT,SUI,long,s9_25_sui_vwap_l_lc_h18_l5,2025-12-24 23:46:00+00:00,2025-12-25 01:16:00+00:00,-93.74822913,-1.8740365267101897,90,5.0
2025,Intp20Stage12XtzCoreRocFilterStrategy,XLM/USDT:USDT,XLM,long,s9_04_xlm_panic_l_mc_h12_l4,2025-12-25 22:56:00+00:00,2025-12-25 23:56:00+00:00,-64.69418145,-1.2932499546335487,60,4.0
2025,Intp20Stage12XtzCoreRocFilterStrategy,AAVE/USDT:USDT,AAVE,long,s9_01_aave_panic_l_mc_h24_l4,2025-12-25 22:56:00+00:00,2025-12-26 00:56:00+00:00,-149.216956,-2.982848173407632,120,4.0
2025,Intp20Stage12XtzCoreRocFilterStrategy,XRP/USDT:USDT,XRP,short,s9_10_xrp_rsi_s_mx_h24_l4,2025-12-26 02:36:00+00:00,2025-12-26 04:36:00+00:00,117.69001853,2.354994107811612,120,4.0
2025,Intp20Stage12XtzCoreRocFilterStrategy,XTZ/USDT:USDT,XTZ,short,s9_08_xtz_rsi_s_lc_h24_l4,2025-12-27 07:16:00+00:00,2025-12-27 09:16:00+00:00,64.6087296,1.2928240018529351,120,4.0
2025,Intp20Stage12XtzCoreRocFilterStrategy,SUI/USDT:USDT,SUI,long,s9_25_sui_vwap_l_lc_h18_l5,2025-12-31 05:06:00+00:00,2025-12-31 06:36:00+00:00,-66.61381722,-1.3316150889928708,90,5.0
2025,Intp20Stage12XtzCoreRocFilterStrategy,SUI/USDT:USDT,SUI,long,s9_25_sui_vwap_l_lc_h18_l5,2025-12-31 13:06:00+00:00,2025-12-31 14:36:00+00:00,-12.89530035,-0.2577776855516878,90,5.0
2025,Intp20Stage12XtzCoreRocFilterStrategy,XTZ/USDT:USDT,XTZ,short,s9_08_xtz_rsi_s_lc_h24_l4,2025-12-31 15:01:00+00:00,2025-12-31 17:01:00+00:00,19.389725,0.38798927022566404,120,4.0
2026_01_05,Intp20Stage12XtzCoreRocFilterStrategy,SUI/USDT:USDT,SUI,long,s9_25_sui_vwap_l_lc_h18_l5,2026-01-02 14:26:00+00:00,2026-01-02 15:56:00+00:00,329.81769171,6.593080845483078,90,5.0
2026_01_05,Intp20Stage12XtzCoreRocFilterStrategy,OP/USDT:USDT,OP,long,s10_01_op_maoff_l_mc_h12m_l5,2026-01-03 09:16:00+00:00,2026-01-03 09:28:00+00:00,-16.7885173,-0.33560281978770723,12,5.0
2026_01_05,Intp20Stage12XtzCoreRocFilterStrategy,XLM/USDT:USDT,XLM,long,s9_04_xlm_panic_l_mc_h12_l4,2026-01-04 19:16:00+00:00,2026-01-04 20:16:00+00:00,236.78184346,4.733284097872081,60,4.0
2026_01_05,Intp20Stage12XtzCoreRocFilterStrategy,XLM/USDT:USDT,XLM,long,s10_06_xlm_maoff_l_ma_h12m_l5,2026-01-05 00:25:00+00:00,2026-01-05 00:37:00+00:00,68.60975009,1.371520673040835,12,5.0
2026_01_05,Intp20Stage12XtzCoreRocFilterStrategy,SOL/USDT:USDT,SOL,short,s9_02_sol_panic_s_mc_h24_l4,2026-01-05 01:01:00+00:00,2026-01-05 03:01:00+00:00,-210.6209385,-4.216070801358126,120,4.0
2026_01_05,Intp20Stage12XtzCoreRocFilterStrategy,XRP/USDT:USDT,XRP,long,s10_03_xrp_maoff_l_ma_h18m_l5,2026-01-06 06:38:00+00:00,2026-01-06 06:56:00+00:00,14.97659166,0.29938297944325243,18,5.0
2026_01_05,Intp20Stage12XtzCoreRocFilterStrategy,SUI/USDT:USDT,SUI,long,s9_25_sui_vwap_l_lc_h18_l5,2026-01-06 07:56:00+00:00,2026-01-06 09:26:00+00:00,92.49159536,1.8489171033414094,90,5.0
2026_01_05,Intp20Stage12XtzCoreRocFilterStrategy,XTZ/USDT:USDT,XTZ,short,s9_08_xtz_rsi_s_lc_h24_l4,2026-01-07 07:21:00+00:00,2026-01-07 09:21:00+00:00,48.5272905,0.9710334619364478,120,4.0
2026_01_05,Intp20Stage12XtzCoreRocFilterStrategy,DOGE/USDT:USDT,DOGE,long,s10_04_doge_maoff_l_ma_h12m_l5,2026-01-09 15:51:00+00:00,2026-01-09 16:03:00+00:00,92.9066819,1.8572128120037452,12,5.0
2026_01_05,Intp20Stage12XtzCoreRocFilterStrategy,XTZ/USDT:USDT,XTZ,short,s9_08_xtz_rsi_s_lc_h24_l4,2026-01-10 17:21:00+00:00,2026-01-10 19:21:00+00:00,48.410208,0.9686894729415989,120,4.0
2026_01_05,Intp20Stage12XtzCoreRocFilterStrategy,XTZ/USDT:USDT,XTZ,long,s11_05_xtz_vstretch_l_mchop_h8m_l5,2026-01-11 01:30:00+00:00,2026-01-11 01:38:00+00:00,-24.999945,-0.4997501249375312,8,5.0
2026_01_05,Intp20Stage12XtzCoreRocFilterStrategy,SUI/USDT:USDT,SUI,long,s9_25_sui_vwap_l_lc_h18_l5,2026-01-11 10:11:00+00:00,2026-01-11 11:41:00+00:00,-9.83597874,-0.1966218699205729,90,5.0
2026_01_05,Intp20Stage12XtzCoreRocFilterStrategy,XLM/USDT:USDT,XLM,long,s9_04_xlm_panic_l_mc_h12_l4,2026-01-11 20:11:00+00:00,2026-01-11 21:11:00+00:00,-101.51052015,-2.029213470415318,60,4.0
2026_01_05,Intp20Stage12XtzCoreRocFilterStrategy,XTZ/USDT:USDT,XTZ,long,s11_05_xtz_vstretch_l_mchop_h8m_l5,2026-01-13 10:14:00+00:00,2026-01-13 10:22:00+00:00,18.7609298,0.37503139848639605,8,5.0
2026_01_05,Intp20Stage12XtzCoreRocFilterStrategy,ETC/USDT:USDT,ETC,long,s11_03_etc_vstretch_l_mchop_h12m_l5,2026-01-14 02:52:00+00:00,2026-01-14 03:04:00+00:00,-53.2259049,-1.0639871719138625,12,5.0
2026_01_05,Intp20Stage12XtzCoreRocFilterStrategy,XRP/USDT:USDT,XRP,long,s10_03_xrp_maoff_l_ma_h18m_l5,2026-01-14 19:57:00+00:00,2026-01-14 20:15:00+00:00,91.51289784,1.8293567009277232,18,5.0
2026_01_05,Intp20Stage12XtzCoreRocFilterStrategy,XTZ/USDT:USDT,XTZ,short,s9_08_xtz_rsi_s_lc_h24_l4,2026-01-15 17:51:00+00:00,2026-01-15 19:51:00+00:00,251.782257,5.03817273662298,120,4.0
2026_01_05,Intp20Stage12XtzCoreRocFilterStrategy,SUI/USDT:USDT,SUI,long,s9_25_sui_vwap_l_lc_h18_l5,2026-01-18 17:06:00+00:00,2026-01-18 18:36:00+00:00,223.0976251,4.45974688386372,90,5.0
2026_01_05,Intp20Stage12XtzCoreRocFilterStrategy,XLM/USDT:USDT,XLM,long,s9_04_xlm_panic_l_mc_h12_l4,2026-01-19 00:06:00+00:00,2026-01-19 01:06:00+00:00,-109.41288789,-2.187173280914512,60,4.0
2026_01_05,Intp20Stage12XtzCoreRocFilterStrategy,AAVE/USDT:USDT,AAVE,long,s9_01_aave_panic_l_mc_h24_l4,2026-01-19 00:06:00+00:00,2026-01-19 02:06:00+00:00,-199.4634252,-3.9873542149155927,120,4.0
2026_01_05,Intp20Stage12XtzCoreRocFilterStrategy,XTZ/USDT:USDT,XTZ,short,s9_08_xtz_rsi_s_lc_h24_l4,2026-01-19 13:16:00+00:00,2026-01-19 15:16:00+00:00,286.79685125,5.738814892966074,120,4.0
2026_01_05,Intp20Stage12XtzCoreRocFilterStrategy,XTZ/USDT:USDT,XTZ,short,s9_08_xtz_rsi_s_lc_h24_l4,2026-01-20 14:51:00+00:00,2026-01-20 16:51:00+00:00,188.4373794,3.770635317658829,120,4.0
2026_01_05,Intp20Stage12XtzCoreRocFilterStrategy,LTC/USDT:USDT,LTC,long,s10_07_ltc_maoff_l_mc_h3m_l5,2026-01-20 17:35:00+00:00,2026-01-20 17:38:00+00:00,-98.15895938,-1.9622014494143643,3,5.0
2026_01_05,Intp20Stage12XtzCoreRocFilterStrategy,XTZ/USDT:USDT,XTZ,long,s11_05_xtz_vstretch_l_mchop_h8m_l5,2026-01-21 10:51:00+00:00,2026-01-21 10:59:00+00:00,-67.20856755,-1.3435005470237855,8,5.0
2026_01_05,Intp20Stage12XtzCoreRocFilterStrategy,XTZ/USDT:USDT,XTZ,short,s9_08_xtz_rsi_s_lc_h24_l4,2026-01-21 14:16:00+00:00,2026-01-21 16:16:00+00:00,-53.80054225,-1.0765517894082175,120,4.0
2026_01_05,Intp20Stage12XtzCoreRocFilterStrategy,LTC/USDT:USDT,LTC,short,s9_16_ltc_vwap_s_lc_h18_l5,2026-01-22 14:21:00+00:00,2026-01-22 15:51:00+00:00,110.14344435,2.2039714366529055,90,5.0
2026_01_05,Intp20Stage12XtzCoreRocFilterStrategy,AAVE/USDT:USDT,AAVE,long,s9_01_aave_panic_l_mc_h24_l4,2026-01-22 15:31:00+00:00,2026-01-22 17:31:00+00:00,145.56750215,2.910102673075944,120,4.0
2026_01_05,Intp20Stage12XtzCoreRocFilterStrategy,LTC/USDT:USDT,LTC,long,s10_07_ltc_maoff_l_mc_h3m_l5,2026-01-23 20:33:00+00:00,2026-01-23 20:36:00+00:00,-73.2526168,-1.4643227999785016,3,5.0
2026_01_05,Intp20Stage12XtzCoreRocFilterStrategy,OP/USDT:USDT,OP,long,s10_01_op_maoff_l_mc_h12m_l5,2026-01-26 17:20:00+00:00,2026-01-26 17:32:00+00:00,-33.48757104,-0.6694173293787888,12,5.0
2026_01_05,Intp20Stage12XtzCoreRocFilterStrategy,SUI/USDT:USDT,SUI,long,s9_25_sui_vwap_l_lc_h18_l5,2026-01-27 22:16:00+00:00,2026-01-27 23:46:00+00:00,-50.97807717,-1.019053129382079,90,5.0
2026_01_05,Intp20Stage12XtzCoreRocFilterStrategy,LTC/USDT:USDT,LTC,long,s10_05_ltc_maoff_l_mchop_h12m_l5,2026-01-29 12:41:00+00:00,2026-01-29 12:53:00+00:00,4.78247628,0.09560178194573751,12,5.0
2026_01_05,Intp20Stage12XtzCoreRocFilterStrategy,AAVE/USDT:USDT,AAVE,long,s9_01_aave_panic_l_mc_h24_l4,2026-01-29 15:21:00+00:00,2026-01-29 17:21:00+00:00,305.18916635,6.101081240742367,120,4.0
2026_01_05,Intp20Stage12XtzCoreRocFilterStrategy,DOGE/USDT:USDT,DOGE,short,s11_04_doge_vstretch_s_mchop_h12m_l5,2026-01-29 19:33:00+00:00,2026-01-29 19:45:00+00:00,-16.349586,-0.3271564884984425,12,5.0
2026_01_05,Intp20Stage12XtzCoreRocFilterStrategy,LTC/USDT:USDT,LTC,short,s9_16_ltc_vwap_s_lc_h18_l5,2026-01-30 04:41:00+00:00,2026-01-30 06:11:00+00:00,157.45964449,3.150768306704959,90,5.0
2026_01_05,Intp20Stage12XtzCoreRocFilterStrategy,XTZ/USDT:USDT,XTZ,short,s9_08_xtz_rsi_s_lc_h24_l4,2026-01-30 04:26:00+00:00,2026-01-30 06:26:00+00:00,218.6877,4.375945427982381,120,4.0
2026_01_05,Intp20Stage12XtzCoreRocFilterStrategy,AAVE/USDT:USDT,AAVE,long,s9_01_aave_panic_l_mc_h24_l4,2026-01-30 18:26:00+00:00,2026-01-30 20:26:00+00:00,412.6081848,8.248285805010342,120,4.0
2026_01_05,Intp20Stage12XtzCoreRocFilterStrategy,AAVE/USDT:USDT,AAVE,long,s9_01_aave_panic_l_mc_h24_l4,2026-01-31 08:46:00+00:00,2026-01-31 10:46:00+00:00,258.5263956,5.168080429034116,120,4.0
2026_01_05,Intp20Stage12XtzCoreRocFilterStrategy,LTC/USDT:USDT,LTC,short,s9_16_ltc_vwap_s_lc_h18_l5,2026-02-01 12:41:00+00:00,2026-02-01 14:11:00+00:00,-41.89738675,-0.8383688550912849,90,5.0
2026_01_05,Intp20Stage12XtzCoreRocFilterStrategy,XLM/USDT:USDT,XLM,long,s9_04_xlm_panic_l_mc_h12_l4,2026-02-01 14:41:00+00:00,2026-02-01 15:41:00+00:00,-256.61508958,-5.129742996754139,60,4.0
2026_01_05,Intp20Stage12XtzCoreRocFilterStrategy,XTZ/USDT:USDT,XTZ,short,s9_08_xtz_rsi_s_lc_h24_l4,2026-02-01 18:06:00+00:00,2026-02-01 20:06:00+00:00,110.21679795,2.205441115351602,120,4.0
2026_01_05,Intp20Stage12XtzCoreRocFilterStrategy,LTC/USDT:USDT,LTC,short,s9_16_ltc_vwap_s_lc_h18_l5,2026-02-01 22:26:00+00:00,2026-02-01 23:56:00+00:00,0.64946104,0.012995730475047812,90,5.0
2026_01_05,Intp20Stage12XtzCoreRocFilterStrategy,LTC/USDT:USDT,LTC,long,s10_05_ltc_maoff_l_mchop_h12m_l5,2026-02-02 01:09:00+00:00,2026-02-02 01:21:00+00:00,42.92382016,0.8580487194391251,12,5.0
2026_01_05,Intp20Stage12XtzCoreRocFilterStrategy,ETC/USDT:USDT,ETC,long,s10_02_etc_maoff_l_mchop_h18m_l5,2026-02-02 01:09:00+00:00,2026-02-02 01:27:00+00:00,232.17435513,4.641171461259702,18,5.0
2026_01_05,Intp20Stage12XtzCoreRocFilterStrategy,COMP/USDT:USDT,COMP,long,s9_05_comp_rsi_l_mx_h24_l4,2026-02-02 03:26:00+00:00,2026-02-02 05:26:00+00:00,180.53322719,3.6088608282975727,120,4.0
2026_01_05,Intp20Stage12XtzCoreRocFilterStrategy,XLM/USDT:USDT,XLM,long,s9_04_xlm_panic_l_mc_h12_l4,2026-02-03 16:36:00+00:00,2026-02-03 17:36:00+00:00,-207.18445808,-4.1416313654295385,60,4.0
2026_01_05,Intp20Stage12XtzCoreRocFilterStrategy,AAVE/USDT:USDT,AAVE,long,s9_01_aave_panic_l_mc_h24_l4,2026-02-03 16:36:00+00:00,2026-02-03 18:36:00+00:00,-634.5166242,-12.68447465515321,120,4.0
2026_01_05,Intp20Stage12XtzCoreRocFilterStrategy,XLM/USDT:USDT,XLM,long,s9_04_xlm_panic_l_mc_h12_l4,2026-02-03 18:31:00+00:00,2026-02-03 19:31:00+00:00,675.1386916,13.496049302216239,60,4.0
2026_01_05,Intp20Stage12XtzCoreRocFilterStrategy,SOL/USDT:USDT,SOL,long,s11_02_sol_vstretch_l_mchop_h12m_l5,2026-02-03 22:03:00+00:00,2026-02-03 22:15:00+00:00,-117.5571495,-2.3506774404485284,12,5.0
2026_01_05,Intp20Stage12XtzCoreRocFilterStrategy,XRP/USDT:USDT,XRP,short,s9_10_xrp_rsi_s_mx_h24_l4,2026-02-03 20:36:00+00:00,2026-02-03 22:36:00+00:00,190.59244512,3.8137560701356064,120,4.0
2026_01_05,Intp20Stage12XtzCoreRocFilterStrategy,LTC/USDT:USDT,LTC,long,s10_07_ltc_maoff_l_mc_h3m_l5,2026-02-04 14:35:00+00:00,2026-02-04 14:38:00+00:00,161.85416814,3.2354658836455332,3,5.0
2026_01_05,Intp20Stage12XtzCoreRocFilterStrategy,AAVE/USDT:USDT,AAVE,long,s9_01_aave_panic_l_mc_h24_l4,2026-02-04 15:06:00+00:00,2026-02-04 17:06:00+00:00,-333.83181,-6.673364782365636,120,4.0
2026_01_05,Intp20Stage12XtzCoreRocFilterStrategy,XRP/USDT:USDT,XRP,short,s9_10_xrp_rsi_s_mx_h24_l4,2026-02-06 05:56:00+00:00,2026-02-06 07:56:00+00:00,292.13124772,5.845579919872749,120,4.0
2026_01_05,Intp20Stage12XtzCoreRocFilterStrategy,SOL/USDT:USDT,SOL,short,s9_02_sol_panic_s_mc_h24_l4,2026-02-06 13:26:00+00:00,2026-02-06 15:26:00+00:00,-312.232795,-6.250046056595068,120,4.0
2026_01_05,Intp20Stage12XtzCoreRocFilterStrategy,SOL/USDT:USDT,SOL,short,s9_02_sol_panic_s_mc_h24_l4,2026-02-06 16:26:00+00:00,2026-02-06 18:26:00+00:00,-17.6536025,-0.3533587102395372,120,4.0
2026_01_05,Intp20Stage12XtzCoreRocFilterStrategy,XRP/USDT:USDT,XRP,long,s10_03_xrp_maoff_l_ma_h18m_l5,2026-02-07 02:09:00+00:00,2026-02-07 02:27:00+00:00,154.82757625,3.095008356000204,18,5.0
2026_01_05,Intp20Stage12XtzCoreRocFilterStrategy,LTC/USDT:USDT,LTC,short,s9_16_ltc_vwap_s_lc_h18_l5,2026-02-07 03:31:00+00:00,2026-02-07 05:01:00+00:00,70.78081082,1.416326325188196,90,5.0
2026_01_05,Intp20Stage12XtzCoreRocFilterStrategy,XTZ/USDT:USDT,XTZ,short,s9_08_xtz_rsi_s_lc_h24_l4,2026-02-07 04:16:00+00:00,2026-02-07 06:16:00+00:00,121.2469982,2.426154253597387,120,4.0
2026_01_05,Intp20Stage12XtzCoreRocFilterStrategy,COMP/USDT:USDT,COMP,long,s9_05_comp_rsi_l_mx_h24_l4,2026-02-07 07:11:00+00:00,2026-02-07 09:11:00+00:00,-112.8687392,-2.2562470216691883,120,4.0
2026_01_05,Intp20Stage12XtzCoreRocFilterStrategy,AAVE/USDT:USDT,AAVE,long,s9_01_aave_panic_l_mc_h24_l4,2026-02-07 07:21:00+00:00,2026-02-07 09:21:00+00:00,151.00096275,3.0186617632201465,120,4.0
2026_01_05,Intp20Stage12XtzCoreRocFilterStrategy,SOL/USDT:USDT,SOL,short,s9_02_sol_panic_s_mc_h24_l4,2026-02-08 08:31:00+00:00,2026-02-08 10:31:00+00:00,265.2677545,5.308060051923772,120,4.0
2026_01_05,Intp20Stage12XtzCoreRocFilterStrategy,LTC/USDT:USDT,LTC,short,s9_16_ltc_vwap_s_lc_h18_l5,2026-02-08 18:41:00+00:00,2026-02-08 20:11:00+00:00,6.97360267,0.13954201341949266,90,5.0
2026_01_05,Intp20Stage12XtzCoreRocFilterStrategy,XTZ/USDT:USDT,XTZ,short,s9_08_xtz_rsi_s_lc_h24_l4,2026-02-08 18:41:00+00:00,2026-02-08 20:41:00+00:00,-19.9999674,-0.400200100050025,120,4.0
2026_01_05,Intp20Stage12XtzCoreRocFilterStrategy,SOL/USDT:USDT,SOL,short,s9_02_sol_panic_s_mc_h24_l4,2026-02-09 16:51:00+00:00,2026-02-09 18:51:00+00:00,-337.99036,-6.766084678639657,120,4.0
2026_01_05,Intp20Stage12XtzCoreRocFilterStrategy,SUI/USDT:USDT,SUI,long,s9_25_sui_vwap_l_lc_h18_l5,2026-02-09 21:41:00+00:00,2026-02-09 23:11:00+00:00,371.99877098,7.436283948545222,90,5.0
2026_01_05,Intp20Stage12XtzCoreRocFilterStrategy,AAVE/USDT:USDT,AAVE,long,s9_01_aave_panic_l_mc_h24_l4,2026-02-10 14:46:00+00:00,2026-02-10 16:46:00+00:00,298.83626325,5.974055199949353,120,4.0
2026_01_05,Intp20Stage12XtzCoreRocFilterStrategy,XTZ/USDT:USDT,XTZ,short,s9_08_xtz_rsi_s_lc_h24_l4,2026-02-11 09:31:00+00:00,2026-02-11 11:31:00+00:00,82.352788,1.6478827649118677,120,4.0
2026_01_05,Intp20Stage12XtzCoreRocFilterStrategy,XTZ/USDT:USDT,XTZ,long,s11_05_xtz_vstretch_l_mchop_h8m_l5,2026-02-14 10:03:00+00:00,2026-02-14 10:11:00+00:00,96.2985252,1.925008369601607,8,5.0
2026_01_05,Intp20Stage12XtzCoreRocFilterStrategy,XLM/USDT:USDT,XLM,long,s9_04_xlm_panic_l_mc_h12_l4,2026-02-15 13:01:00+00:00,2026-02-15 14:01:00+00:00,-95.52977989,-1.9096537878825512,60,4.0
2026_01_05,Intp20Stage12XtzCoreRocFilterStrategy,AAVE/USDT:USDT,AAVE,long,s9_01_aave_panic_l_mc_h24_l4,2026-02-15 13:01:00+00:00,2026-02-15 15:01:00+00:00,-72.18252145,-1.4429775856474893,120,4.0
2026_01_05,Intp20Stage12XtzCoreRocFilterStrategy,OP/USDT:USDT,OP,long,s10_01_op_maoff_l_mc_h12m_l5,2026-02-15 18:34:00+00:00,2026-02-15 18:46:00+00:00,-11.58028725,-0.23149005518722918,12,5.0
2026_01_05,Intp20Stage12XtzCoreRocFilterStrategy,SUI/USDT:USDT,SUI,long,s9_25_sui_vwap_l_lc_h18_l5,2026-02-17 02:11:00+00:00,2026-02-17 03:41:00+00:00,-201.46497063,-4.0272942624732835,90,5.0
2026_01_05,Intp20Stage12XtzCoreRocFilterStrategy,AAVE/USDT:USDT,AAVE,long,s9_01_aave_panic_l_mc_h24_l4,2026-02-17 14:56:00+00:00,2026-02-17 16:56:00+00:00,524.5777125,10.486488001505359,120,4.0
2026_01_05,Intp20Stage12XtzCoreRocFilterStrategy,DOGE/USDT:USDT,DOGE,short,s11_04_doge_vstretch_s_mchop_h12m_l5,2026-02-17 21:15:00+00:00,2026-02-17 21:27:00+00:00,128.05663058,2.5624241256040574,12,5.0
2026_01_05,Intp20Stage12XtzCoreRocFilterStrategy,SUI/USDT:USDT,SUI,long,s9_25_sui_vwap_l_lc_h18_l5,2026-02-18 06:26:00+00:00,2026-02-18 07:56:00+00:00,204.76406462,4.093236985285423,90,5.0
2026_01_05,Intp20Stage12XtzCoreRocFilterStrategy,OP/USDT:USDT,OP,long,s10_01_op_maoff_l_mc_h12m_l5,2026-02-18 12:36:00+00:00,2026-02-18 12:48:00+00:00,109.92170556,2.197335457541208,12,5.0
2026_01_05,Intp20Stage12XtzCoreRocFilterStrategy,SUI/USDT:USDT,SUI,long,s9_25_sui_vwap_l_lc_h18_l5,2026-02-19 07:51:00+00:00,2026-02-19 09:21:00+00:00,-549.3609993,-10.981768216534132,90,5.0
2026_01_05,Intp20Stage12XtzCoreRocFilterStrategy,AAVE/USDT:USDT,AAVE,long,s9_01_aave_panic_l_mc_h24_l4,2026-02-20 14:06:00+00:00,2026-02-20 16:06:00+00:00,306.9032418,6.135235016335867,120,4.0
2026_01_05,Intp20Stage12XtzCoreRocFilterStrategy,SUI/USDT:USDT,SUI,long,s9_25_sui_vwap_l_lc_h18_l5,2026-02-21 15:46:00+00:00,2026-02-21 17:16:00+00:00,-332.2008333,-6.640720065056032,90,5.0
2026_01_05,Intp20Stage12XtzCoreRocFilterStrategy,COMP/USDT:USDT,COMP,long,s9_05_comp_rsi_l_mx_h24_l4,2026-02-23 01:11:00+00:00,2026-02-23 03:11:00+00:00,26.78759475,0.5354841596170902,120,4.0
2026_01_05,Intp20Stage12XtzCoreRocFilterStrategy,SOL/USDT:USDT,SOL,short,s9_02_sol_panic_s_mc_h24_l4,2026-02-23 09:51:00+00:00,2026-02-23 11:51:00+00:00,14.95004,0.2991888957579226,120,4.0
2026_01_05,Intp20Stage12XtzCoreRocFilterStrategy,OP/USDT:USDT,OP,long,s10_01_op_maoff_l_mc_h12m_l5,2026-02-24 00:06:00+00:00,2026-02-24 00:18:00+00:00,120.27610718,2.404321095366271,12,5.0
2026_01_05,Intp20Stage12XtzCoreRocFilterStrategy,XRP/USDT:USDT,XRP,short,s9_10_xrp_rsi_s_mx_h24_l4,2026-02-25 01:26:00+00:00,2026-02-25 03:26:00+00:00,243.83859675,4.879231892046607,120,4.0
2026_01_05,Intp20Stage12XtzCoreRocFilterStrategy,XLM/USDT:USDT,XLM,long,s10_06_xlm_maoff_l_ma_h12m_l5,2026-02-25 17:00:00+00:00,2026-02-25 17:12:00+00:00,179.55197028,3.5892616340739156,12,5.0
2026_01_05,Intp20Stage12XtzCoreRocFilterStrategy,XRP/USDT:USDT,XRP,short,s9_10_xrp_rsi_s_mx_h24_l4,2026-02-25 17:21:00+00:00,2026-02-25 19:21:00+00:00,-67.97881103,-1.3602608662007238,120,4.0
2026_01_05,Intp20Stage12XtzCoreRocFilterStrategy,SOL/USDT:USDT,SOL,short,s9_02_sol_panic_s_mc_h24_l4,2026-02-25 21:41:00+00:00,2026-02-25 23:41:00+00:00,701.071462,14.0306238206726,120,4.0
2026_01_05,Intp20Stage12XtzCoreRocFilterStrategy,ETC/USDT:USDT,ETC,long,s10_02_etc_maoff_l_mchop_h18m_l5,2026-02-26 00:41:00+00:00,2026-02-26 00:59:00+00:00,93.02073198,1.8594887529873025,18,5.0
2026_01_05,Intp20Stage12XtzCoreRocFilterStrategy,ETC/USDT:USDT,ETC,long,s11_03_etc_vstretch_l_mchop_h12m_l5,2026-02-26 10:52:00+00:00,2026-02-26 11:04:00+00:00,14.15654911,0.28299036065132877,12,5.0
2026_01_05,Intp20Stage12XtzCoreRocFilterStrategy,AAVE/USDT:USDT,AAVE,long,s9_01_aave_panic_l_mc_h24_l4,2026-02-27 13:41:00+00:00,2026-02-27 15:41:00+00:00,-187.0907918,-3.7399497900157455,120,4.0
2026_01_05,Intp20Stage12XtzCoreRocFilterStrategy,XLM/USDT:USDT,XLM,long,s9_04_xlm_panic_l_mc_h12_l4,2026-02-28 07:01:00+00:00,2026-02-28 08:01:00+00:00,26.49746918,0.5296879705292565,60,4.0
2026_01_05,Intp20Stage12XtzCoreRocFilterStrategy,COMP/USDT:USDT,COMP,long,s9_05_comp_rsi_l_mx_h24_l4,2026-02-28 06:41:00+00:00,2026-02-28 08:41:00+00:00,-247.1589525,-4.940711462450593,120,4.0
2026_01_05,Intp20Stage12XtzCoreRocFilterStrategy,XRP/USDT:USDT,XRP,short,s9_10_xrp_rsi_s_mx_h24_l4,2026-02-28 20:26:00+00:00,2026-02-28 22:26:00+00:00,-75.38865189,-1.5085339872733572,120,4.0
2026_01_05,Intp20Stage12XtzCoreRocFilterStrategy,ETC/USDT:USDT,ETC,long,s11_03_etc_vstretch_l_mchop_h12m_l5,2026-03-01 08:49:00+00:00,2026-03-01 09:01:00+00:00,-220.30435096,-4.40389000901848,12,5.0
2026_01_05,Intp20Stage12XtzCoreRocFilterStrategy,XTZ/USDT:USDT,XTZ,short,s9_08_xtz_rsi_s_lc_h24_l4,2026-03-02 09:26:00+00:00,2026-03-02 11:26:00+00:00,140.93833005,2.820176844454399,120,4.0
2026_01_05,Intp20Stage12XtzCoreRocFilterStrategy,XRP/USDT:USDT,XRP,short,s9_10_xrp_rsi_s_mx_h24_l4,2026-03-02 15:16:00+00:00,2026-03-02 17:16:00+00:00,-98.6386743,-1.97376287286194,120,4.0
2026_01_05,Intp20Stage12XtzCoreRocFilterStrategy,SOL/USDT:USDT,SOL,long,s11_02_sol_vstretch_l_mchop_h12m_l5,2026-03-02 17:45:00+00:00,2026-03-02 17:57:00+00:00,199.996914,3.998174083126989,12,5.0
2026_01_05,Intp20Stage12XtzCoreRocFilterStrategy,SOL/USDT:USDT,SOL,long,s11_02_sol_vstretch_l_mchop_h12m_l5,2026-03-03 17:13:00+00:00,2026-03-03 17:25:00+00:00,161.640258,3.2313994769274115,12,5.0
2026_01_05,Intp20Stage12XtzCoreRocFilterStrategy,OP/USDT:USDT,OP,long,s10_01_op_maoff_l_mc_h12m_l5,2026-03-04 03:33:00+00:00,2026-03-04 03:45:00+00:00,-104.07436176,-2.0804471182130455,12,5.0
2026_01_05,Intp20Stage12XtzCoreRocFilterStrategy,AAVE/USDT:USDT,AAVE,long,s9_01_aave_panic_l_mc_h24_l4,2026-03-05 15:21:00+00:00,2026-03-05 17:21:00+00:00,-329.1379488,-6.5795366158342565,120,4.0
2026_01_05,Intp20Stage12XtzCoreRocFilterStrategy,XTZ/USDT:USDT,XTZ,short,s9_08_xtz_rsi_s_lc_h24_l4,2026-03-07 21:31:00+00:00,2026-03-07 23:31:00+00:00,199.2875965,3.9877472983066875,120,4.0
2026_01_05,Intp20Stage12XtzCoreRocFilterStrategy,LTC/USDT:USDT,LTC,short,s9_16_ltc_vwap_s_lc_h18_l5,2026-03-08 02:31:00+00:00,2026-03-08 04:01:00+00:00,59.35906944,1.1877776999798382,90,5.0
2026_01_05,Intp20Stage12XtzCoreRocFilterStrategy,SUI/USDT:USDT,SUI,long,s9_25_sui_vwap_l_lc_h18_l5,2026-03-08 12:21:00+00:00,2026-03-08 13:51:00+00:00,-194.86889753,-3.895438884914759,90,5.0
2026_01_05,Intp20Stage12XtzCoreRocFilterStrategy,DOGE/USDT:USDT,DOGE,long,s10_04_doge_maoff_l_ma_h12m_l5,2026-03-09 19:52:00+00:00,2026-03-09 20:04:00+00:00,5.15826791,0.10311390268093945,12,5.0
2026_01_05,Intp20Stage12XtzCoreRocFilterStrategy,APT/USDT:USDT,APT,long,s11_07_apt_vstretch_l_ma_h12m_l5,2026-03-10 08:28:00+00:00,2026-03-10 08:40:00+00:00,104.4017856,2.0869937894853714,12,5.0
2026_01_05,Intp20Stage12XtzCoreRocFilterStrategy,LTC/USDT:USDT,LTC,short,s9_16_ltc_vwap_s_lc_h18_l5,2026-03-10 07:16:00+00:00,2026-03-10 08:46:00+00:00,-112.95785812,-2.2602917226630526,90,5.0
2026_01_05,Intp20Stage12XtzCoreRocFilterStrategy,XTZ/USDT:USDT,XTZ,short,s9_08_xtz_rsi_s_lc_h24_l4,2026-03-10 08:46:00+00:00,2026-03-10 10:46:00+00:00,196.324128,3.928450711842408,120,4.0
2026_01_05,Intp20Stage12XtzCoreRocFilterStrategy,SUI/USDT:USDT,SUI,long,s9_25_sui_vwap_l_lc_h18_l5,2026-03-11 12:16:00+00:00,2026-03-11 13:46:00+00:00,433.4614482,8.664911620416065,90,5.0
2026_01_05,Intp20Stage12XtzCoreRocFilterStrategy,XTZ/USDT:USDT,XTZ,long,s11_05_xtz_vstretch_l_mchop_h8m_l5,2026-03-12 11:52:00+00:00,2026-03-12 12:00:00+00:00,113.0523659,2.2599197638749686,8,5.0
2026_01_05,Intp20Stage12XtzCoreRocFilterStrategy,SUI/USDT:USDT,SUI,long,s9_25_sui_vwap_l_lc_h18_l5,2026-03-12 12:11:00+00:00,2026-03-12 13:41:00+00:00,105.09000271,2.100751380128637,90,5.0
2026_01_05,Intp20Stage12XtzCoreRocFilterStrategy,APT/USDT:USDT,APT,long,s11_06_apt_vstretch_l_mchop_h12m_l5,2026-03-13 00:03:00+00:00,2026-03-13 00:15:00+00:00,117.8796928,2.356420206435159,12,5.0
2026_01_05,Intp20Stage12XtzCoreRocFilterStrategy,XRP/USDT:USDT,XRP,short,s9_10_xrp_rsi_s_mx_h24_l4,2026-03-13 00:36:00+00:00,2026-03-13 02:36:00+00:00,185.80818932,3.7180407745260444,120,4.0
2026_01_05,Intp20Stage12XtzCoreRocFilterStrategy,SOL/USDT:USDT,SOL,short,s9_02_sol_panic_s_mc_h24_l4,2026-03-13 08:41:00+00:00,2026-03-13 10:41:00+00:00,-158.94368,-3.1813800693759378,120,4.0
2026_01_05,Intp20Stage12XtzCoreRocFilterStrategy,SUI/USDT:USDT,SUI,long,s9_25_sui_vwap_l_lc_h18_l5,2026-03-14 05:11:00+00:00,2026-03-14 06:41:00+00:00,-328.86772212,-6.574074771659396,90,5.0
2026_01_05,Intp20Stage12XtzCoreRocFilterStrategy,APT/USDT:USDT,APT,long,s11_06_apt_vstretch_l_mchop_h12m_l5,2026-03-15 09:50:00+00:00,2026-03-15 10:02:00+00:00,-24.9999264,-0.4997501249375312,12,5.0
2026_01_05,Intp20Stage12XtzCoreRocFilterStrategy,XLM/USDT:USDT,XLM,long,s9_04_xlm_panic_l_mc_h12_l4,2026-03-15 13:21:00+00:00,2026-03-15 14:21:00+00:00,85.31073212,1.7053733669563684,60,4.0
2026_01_05,Intp20Stage12XtzCoreRocFilterStrategy,SOL/USDT:USDT,SOL,short,s9_02_sol_panic_s_mc_h24_l4,2026-03-15 22:56:00+00:00,2026-03-16 00:56:00+00:00,68.7304065,1.3755065742714516,120,4.0
2026_01_05,Intp20Stage12XtzCoreRocFilterStrategy,SOL/USDT:USDT,SOL,short,s9_02_sol_panic_s_mc_h24_l4,2026-03-16 04:56:00+00:00,2026-03-16 06:56:00+00:00,-22.1297035,-0.4430007628079139,120,4.0
2026_01_05,Intp20Stage12XtzCoreRocFilterStrategy,OP/USDT:USDT,OP,long,s10_01_op_maoff_l_mc_h12m_l5,2026-03-17 03:12:00+00:00,2026-03-17 03:24:00+00:00,-80.32285863,-1.605654737207042,12,5.0
2026_01_05,Intp20Stage12XtzCoreRocFilterStrategy,AAVE/USDT:USDT,AAVE,long,s9_01_aave_panic_l_mc_h24_l4,2026-03-20 14:26:00+00:00,2026-03-20 16:26:00+00:00,-18.1847025,-0.36351239563654425,120,4.0
2026_01_05,Intp20Stage12XtzCoreRocFilterStrategy,SUI/USDT:USDT,SUI,long,s9_25_sui_vwap_l_lc_h18_l5,2026-03-21 07:21:00+00:00,2026-03-21 08:51:00+00:00,-102.51234624,-2.0492287203518496,90,5.0
2026_01_05,Intp20Stage12XtzCoreRocFilterStrategy,XTZ/USDT:USDT,XTZ,short,s9_08_xtz_rsi_s_lc_h24_l4,2026-03-21 14:16:00+00:00,2026-03-21 16:16:00+00:00,130.8289992,2.617891860503116,120,4.0
2026_01_05,Intp20Stage12XtzCoreRocFilterStrategy,XRP/USDT:USDT,XRP,short,s9_10_xrp_rsi_s_mx_h24_l4,2026-03-23 11:16:00+00:00,2026-03-23 13:16:00+00:00,58.38822297,1.168349127344365,120,4.0
2026_01_05,Intp20Stage12XtzCoreRocFilterStrategy,XRP/USDT:USDT,XRP,short,s9_10_xrp_rsi_s_mx_h24_l4,2026-03-23 14:11:00+00:00,2026-03-23 16:11:00+00:00,101.64081312,2.0338436695551425,120,4.0
2026_01_05,Intp20Stage12XtzCoreRocFilterStrategy,XLM/USDT:USDT,XLM,long,s9_04_xlm_panic_l_mc_h12_l4,2026-03-27 11:06:00+00:00,2026-03-27 12:06:00+00:00,17.9541658,0.3589044447753576,60,4.0
2026_01_05,Intp20Stage12XtzCoreRocFilterStrategy,AAVE/USDT:USDT,AAVE,long,s9_01_aave_panic_l_mc_h24_l4,2026-03-27 11:06:00+00:00,2026-03-27 13:06:00+00:00,-51.500421,-1.0295256193433866,120,4.0
2026_01_05,Intp20Stage12XtzCoreRocFilterStrategy,SUI/USDT:USDT,SUI,long,s9_25_sui_vwap_l_lc_h18_l5,2026-03-28 12:11:00+00:00,2026-03-28 13:41:00+00:00,357.50402753,7.146528787992895,90,5.0
2026_01_05,Intp20Stage12XtzCoreRocFilterStrategy,SOL/USDT:USDT,SOL,short,s9_02_sol_panic_s_mc_h24_l4,2026-03-30 07:56:00+00:00,2026-03-30 09:56:00+00:00,-41.4377335,-0.8292513919776889,120,4.0
2026_01_05,Intp20Stage12XtzCoreRocFilterStrategy,XRP/USDT:USDT,XRP,long,s10_08_xrp_maoff_l_ma_h12m_l5,2026-03-31 06:05:00+00:00,2026-03-31 06:17:00+00:00,18.62468222,0.37230891168332686,12,5.0
2026_01_05,Intp20Stage12XtzCoreRocFilterStrategy,AAVE/USDT:USDT,AAVE,long,s9_01_aave_panic_l_mc_h24_l4,2026-03-31 10:01:00+00:00,2026-03-31 12:01:00+00:00,180.5684752,3.6095664542310786,120,4.0
2026_01_05,Intp20Stage12XtzCoreRocFilterStrategy,APT/USDT:USDT,APT,long,s11_01_apt_vstretch_l_ma_h12m_l5,2026-03-31 15:40:00+00:00,2026-03-31 15:52:00+00:00,333.23330505,6.6613384442083365,12,5.0
2026_01_05,Intp20Stage12XtzCoreRocFilterStrategy,SUI/USDT:USDT,SUI,long,s9_25_sui_vwap_l_lc_h18_l5,2026-04-01 01:41:00+00:00,2026-04-01 03:11:00+00:00,66.1640139,1.3226199578354705,90,5.0
2026_01_05,Intp20Stage12XtzCoreRocFilterStrategy,SUI/USDT:USDT,SUI,long,s9_25_sui_vwap_l_lc_h18_l5,2026-04-06 14:01:00+00:00,2026-04-06 15:31:00+00:00,-91.4337219,-1.8277667414215788,90,5.0
2026_01_05,Intp20Stage12XtzCoreRocFilterStrategy,XRP/USDT:USDT,XRP,short,s9_10_xrp_rsi_s_mx_h24_l4,2026-04-07 23:31:00+00:00,2026-04-08 01:31:00+00:00,349.83565675,7.000220714356424,120,4.0
2026_01_05,Intp20Stage12XtzCoreRocFilterStrategy,SOL/USDT:USDT,SOL,short,s9_02_sol_panic_s_mc_h24_l4,2026-04-09 16:06:00+00:00,2026-04-09 18:06:00+00:00,-136.8187535,-2.738651805044358,120,4.0
2026_01_05,Intp20Stage12XtzCoreRocFilterStrategy,SOL/USDT:USDT,SOL,short,s9_02_sol_panic_s_mc_h24_l4,2026-04-11 19:36:00+00:00,2026-04-11 21:36:00+00:00,158.9686975,3.1822790316840965,120,4.0
2026_01_05,Intp20Stage12XtzCoreRocFilterStrategy,SOL/USDT:USDT,SOL,short,s9_02_sol_panic_s_mc_h24_l4,2026-04-13 16:36:00+00:00,2026-04-13 18:36:00+00:00,87.9255555,1.7599736206671852,120,4.0
2026_01_05,Intp20Stage12XtzCoreRocFilterStrategy,AAVE/USDT:USDT,AAVE,long,s9_01_aave_panic_l_mc_h24_l4,2026-04-16 14:06:00+00:00,2026-04-16 16:06:00+00:00,1120.9967301,22.409305707852138,120,4.0
2026_01_05,Intp20Stage12XtzCoreRocFilterStrategy,SUI/USDT:USDT,SUI,long,s9_25_sui_vwap_l_lc_h18_l5,2026-04-17 10:36:00+00:00,2026-04-17 12:06:00+00:00,227.3987625,4.545706944507544,90,5.0
2026_01_05,Intp20Stage12XtzCoreRocFilterStrategy,SUI/USDT:USDT,SUI,long,s9_25_sui_vwap_l_lc_h18_l5,2026-04-17 17:31:00+00:00,2026-04-17 19:01:00+00:00,-184.46857497,-3.687527860908181,90,5.0
2026_01_05,Intp20Stage12XtzCoreRocFilterStrategy,XTZ/USDT:USDT,XTZ,short,s9_08_xtz_rsi_s_lc_h24_l4,2026-04-18 06:06:00+00:00,2026-04-18 08:06:00+00:00,-180.07988745,-3.6034017008504255,120,4.0
2026_01_05,Intp20Stage12XtzCoreRocFilterStrategy,AAVE/USDT:USDT,AAVE,long,s9_01_aave_panic_l_mc_h24_l4,2026-04-18 08:46:00+00:00,2026-04-18 10:46:00+00:00,-258.7216158,-5.172095480921959,120,4.0
2026_01_05,Intp20Stage12XtzCoreRocFilterStrategy,AAVE/USDT:USDT,AAVE,long,s9_01_aave_panic_l_mc_h24_l4,2026-04-19 22:26:00+00:00,2026-04-20 00:26:00+00:00,422.41832345,8.44428925858383,120,4.0
2026_01_05,Intp20Stage12XtzCoreRocFilterStrategy,SUI/USDT:USDT,SUI,long,s9_25_sui_vwap_l_lc_h18_l5,2026-04-20 09:11:00+00:00,2026-04-20 10:41:00+00:00,9.53510862,0.19060743911048914,90,5.0
2026_01_05,Intp20Stage12XtzCoreRocFilterStrategy,SUI/USDT:USDT,SUI,long,s9_25_sui_vwap_l_lc_h18_l5,2026-04-20 11:26:00+00:00,2026-04-20 12:56:00+00:00,28.04632116,0.560647390984478,90,5.0
2026_01_05,Intp20Stage12XtzCoreRocFilterStrategy,SUI/USDT:USDT,SUI,long,s9_25_sui_vwap_l_lc_h18_l5,2026-04-23 14:06:00+00:00,2026-04-23 15:36:00+00:00,275.60483327,5.509355404173852,90,5.0
2026_01_05,Intp20Stage12XtzCoreRocFilterStrategy,XTZ/USDT:USDT,XTZ,long,s11_05_xtz_vstretch_l_mchop_h8m_l5,2026-04-23 19:01:00+00:00,2026-04-23 19:09:00+00:00,279.38019427,5.584813825281977,8,5.0
2026_01_05,Intp20Stage12XtzCoreRocFilterStrategy,XTZ/USDT:USDT,XTZ,short,s9_08_xtz_rsi_s_lc_h24_l4,2026-04-24 20:01:00+00:00,2026-04-24 22:01:00+00:00,97.73729344,1.9557251211858937,120,4.0
2026_01_05,Intp20Stage12XtzCoreRocFilterStrategy,SOL/USDT:USDT,SOL,short,s9_02_sol_panic_s_mc_h24_l4,2026-04-26 18:21:00+00:00,2026-04-26 20:21:00+00:00,-13.076352,-0.261765087914477,120,4.0
2026_01_05,Intp20Stage12XtzCoreRocFilterStrategy,SOL/USDT:USDT,SOL,short,s9_02_sol_panic_s_mc_h24_l4,2026-04-30 09:36:00+00:00,2026-04-30 11:36:00+00:00,39.983053,0.8001842388996393,120,4.0
2026_01_05,Intp20Stage12XtzCoreRocFilterStrategy,SUI/USDT:USDT,SUI,long,s9_25_sui_vwap_l_lc_h18_l5,2026-05-01 06:56:00+00:00,2026-05-01 08:26:00+00:00,32.39852893,0.6476470800821642,90,5.0
2026_01_05,Intp20Stage12XtzCoreRocFilterStrategy,APT/USDT:USDT,APT,long,s11_01_apt_vstretch_l_ma_h12m_l5,2026-05-02 02:44:00+00:00,2026-05-02 02:56:00+00:00,-67.31351354,-1.3456017284713555,12,5.0
2026_01_05,Intp20Stage12XtzCoreRocFilterStrategy,SOL/USDT:USDT,SOL,short,s9_02_sol_panic_s_mc_h24_l4,2026-05-06 09:01:00+00:00,2026-05-06 11:01:00+00:00,-112.2487145,-2.2468151961244964,120,4.0
2026_01_05,Intp20Stage12XtzCoreRocFilterStrategy,SOL/USDT:USDT,SOL,short,s9_02_sol_panic_s_mc_h24_l4,2026-05-06 11:26:00+00:00,2026-05-06 13:26:00+00:00,285.122775,5.707675126952185,120,4.0
2026_01_05,Intp20Stage12XtzCoreRocFilterStrategy,APT/USDT:USDT,APT,long,s11_06_apt_vstretch_l_mchop_h12m_l5,2026-05-07 08:09:00+00:00,2026-05-07 08:21:00+00:00,-51.83415387,-1.0361655059393762,12,5.0
2026_01_05,Intp20Stage12XtzCoreRocFilterStrategy,LTC/USDT:USDT,LTC,short,s9_16_ltc_vwap_s_lc_h18_l5,2026-05-07 23:31:00+00:00,2026-05-08 01:01:00+00:00,-113.74393206,-2.276018264587323,90,5.0
2026_01_05,Intp20Stage12XtzCoreRocFilterStrategy,OP/USDT:USDT,OP,long,s10_01_op_maoff_l_mc_h12m_l5,2026-05-08 03:06:00+00:00,2026-05-08 03:18:00+00:00,278.90199579,5.575252914083499,12,5.0
2026_01_05,Intp20Stage12XtzCoreRocFilterStrategy,SUI/USDT:USDT,SUI,long,s9_25_sui_vwap_l_lc_h18_l5,2026-05-08 13:46:00+00:00,2026-05-08 15:16:00+00:00,802.535193,16.04270662772015,90,5.0
2026_01_05,Intp20Stage12XtzCoreRocFilterStrategy,ETH/USDT:USDT,ETH,long,s9_15_eth_micro_l_mc_h18_l5,2026-05-08 17:06:00+00:00,2026-05-08 18:36:00+00:00,217.37513916,4.345480805509726,90,5.0
2026_01_05,Intp20Stage12XtzCoreRocFilterStrategy,SOL/USDT:USDT,SOL,short,s9_02_sol_panic_s_mc_h24_l4,2026-05-08 17:41:00+00:00,2026-05-08 19:41:00+00:00,-194.560467,-3.8944747818438508,120,4.0
2026_01_05,Intp20Stage12XtzCoreRocFilterStrategy,APT/USDT:USDT,APT,long,s11_07_apt_vstretch_l_ma_h12m_l5,2026-05-08 22:32:00+00:00,2026-05-08 22:44:00+00:00,21.6723174,0.43323086299952407,12,5.0
2026_01_05,Intp20Stage12XtzCoreRocFilterStrategy,OP/USDT:USDT,OP,long,s10_01_op_maoff_l_mc_h12m_l5,2026-05-11 03:16:00+00:00,2026-05-11 03:28:00+00:00,-56.2930426,-1.1252983401849481,12,5.0
2026_01_05,Intp20Stage12XtzCoreRocFilterStrategy,SOL/USDT:USDT,SOL,short,s9_02_sol_panic_s_mc_h24_l4,2026-05-11 16:16:00+00:00,2026-05-11 18:16:00+00:00,41.415132,0.8289010974329896,120,4.0
2026_01_05,Intp20Stage12XtzCoreRocFilterStrategy,SUI/USDT:USDT,SUI,long,s9_25_sui_vwap_l_lc_h18_l5,2026-05-14 16:26:00+00:00,2026-05-14 17:56:00+00:00,-179.19254235,-3.582070245214352,90,5.0
2026_01_05,Intp20Stage12XtzCoreRocFilterStrategy,XLM/USDT:USDT,XLM,long,s9_04_xlm_panic_l_mc_h12_l4,2026-05-15 14:06:00+00:00,2026-05-15 15:06:00+00:00,30.581188,0.6113208885727772,60,4.0
2026_01_05,Intp20Stage12XtzCoreRocFilterStrategy,LTC/USDT:USDT,LTC,short,s9_16_ltc_vwap_s_lc_h18_l5,2026-05-18 17:01:00+00:00,2026-05-18 18:31:00+00:00,-43.68343521,-0.8741065210476388,90,5.0
2026_01_05,Intp20Stage12XtzCoreRocFilterStrategy,OP/USDT:USDT,OP,long,s10_01_op_maoff_l_mc_h12m_l5,2026-05-19 09:29:00+00:00,2026-05-19 09:41:00+00:00,52.96411848,1.0587529947974532,12,5.0
2026_01_05,Intp20Stage12XtzCoreRocFilterStrategy,LTC/USDT:USDT,LTC,short,s9_16_ltc_vwap_s_lc_h18_l5,2026-05-19 14:01:00+00:00,2026-05-19 15:31:00+00:00,113.65011408,2.274141505342471,90,5.0
2026_01_05,Intp20Stage12XtzCoreRocFilterStrategy,XTZ/USDT:USDT,XTZ,short,s9_08_xtz_rsi_s_lc_h24_l4,2026-05-19 16:56:00+00:00,2026-05-19 18:56:00+00:00,265.85710032,5.319802758522118,120,4.0
2026_01_05,Intp20Stage12XtzCoreRocFilterStrategy,LTC/USDT:USDT,LTC,short,s9_16_ltc_vwap_s_lc_h18_l5,2026-05-21 14:41:00+00:00,2026-05-21 16:11:00+00:00,-136.72517265,-2.735873799546339,90,5.0
2026_01_05,Intp20Stage12XtzCoreRocFilterStrategy,ETH/USDT:USDT,ETH,long,s9_15_eth_micro_l_mc_h18_l5,2026-05-21 15:16:00+00:00,2026-05-21 16:46:00+00:00,-86.1338559,-1.72188242660565,90,5.0
2026_01_05,Intp20Stage12XtzCoreRocFilterStrategy,OP/USDT:USDT,OP,long,s10_01_op_maoff_l_mc_h12m_l5,2026-05-21 18:56:00+00:00,2026-05-21 19:08:00+00:00,108.92988411,2.1775100199751583,12,5.0
2026_01_05,Intp20Stage12XtzCoreRocFilterStrategy,SOL/USDT:USDT,SOL,short,s9_02_sol_panic_s_mc_h24_l4,2026-05-23 20:46:00+00:00,2026-05-23 22:46:00+00:00,137.36907,2.7496395120281103,120,4.0
2026_01_05,Intp20Stage12XtzCoreRocFilterStrategy,OP/USDT:USDT,OP,long,s10_01_op_maoff_l_mc_h12m_l5,2026-05-24 02:28:00+00:00,2026-05-24 02:40:00+00:00,-44.38515999,-0.8872600161293286,12,5.0
2026_01_05,Intp20Stage12XtzCoreRocFilterStrategy,AAVE/USDT:USDT,AAVE,long,s9_01_aave_panic_l_mc_h24_l4,2026-05-24 21:41:00+00:00,2026-05-24 23:41:00+00:00,293.2645184,5.8624848800816265,120,4.0
2026_01_05,Intp20Stage12XtzCoreRocFilterStrategy,XTZ/USDT:USDT,XTZ,short,s9_08_xtz_rsi_s_lc_h24_l4,2026-05-30 00:01:00+00:00,2026-05-30 02:01:00+00:00,-1071.7736172,-21.44620273342979,120,4.0
